ticker,event_ticker,market_type,event_date,weekday,strike_millions,side,direction,model_prob,market_prob,edge,yes_bid_cents,yes_ask_cents,yes_mid_cents,run_at,actual_volume,actual_millions,weekly_days_known,resolved,won,trade_shares,trade_buy_shares,trade_avg_cents,trade_cost_dollars,trade_realized_dollars,trade_model_prob,trade_edge,has_trade
KXTSAW-26JUN14-A1.80,KXTSAW-26JUN14,weekly,2026-06-14,Sunday,1.8,no,under,,0.05500000000000005,,90.0,99.0,94.5,2026-06-12 08:26:44-04:00,2612881.75,2.61288175,4,False,0,,,,,,,,False
KXTSAW-26JUN14-A1.80,KXTSAW-26JUN14,weekly,2026-06-14,Sunday,1.8,yes,over,,0.945,,90.0,99.0,94.5,2026-06-12 08:26:44-04:00,2612881.75,2.61288175,4,False,1,,,,,,,,False
KXTSAW-26JUN14-A1.85,KXTSAW-26JUN14,weekly,2026-06-14,Sunday,1.85,no,under,,0.05500000000000005,,90.0,99.0,94.5,2026-06-12 08:26:44-04:00,2612881.75,2.61288175,4,False,0,,,,,,,,False
KXTSAW-26JUN14-A1.85,KXTSAW-26JUN14,weekly,2026-06-14,Sunday,1.85,yes,over,,0.945,,90.0,99.0,94.5,2026-06-12 08:26:44-04:00,2612881.75,2.61288175,4,False,1,,,,,,,,False
KXTSAW-26JUN14-A1.90,KXTSAW-26JUN14,weekly,2026-06-14,Sunday,1.9,no,under,,0.05500000000000005,,90.0,99.0,94.5,2026-06-12 08:26:44-04:00,2612881.75,2.61288175,4,False,0,,,,,,,,False
KXTSAW-26JUN14-A1.90,KXTSAW-26JUN14,weekly,2026-06-14,Sunday,1.9,yes,over,,0.945,,90.0,99.0,94.5,2026-06-12 08:26:44-04:00,2612881.75,2.61288175,4,False,1,,,,,,,,False
KXTSAW-26JUN14-A1.95,KXTSAW-26JUN14,weekly,2026-06-14,Sunday,1.95,no,under,,0.05500000000000005,,90.0,99.0,94.5,2026-06-12 08:26:44-04:00,2612881.75,2.61288175,4,False,0,,,,,,,,False
KXTSAW-26JUN14-A1.95,KXTSAW-26JUN14,weekly,2026-06-14,Sunday,1.95,yes,over,,0.945,,90.0,99.0,94.5,2026-06-12 08:26:44-04:00,2612881.75,2.61288175,4,False,1,,,,,,,,False
KXTSAW-26JUN14-A2.00,KXTSAW-26JUN14,weekly,2026-06-14,Sunday,2.0,no,under,,0.05500000000000005,,90.0,99.0,94.5,2026-06-12 08:26:44-04:00,2612881.75,2.61288175,4,False,0,,,,,,,,False
KXTSAW-26JUN14-A2.00,KXTSAW-26JUN14,weekly,2026-06-14,Sunday,2.0,yes,over,,0.945,,90.0,99.0,94.5,2026-06-12 08:26:44-04:00,2612881.75,2.61288175,4,False,1,,,,,,,,False
KXTSAW-26JUN14-A2.05,KXTSAW-26JUN14,weekly,2026-06-14,Sunday,2.05,no,under,,0.05500000000000005,,90.0,99.0,94.5,2026-06-12 08:26:44-04:00,2612881.75,2.61288175,4,False,0,,,,,,,,False
KXTSAW-26JUN14-A2.05,KXTSAW-26JUN14,weekly,2026-06-14,Sunday,2.05,yes,over,,0.945,,90.0,99.0,94.5,2026-06-12 08:26:44-04:00,2612881.75,2.61288175,4,False,1,,,,,,,,False
KXTSAW-26JUN14-A2.10,KXTSAW-26JUN14,weekly,2026-06-14,Sunday,2.1,no,under,,0.05500000000000005,,90.0,99.0,94.5,2026-06-12 08:26:44-04:00,2612881.75,2.61288175,4,False,0,,,,,,,,False
KXTSAW-26JUN14-A2.10,KXTSAW-26JUN14,weekly,2026-06-14,Sunday,2.1,yes,over,,0.945,,90.0,99.0,94.5,2026-06-12 08:26:44-04:00,2612881.75,2.61288175,4,False,1,,,,,,,,False
KXTSAW-26JUN14-A2.15,KXTSAW-26JUN14,weekly,2026-06-14,Sunday,2.15,no,under,,0.05500000000000005,,90.0,99.0,94.5,2026-06-12 08:26:44-04:00,2612881.75,2.61288175,4,False,0,,,,,,,,False
KXTSAW-26JUN14-A2.15,KXTSAW-26JUN14,weekly,2026-06-14,Sunday,2.15,yes,over,,0.945,,90.0,99.0,94.5,2026-06-12 08:26:44-04:00,2612881.75,2.61288175,4,False,1,,,,,,,,False
KXTSAW-26JUN14-A2.20,KXTSAW-26JUN14,weekly,2026-06-14,Sunday,2.2,no,under,,0.05500000000000005,,90.0,99.0,94.5,2026-06-12 08:26:44-04:00,2612881.75,2.61288175,4,False,0,,,,,,,,False
KXTSAW-26JUN14-A2.20,KXTSAW-26JUN14,weekly,2026-06-14,Sunday,2.2,yes,over,,0.945,,90.0,99.0,94.5,2026-06-12 08:26:44-04:00,2612881.75,2.61288175,4,False,1,,,,,,,,False
KXTSAW-26JUN14-A2.25,KXTSAW-26JUN14,weekly,2026-06-14,Sunday,2.25,no,under,,0.05500000000000005,,90.0,99.0,94.5,2026-06-12 08:26:44-04:00,2612881.75,2.61288175,4,False,0,,,,,,,,False
KXTSAW-26JUN14-A2.25,KXTSAW-26JUN14,weekly,2026-06-14,Sunday,2.25,yes,over,,0.945,,90.0,99.0,94.5,2026-06-12 08:26:44-04:00,2612881.75,2.61288175,4,False,1,,,,,,,,False
KXTSAW-26JUN14-A2.30,KXTSAW-26JUN14,weekly,2026-06-14,Sunday,2.3,no,under,,0.05500000000000005,,90.0,99.0,94.5,2026-06-12 08:26:44-04:00,2612881.75,2.61288175,4,False,0,,,,,,,,False
KXTSAW-26JUN14-A2.30,KXTSAW-26JUN14,weekly,2026-06-14,Sunday,2.3,yes,over,,0.945,,90.0,99.0,94.5,2026-06-12 08:26:44-04:00,2612881.75,2.61288175,4,False,1,,,,,,,,False
KXTSAW-26JUN14-A2.35,KXTSAW-26JUN14,weekly,2026-06-14,Sunday,2.35,no,under,,0.05500000000000005,,90.0,99.0,94.5,2026-06-12 08:26:44-04:00,2612881.75,2.61288175,4,False,0,,,,,,,,False
KXTSAW-26JUN14-A2.35,KXTSAW-26JUN14,weekly,2026-06-14,Sunday,2.35,yes,over,,0.945,,90.0,99.0,94.5,2026-06-12 08:26:44-04:00,2612881.75,2.61288175,4,False,1,,,,,,,,False
KXTSAW-26JUN14-A2.40,KXTSAW-26JUN14,weekly,2026-06-14,Sunday,2.4,no,under,,0.05500000000000005,,90.0,99.0,94.5,2026-06-12 08:26:44-04:00,2612881.75,2.61288175,4,False,0,,,,,,,,False
KXTSAW-26JUN14-A2.40,KXTSAW-26JUN14,weekly,2026-06-14,Sunday,2.4,yes,over,,0.945,,90.0,99.0,94.5,2026-06-12 08:26:44-04:00,2612881.75,2.61288175,4,False,1,,,,,,,,False
KXTSAW-26JUN14-A2.45,KXTSAW-26JUN14,weekly,2026-06-14,Sunday,2.45,no,under,0.0,0.05500000000000005,-0.05500000000000005,90.0,99.0,94.5,2026-06-12 08:26:44-04:00,2612881.75,2.61288175,4,False,0,,,,,,,,False
KXTSAW-26JUN14-A2.45,KXTSAW-26JUN14,weekly,2026-06-14,Sunday,2.45,yes,over,1.0,0.945,0.05500000000000005,90.0,99.0,94.5,2026-06-12 08:26:44-04:00,2612881.75,2.61288175,4,False,1,,,,,,,,False
KXTSAW-26JUN14-A2.50,KXTSAW-26JUN14,weekly,2026-06-14,Sunday,2.5,no,under,0.0,0.05500000000000005,-0.05500000000000005,90.0,99.0,94.5,2026-06-12 08:26:44-04:00,2612881.75,2.61288175,4,False,0,,,,,,,,False
KXTSAW-26JUN14-A2.50,KXTSAW-26JUN14,weekly,2026-06-14,Sunday,2.5,yes,over,1.0,0.945,0.05500000000000005,90.0,99.0,94.5,2026-06-12 08:26:44-04:00,2612881.75,2.61288175,4,False,1,,,,,,,,False
KXTSAW-26JUN14-A2.55,KXTSAW-26JUN14,weekly,2026-06-14,Sunday,2.55,no,under,0.0,0.030000000000000027,-0.030000000000000027,95.0,99.0,97.0,2026-06-12 08:26:44-04:00,2612881.75,2.61288175,4,False,0,,,,,,,,False
KXTSAW-26JUN14-A2.55,KXTSAW-26JUN14,weekly,2026-06-14,Sunday,2.55,yes,over,1.0,0.97,0.030000000000000027,95.0,99.0,97.0,2026-06-12 08:26:44-04:00,2612881.75,2.61288175,4,False,1,,,,,,,,False
KXTSAW-26JUN14-A2.60,KXTSAW-26JUN14,weekly,2026-06-14,Sunday,2.6,no,under,2.3256487846623486e-09,0.03500000000000003,-0.034999997674351246,94.0,99.0,96.5,2026-06-12 08:26:44-04:00,2612881.75,2.61288175,4,False,0,,,,,,,,False
KXTSAW-26JUN14-A2.60,KXTSAW-26JUN14,weekly,2026-06-14,Sunday,2.6,yes,over,0.9999999976743512,0.965,0.034999997674351246,94.0,99.0,96.5,2026-06-12 08:26:44-04:00,2612881.75,2.61288175,4,False,1,21.0,21.0,85.0,17.85,,0.9999595996216842,0.14995959962168426,True
KXTSAW-26JUN14-A2.65,KXTSAW-26JUN14,weekly,2026-06-14,Sunday,2.65,no,under,0.01744432662437123,0.24,-0.22255567337562876,72.0,80.0,76.0,2026-06-12 08:26:44-04:00,2612881.75,2.61288175,4,False,1,,,,,,,,False
KXTSAW-26JUN14-A2.65,KXTSAW-26JUN14,weekly,2026-06-14,Sunday,2.65,yes,over,0.9825556733756288,0.76,0.22255567337562876,72.0,80.0,76.0,2026-06-12 08:26:44-04:00,2612881.75,2.61288175,4,False,0,102.0,102.0,46.509803921568626,47.44,,0.9272320115979673,0.46213397238228104,True
KXTSAW-26JUN14-A2.70,KXTSAW-26JUN14,weekly,2026-06-14,Sunday,2.7,no,under,0.94948633559797,0.935,0.014486335597969968,4.0,9.0,6.5,2026-06-12 08:26:44-04:00,2612881.75,2.61288175,4,False,1,,,,,,,,False
KXTSAW-26JUN14-A2.70,KXTSAW-26JUN14,weekly,2026-06-14,Sunday,2.7,yes,over,0.05051366440203,0.065,-0.014486335597970003,4.0,9.0,6.5,2026-06-12 08:26:44-04:00,2612881.75,2.61288175,4,False,0,,,,,,,,False
KXTSAW-26JUN14-A2.75,KXTSAW-26JUN14,weekly,2026-06-14,Sunday,2.75,no,under,,0.98,,,2.0,2.0,2026-06-12 08:26:44-04:00,2612881.75,2.61288175,4,False,1,,,,,,,,False
KXTSAW-26JUN14-A2.75,KXTSAW-26JUN14,weekly,2026-06-14,Sunday,2.75,yes,over,,0.02,,,2.0,2.0,2026-06-12 08:26:44-04:00,2612881.75,2.61288175,4,False,0,,,,,,,,False
KXTSAW-26JUN14-A2.80,KXTSAW-26JUN14,weekly,2026-06-14,Sunday,2.8,no,under,,0.99,,,1.0,1.0,2026-06-12 08:26:44-04:00,2612881.75,2.61288175,4,False,1,,,,,,,,False
KXTSAW-26JUN14-A2.80,KXTSAW-26JUN14,weekly,2026-06-14,Sunday,2.8,yes,over,,0.01,,,1.0,1.0,2026-06-12 08:26:44-04:00,2612881.75,2.61288175,4,False,0,,,,,,,,False
KXTSAW-26JUN07-A1.80,KXTSAW-26JUN07,weekly,2026-06-07,Sunday,1.8,no,under,,0.08999999999999997,,91.0,,91.0,2026-06-05 09:27:51.434543-04:00,2571679.8571428573,2.571679857142857,7,True,0,,,,,,,,False
KXTSAW-26JUN07-A1.80,KXTSAW-26JUN07,weekly,2026-06-07,Sunday,1.8,yes,over,,0.91,,91.0,,91.0,2026-06-05 09:27:51.434543-04:00,2571679.8571428573,2.571679857142857,7,True,1,,,,,,,,False
KXTSAW-26JUN07-A1.85,KXTSAW-26JUN07,weekly,2026-06-07,Sunday,1.85,no,under,,0.08999999999999997,,91.0,,91.0,2026-06-05 09:27:51.434543-04:00,2571679.8571428573,2.571679857142857,7,True,0,,,,,,,,False
KXTSAW-26JUN07-A1.85,KXTSAW-26JUN07,weekly,2026-06-07,Sunday,1.85,yes,over,,0.91,,91.0,,91.0,2026-06-05 09:27:51.434543-04:00,2571679.8571428573,2.571679857142857,7,True,1,,,,,,,,False
KXTSAW-26JUN07-A1.90,KXTSAW-26JUN07,weekly,2026-06-07,Sunday,1.9,no,under,,0.05500000000000005,,90.0,99.0,94.5,2026-06-05 09:27:51.434543-04:00,2571679.8571428573,2.571679857142857,7,True,0,,,,,,,,False
KXTSAW-26JUN07-A1.90,KXTSAW-26JUN07,weekly,2026-06-07,Sunday,1.9,yes,over,,0.945,,90.0,99.0,94.5,2026-06-05 09:27:51.434543-04:00,2571679.8571428573,2.571679857142857,7,True,1,,,,,,,,False
KXTSAW-26JUN07-A1.95,KXTSAW-26JUN07,weekly,2026-06-07,Sunday,1.95,no,under,,0.05500000000000005,,90.0,99.0,94.5,2026-06-05 09:27:51.434543-04:00,2571679.8571428573,2.571679857142857,7,True,0,,,,,,,,False
KXTSAW-26JUN07-A1.95,KXTSAW-26JUN07,weekly,2026-06-07,Sunday,1.95,yes,over,,0.945,,90.0,99.0,94.5,2026-06-05 09:27:51.434543-04:00,2571679.8571428573,2.571679857142857,7,True,1,,,,,,,,False
KXTSAW-26JUN07-A2.00,KXTSAW-26JUN07,weekly,2026-06-07,Sunday,2.0,no,under,,0.05500000000000005,,90.0,99.0,94.5,2026-06-05 09:27:51.434543-04:00,2571679.8571428573,2.571679857142857,7,True,0,,,,,,,,False
KXTSAW-26JUN07-A2.00,KXTSAW-26JUN07,weekly,2026-06-07,Sunday,2.0,yes,over,,0.945,,90.0,99.0,94.5,2026-06-05 09:27:51.434543-04:00,2571679.8571428573,2.571679857142857,7,True,1,,,,,,,,False
KXTSAW-26JUN07-A2.05,KXTSAW-26JUN07,weekly,2026-06-07,Sunday,2.05,no,under,,0.05500000000000005,,90.0,99.0,94.5,2026-06-05 09:27:51.434543-04:00,2571679.8571428573,2.571679857142857,7,True,0,,,,,,,,False
KXTSAW-26JUN07-A2.05,KXTSAW-26JUN07,weekly,2026-06-07,Sunday,2.05,yes,over,,0.945,,90.0,99.0,94.5,2026-06-05 09:27:51.434543-04:00,2571679.8571428573,2.571679857142857,7,True,1,,,,,,,,False
KXTSAW-26JUN07-A2.10,KXTSAW-26JUN07,weekly,2026-06-07,Sunday,2.1,no,under,,0.05500000000000005,,90.0,99.0,94.5,2026-06-05 09:27:51.434543-04:00,2571679.8571428573,2.571679857142857,7,True,0,,,,,,,,False
KXTSAW-26JUN07-A2.10,KXTSAW-26JUN07,weekly,2026-06-07,Sunday,2.1,yes,over,,0.945,,90.0,99.0,94.5,2026-06-05 09:27:51.434543-04:00,2571679.8571428573,2.571679857142857,7,True,1,,,,,,,,False
KXTSAW-26JUN07-A2.15,KXTSAW-26JUN07,weekly,2026-06-07,Sunday,2.15,no,under,,0.05500000000000005,,90.0,99.0,94.5,2026-06-05 09:27:51.434543-04:00,2571679.8571428573,2.571679857142857,7,True,0,,,,,,,,False
KXTSAW-26JUN07-A2.15,KXTSAW-26JUN07,weekly,2026-06-07,Sunday,2.15,yes,over,,0.945,,90.0,99.0,94.5,2026-06-05 09:27:51.434543-04:00,2571679.8571428573,2.571679857142857,7,True,1,,,,,,,,False
KXTSAW-26JUN07-A2.20,KXTSAW-26JUN07,weekly,2026-06-07,Sunday,2.2,no,under,,0.06000000000000005,,89.0,99.0,94.0,2026-06-05 09:27:51.434543-04:00,2571679.8571428573,2.571679857142857,7,True,0,,,,,,,,False
KXTSAW-26JUN07-A2.20,KXTSAW-26JUN07,weekly,2026-06-07,Sunday,2.2,yes,over,,0.94,,89.0,99.0,94.0,2026-06-05 09:27:51.434543-04:00,2571679.8571428573,2.571679857142857,7,True,1,,,,,,,,False
KXTSAW-26JUN07-A2.25,KXTSAW-26JUN07,weekly,2026-06-07,Sunday,2.25,no,under,,0.06000000000000005,,89.0,99.0,94.0,2026-06-05 09:27:51.434543-04:00,2571679.8571428573,2.571679857142857,7,True,0,,,,,,,,False
KXTSAW-26JUN07-A2.25,KXTSAW-26JUN07,weekly,2026-06-07,Sunday,2.25,yes,over,,0.94,,89.0,99.0,94.0,2026-06-05 09:27:51.434543-04:00,2571679.8571428573,2.571679857142857,7,True,1,,,,,,,,False
KXTSAW-26JUN07-A2.30,KXTSAW-26JUN07,weekly,2026-06-07,Sunday,2.3,no,under,,0.06000000000000005,,89.0,99.0,94.0,2026-06-05 09:27:51.434543-04:00,2571679.8571428573,2.571679857142857,7,True,0,,,,,,,,False
KXTSAW-26JUN07-A2.30,KXTSAW-26JUN07,weekly,2026-06-07,Sunday,2.3,yes,over,,0.94,,89.0,99.0,94.0,2026-06-05 09:27:51.434543-04:00,2571679.8571428573,2.571679857142857,7,True,1,,,,,,,,False
KXTSAW-26JUN07-A2.35,KXTSAW-26JUN07,weekly,2026-06-07,Sunday,2.35,no,under,,0.06000000000000005,,89.0,99.0,94.0,2026-06-05 09:27:51.434543-04:00,2571679.8571428573,2.571679857142857,7,True,0,,,,,,,,False
KXTSAW-26JUN07-A2.35,KXTSAW-26JUN07,weekly,2026-06-07,Sunday,2.35,yes,over,,0.94,,89.0,99.0,94.0,2026-06-05 09:27:51.434543-04:00,2571679.8571428573,2.571679857142857,7,True,1,,,,,,,,False
KXTSAW-26JUN07-A2.40,KXTSAW-26JUN07,weekly,2026-06-07,Sunday,2.4,no,under,,0.09999999999999998,,90.0,,90.0,2026-06-05 09:27:51.434543-04:00,2571679.8571428573,2.571679857142857,7,True,0,,,,,,,,False
KXTSAW-26JUN07-A2.40,KXTSAW-26JUN07,weekly,2026-06-07,Sunday,2.4,yes,over,,0.9,,90.0,,90.0,2026-06-05 09:27:51.434543-04:00,2571679.8571428573,2.571679857142857,7,True,1,,,,,,,,False
KXTSAW-26JUN07-A2.45,KXTSAW-26JUN07,weekly,2026-06-07,Sunday,2.45,no,under,0.0,0.010000000000000009,-0.010000000000000009,99.0,,99.0,2026-06-05 09:27:51.434543-04:00,2571679.8571428573,2.571679857142857,7,True,0,,,,,,,,False
KXTSAW-26JUN07-A2.45,KXTSAW-26JUN07,weekly,2026-06-07,Sunday,2.45,yes,over,1.0,0.99,0.010000000000000009,99.0,,99.0,2026-06-05 09:27:51.434543-04:00,2571679.8571428573,2.571679857142857,7,True,1,,,,,,,,False
KXTSAW-26JUN07-A2.50,KXTSAW-26JUN07,weekly,2026-06-07,Sunday,2.5,no,under,8.11595235461482e-12,0.010000000000000009,-0.009999999991884057,99.0,,99.0,2026-06-05 09:27:51.434543-04:00,2571679.8571428573,2.571679857142857,7,True,0,,,,,,,,False
KXTSAW-26JUN07-A2.50,KXTSAW-26JUN07,weekly,2026-06-07,Sunday,2.5,yes,over,0.999999999991884,0.99,0.009999999991884057,99.0,,99.0,2026-06-05 09:27:51.434543-04:00,2571679.8571428573,2.571679857142857,7,True,1,,,,,,,,False
KXTSAW-26JUN07-A2.55,KXTSAW-26JUN07,weekly,2026-06-07,Sunday,2.55,no,under,0.0014091458583351812,0.04500000000000004,-0.04359085414166486,95.0,96.0,95.5,2026-06-05 09:27:51.434543-04:00,2571679.8571428573,2.571679857142857,7,True,0,272.0,272.0,13.158088235294118,35.79,-35.79,0.3519035337685173,0.2203226514155761,True
KXTSAW-26JUN07-A2.55,KXTSAW-26JUN07,weekly,2026-06-07,Sunday,2.55,yes,over,0.9985908541416648,0.955,0.04359085414166486,95.0,96.0,95.5,2026-06-05 09:27:51.434543-04:00,2571679.8571428573,2.571679857142857,7,True,1,,,,,,,,False
KXTSAW-26JUN07-A2.60,KXTSAW-26JUN07,weekly,2026-06-07,Sunday,2.6,no,under,0.777163834255962,0.81,-0.032836165744038026,17.0,21.0,19.0,2026-06-05 09:27:51.434543-04:00,2571679.8571428573,2.571679857142857,7,True,1,40.0,40.0,69.775,27.91,12.09,0.740045021486852,0.042295021486851936,True
KXTSAW-26JUN07-A2.60,KXTSAW-26JUN07,weekly,2026-06-07,Sunday,2.6,yes,over,0.222836165744038,0.19,0.032836165744038,17.0,21.0,19.0,2026-06-05 09:27:51.434543-04:00,2571679.8571428573,2.571679857142857,7,True,0,,,,,,,,False
KXTSAW-26JUN07-A2.65,KXTSAW-26JUN07,weekly,2026-06-07,Sunday,2.65,no,under,0.9999967919393582,0.97,0.029996791939358225,,3.0,3.0,2026-06-05 09:27:51.434543-04:00,2571679.8571428573,2.571679857142857,7,True,1,4.0,4.0,92.0,3.68,0.31999999999999984,0.9928088986180258,0.07280889861802575,True
KXTSAW-26JUN07-A2.65,KXTSAW-26JUN07,weekly,2026-06-07,Sunday,2.65,yes,over,3.20806064180168e-06,0.03,-0.029996791939358197,,3.0,3.0,2026-06-05 09:27:51.434543-04:00,2571679.8571428573,2.571679857142857,7,True,0,,,,,,,,False
KXTSAW-26JUN07-A2.70,KXTSAW-26JUN07,weekly,2026-06-07,Sunday,2.7,no,under,0.9999999999999999,0.99,0.009999999999999898,,1.0,1.0,2026-06-05 09:27:51.434543-04:00,2571679.8571428573,2.571679857142857,7,True,1,,,,,,,,False
KXTSAW-26JUN07-A2.70,KXTSAW-26JUN07,weekly,2026-06-07,Sunday,2.7,yes,over,1.1102230246251563e-16,0.01,-0.00999999999999989,,1.0,1.0,2026-06-05 09:27:51.434543-04:00,2571679.8571428573,2.571679857142857,7,True,0,,,,,,,,False
KXTSAW-26JUN07-A2.75,KXTSAW-26JUN07,weekly,2026-06-07,Sunday,2.75,no,under,,0.99,,,1.0,1.0,2026-06-05 09:27:51.434543-04:00,2571679.8571428573,2.571679857142857,7,True,1,,,,,,,,False
KXTSAW-26JUN07-A2.75,KXTSAW-26JUN07,weekly,2026-06-07,Sunday,2.75,yes,over,,0.01,,,1.0,1.0,2026-06-05 09:27:51.434543-04:00,2571679.8571428573,2.571679857142857,7,True,0,,,,,,,,False
KXTSAW-26JUN07-A2.80,KXTSAW-26JUN07,weekly,2026-06-07,Sunday,2.8,no,under,,0.99,,,1.0,1.0,2026-06-05 09:27:51.434543-04:00,2571679.8571428573,2.571679857142857,7,True,1,,,,,,,,False
KXTSAW-26JUN07-A2.80,KXTSAW-26JUN07,weekly,2026-06-07,Sunday,2.8,yes,over,,0.01,,,1.0,1.0,2026-06-05 09:27:51.434543-04:00,2571679.8571428573,2.571679857142857,7,True,0,,,,,,,,False
KXTSAW-26MAY31-A1.80,KXTSAW-26MAY31,weekly,2026-05-31,Sunday,1.8,no,under,,0.050000000000000044,,95.0,,95.0,2026-05-29 08:35:10-04:00,2559848.1666666665,2.5598481666666664,6,False,0,,,,,,,,False
KXTSAW-26MAY31-A1.80,KXTSAW-26MAY31,weekly,2026-05-31,Sunday,1.8,yes,over,,0.95,,95.0,,95.0,2026-05-29 08:35:10-04:00,2559848.1666666665,2.5598481666666664,6,False,1,,,,,,,,False
KXTSAW-26MAY31-A1.85,KXTSAW-26MAY31,weekly,2026-05-31,Sunday,1.85,no,under,,0.09999999999999998,,90.0,,90.0,2026-05-29 08:35:10-04:00,2559848.1666666665,2.5598481666666664,6,False,0,,,,,,,,False
KXTSAW-26MAY31-A1.85,KXTSAW-26MAY31,weekly,2026-05-31,Sunday,1.85,yes,over,,0.9,,90.0,,90.0,2026-05-29 08:35:10-04:00,2559848.1666666665,2.5598481666666664,6,False,1,,,,,,,,False
KXTSAW-26MAY31-A1.90,KXTSAW-26MAY31,weekly,2026-05-31,Sunday,1.9,no,under,,0.05500000000000005,,90.0,99.0,94.5,2026-05-29 08:35:10-04:00,2559848.1666666665,2.5598481666666664,6,False,0,,,,,,,,False
KXTSAW-26MAY31-A1.90,KXTSAW-26MAY31,weekly,2026-05-31,Sunday,1.9,yes,over,,0.945,,90.0,99.0,94.5,2026-05-29 08:35:10-04:00,2559848.1666666665,2.5598481666666664,6,False,1,,,,,,,,False
KXTSAW-26MAY31-A1.95,KXTSAW-26MAY31,weekly,2026-05-31,Sunday,1.95,no,under,,0.05500000000000005,,90.0,99.0,94.5,2026-05-29 08:35:10-04:00,2559848.1666666665,2.5598481666666664,6,False,0,,,,,,,,False
KXTSAW-26MAY31-A1.95,KXTSAW-26MAY31,weekly,2026-05-31,Sunday,1.95,yes,over,,0.945,,90.0,99.0,94.5,2026-05-29 08:35:10-04:00,2559848.1666666665,2.5598481666666664,6,False,1,,,,,,,,False
KXTSAW-26MAY31-A2.00,KXTSAW-26MAY31,weekly,2026-05-31,Sunday,2.0,no,under,,0.05500000000000005,,90.0,99.0,94.5,2026-05-29 08:35:10-04:00,2559848.1666666665,2.5598481666666664,6,False,0,,,,,,,,False
KXTSAW-26MAY31-A2.00,KXTSAW-26MAY31,weekly,2026-05-31,Sunday,2.0,yes,over,,0.945,,90.0,99.0,94.5,2026-05-29 08:35:10-04:00,2559848.1666666665,2.5598481666666664,6,False,1,,,,,,,,False
KXTSAW-26MAY31-A2.05,KXTSAW-26MAY31,weekly,2026-05-31,Sunday,2.05,no,under,,0.05500000000000005,,90.0,99.0,94.5,2026-05-29 08:35:10-04:00,2559848.1666666665,2.5598481666666664,6,False,0,,,,,,,,False
KXTSAW-26MAY31-A2.05,KXTSAW-26MAY31,weekly,2026-05-31,Sunday,2.05,yes,over,,0.945,,90.0,99.0,94.5,2026-05-29 08:35:10-04:00,2559848.1666666665,2.5598481666666664,6,False,1,,,,,,,,False
KXTSAW-26MAY31-A2.10,KXTSAW-26MAY31,weekly,2026-05-31,Sunday,2.1,no,under,,0.04500000000000004,,92.0,99.0,95.5,2026-05-29 08:35:10-04:00,2559848.1666666665,2.5598481666666664,6,False,0,,,,,,,,False
KXTSAW-26MAY31-A2.10,KXTSAW-26MAY31,weekly,2026-05-31,Sunday,2.1,yes,over,,0.955,,92.0,99.0,95.5,2026-05-29 08:35:10-04:00,2559848.1666666665,2.5598481666666664,6,False,1,,,,,,,,False
KXTSAW-26MAY31-A2.15,KXTSAW-26MAY31,weekly,2026-05-31,Sunday,2.15,no,under,,0.05500000000000005,,90.0,99.0,94.5,2026-05-29 08:35:10-04:00,2559848.1666666665,2.5598481666666664,6,False,0,,,,,,,,False
KXTSAW-26MAY31-A2.15,KXTSAW-26MAY31,weekly,2026-05-31,Sunday,2.15,yes,over,,0.945,,90.0,99.0,94.5,2026-05-29 08:35:10-04:00,2559848.1666666665,2.5598481666666664,6,False,1,,,,,,,,False
KXTSAW-26MAY31-A2.20,KXTSAW-26MAY31,weekly,2026-05-31,Sunday,2.2,no,under,,0.05500000000000005,,90.0,99.0,94.5,2026-05-29 08:35:10-04:00,2559848.1666666665,2.5598481666666664,6,False,0,,,,,,,,False
KXTSAW-26MAY31-A2.20,KXTSAW-26MAY31,weekly,2026-05-31,Sunday,2.2,yes,over,,0.945,,90.0,99.0,94.5,2026-05-29 08:35:10-04:00,2559848.1666666665,2.5598481666666664,6,False,1,,,,,,,,False
KXTSAW-26MAY31-A2.25,KXTSAW-26MAY31,weekly,2026-05-31,Sunday,2.25,no,under,,0.05500000000000005,,90.0,99.0,94.5,2026-05-29 08:35:10-04:00,2559848.1666666665,2.5598481666666664,6,False,0,,,,,,,,False
KXTSAW-26MAY31-A2.25,KXTSAW-26MAY31,weekly,2026-05-31,Sunday,2.25,yes,over,,0.945,,90.0,99.0,94.5,2026-05-29 08:35:10-04:00,2559848.1666666665,2.5598481666666664,6,False,1,,,,,,,,False
KXTSAW-26MAY31-A2.30,KXTSAW-26MAY31,weekly,2026-05-31,Sunday,2.3,no,under,,0.05500000000000005,,90.0,99.0,94.5,2026-05-29 08:35:10-04:00,2559848.1666666665,2.5598481666666664,6,False,0,,,,,,,,False
KXTSAW-26MAY31-A2.30,KXTSAW-26MAY31,weekly,2026-05-31,Sunday,2.3,yes,over,,0.945,,90.0,99.0,94.5,2026-05-29 08:35:10-04:00,2559848.1666666665,2.5598481666666664,6,False,1,,,,,,,,False
KXTSAW-26MAY31-A2.35,KXTSAW-26MAY31,weekly,2026-05-31,Sunday,2.35,no,under,,0.05500000000000005,,90.0,99.0,94.5,2026-05-29 08:35:10-04:00,2559848.1666666665,2.5598481666666664,6,False,0,,,,,,,,False
KXTSAW-26MAY31-A2.35,KXTSAW-26MAY31,weekly,2026-05-31,Sunday,2.35,yes,over,,0.945,,90.0,99.0,94.5,2026-05-29 08:35:10-04:00,2559848.1666666665,2.5598481666666664,6,False,1,,,,,,,,False
KXTSAW-26MAY31-A2.40,KXTSAW-26MAY31,weekly,2026-05-31,Sunday,2.4,no,under,,0.010000000000000009,,99.0,,99.0,2026-05-29 08:35:10-04:00,2559848.1666666665,2.5598481666666664,6,False,0,,,,,,,,False
KXTSAW-26MAY31-A2.40,KXTSAW-26MAY31,weekly,2026-05-31,Sunday,2.4,yes,over,,0.99,,99.0,,99.0,2026-05-29 08:35:10-04:00,2559848.1666666665,2.5598481666666664,6,False,1,,,,,,,,False
KXTSAW-26MAY31-A2.45,KXTSAW-26MAY31,weekly,2026-05-31,Sunday,2.45,no,under,1.10808029418763e-11,0.050000000000000044,-0.04999999998891924,95.0,,95.0,2026-05-29 08:35:10-04:00,2559848.1666666665,2.5598481666666664,6,False,0,,,,,,,,False
KXTSAW-26MAY31-A2.45,KXTSAW-26MAY31,weekly,2026-05-31,Sunday,2.45,yes,over,0.9999999999889192,0.95,0.04999999998891924,95.0,,95.0,2026-05-29 08:35:10-04:00,2559848.1666666665,2.5598481666666664,6,False,1,,,,,,,,False
KXTSAW-26MAY31-A2.50,KXTSAW-26MAY31,weekly,2026-05-31,Sunday,2.5,no,under,1.7810191651479457e-06,0.030000000000000027,-0.02999821898083488,97.0,,97.0,2026-05-29 08:35:10-04:00,2559848.1666666665,2.5598481666666664,6,False,0,,,,,,,,False
KXTSAW-26MAY31-A2.50,KXTSAW-26MAY31,weekly,2026-05-31,Sunday,2.5,yes,over,0.9999982189808349,0.97,0.02999821898083488,97.0,,97.0,2026-05-29 08:35:10-04:00,2559848.1666666665,2.5598481666666664,6,False,1,,,,,,,,False
KXTSAW-26MAY31-A2.55,KXTSAW-26MAY31,weekly,2026-05-31,Sunday,2.55,no,under,0.004942477784173005,0.020000000000000018,-0.015057522215827013,97.0,99.0,98.0,2026-05-29 08:35:10-04:00,2559848.1666666665,2.5598481666666664,6,False,0,,,,,,,,False
KXTSAW-26MAY31-A2.55,KXTSAW-26MAY31,weekly,2026-05-31,Sunday,2.55,yes,over,0.995057522215827,0.98,0.015057522215827013,97.0,99.0,98.0,2026-05-29 08:35:10-04:00,2559848.1666666665,2.5598481666666664,6,False,1,16.0,16.0,91.25,14.6,1.4000000000000004,0.9876506485468969,0.0751506485468969,True
KXTSAW-26MAY31-A2.60,KXTSAW-26MAY31,weekly,2026-05-31,Sunday,2.6,no,under,0.30005919712144913,0.44499999999999995,-0.14494080287855082,54.0,57.0,55.5,2026-05-29 08:35:10-04:00,2559848.1666666665,2.5598481666666664,6,False,1,,,,,,,,False
KXTSAW-26MAY31-A2.60,KXTSAW-26MAY31,weekly,2026-05-31,Sunday,2.6,yes,over,0.6999408028785509,0.555,0.14494080287855082,54.0,57.0,55.5,2026-05-29 08:35:10-04:00,2559848.1666666665,2.5598481666666664,6,False,0,65.0,65.0,44.707692307692305,29.06,-29.06,0.765751020051827,0.318674096974904,True
KXTSAW-26MAY31-A2.65,KXTSAW-26MAY31,weekly,2026-05-31,Sunday,2.65,no,under,0.9371606922504674,0.965,-0.027839307749532582,2.0,5.0,3.5,2026-05-29 08:35:10-04:00,2559848.1666666665,2.5598481666666664,6,False,1,,,,,,,,False
KXTSAW-26MAY31-A2.65,KXTSAW-26MAY31,weekly,2026-05-31,Sunday,2.65,yes,over,0.0628393077495326,0.035,0.027839307749532596,2.0,5.0,3.5,2026-05-29 08:35:10-04:00,2559848.1666666665,2.5598481666666664,6,False,0,234.0,234.0,5.0085470085470085,11.72,-11.72,0.2868477998643307,0.23676232977886058,True
KXTSAW-26MAY31-A2.70,KXTSAW-26MAY31,weekly,2026-05-31,Sunday,2.7,no,under,0.999832725441024,0.98,0.01983272544102399,,2.0,2.0,2026-05-29 08:35:10-04:00,2559848.1666666665,2.5598481666666664,6,False,1,,,,,,,,False
KXTSAW-26MAY31-A2.70,KXTSAW-26MAY31,weekly,2026-05-31,Sunday,2.7,yes,over,0.000167274558976,0.02,-0.019832725441024,,2.0,2.0,2026-05-29 08:35:10-04:00,2559848.1666666665,2.5598481666666664,6,False,0,,,,,,,,False
KXTSAW-26MAY31-A2.75,KXTSAW-26MAY31,weekly,2026-05-31,Sunday,2.75,no,under,,0.98,,,2.0,2.0,2026-05-29 08:35:10-04:00,2559848.1666666665,2.5598481666666664,6,False,1,,,,,,,,False
KXTSAW-26MAY31-A2.75,KXTSAW-26MAY31,weekly,2026-05-31,Sunday,2.75,yes,over,,0.02,,,2.0,2.0,2026-05-29 08:35:10-04:00,2559848.1666666665,2.5598481666666664,6,False,0,,,,,,,,False
KXTSAW-26MAY31-A2.80,KXTSAW-26MAY31,weekly,2026-05-31,Sunday,2.8,no,under,,0.98,,,2.0,2.0,2026-05-29 08:35:10-04:00,2559848.1666666665,2.5598481666666664,6,False,1,,,,,,,,False
KXTSAW-26MAY31-A2.80,KXTSAW-26MAY31,weekly,2026-05-31,Sunday,2.8,yes,over,,0.02,,,2.0,2.0,2026-05-29 08:35:10-04:00,2559848.1666666665,2.5598481666666664,6,False,0,,,,,,,,False
KXTSAW-26MAY24-A1.80,KXTSAW-26MAY24,weekly,2026-05-24,Sunday,1.8,no,under,,0.09999999999999998,,90.0,,90.0,2026-05-24 08:59:11-04:00,2660944.0,2.660944,6,False,0,,,,,,,,False
KXTSAW-26MAY24-A1.80,KXTSAW-26MAY24,weekly,2026-05-24,Sunday,1.8,yes,over,,0.9,,90.0,,90.0,2026-05-24 08:59:11-04:00,2660944.0,2.660944,6,False,1,,,,,,,,False
KXTSAW-26MAY24-A1.85,KXTSAW-26MAY24,weekly,2026-05-24,Sunday,1.85,no,under,,0.09999999999999998,,90.0,,90.0,2026-05-24 08:59:11-04:00,2660944.0,2.660944,6,False,0,,,,,,,,False
KXTSAW-26MAY24-A1.85,KXTSAW-26MAY24,weekly,2026-05-24,Sunday,1.85,yes,over,,0.9,,90.0,,90.0,2026-05-24 08:59:11-04:00,2660944.0,2.660944,6,False,1,,,,,,,,False
KXTSAW-26MAY24-A1.90,KXTSAW-26MAY24,weekly,2026-05-24,Sunday,1.9,no,under,,0.09999999999999998,,90.0,,90.0,2026-05-24 08:59:11-04:00,2660944.0,2.660944,6,False,0,,,,,,,,False
KXTSAW-26MAY24-A1.90,KXTSAW-26MAY24,weekly,2026-05-24,Sunday,1.9,yes,over,,0.9,,90.0,,90.0,2026-05-24 08:59:11-04:00,2660944.0,2.660944,6,False,1,,,,,,,,False
KXTSAW-26MAY24-A1.95,KXTSAW-26MAY24,weekly,2026-05-24,Sunday,1.95,no,under,,0.09999999999999998,,90.0,,90.0,2026-05-24 08:59:11-04:00,2660944.0,2.660944,6,False,0,,,,,,,,False
KXTSAW-26MAY24-A1.95,KXTSAW-26MAY24,weekly,2026-05-24,Sunday,1.95,yes,over,,0.9,,90.0,,90.0,2026-05-24 08:59:11-04:00,2660944.0,2.660944,6,False,1,,,,,,,,False
KXTSAW-26MAY24-A2.00,KXTSAW-26MAY24,weekly,2026-05-24,Sunday,2.0,no,under,,0.09999999999999998,,90.0,,90.0,2026-05-24 08:59:11-04:00,2660944.0,2.660944,6,False,0,,,,,,,,False
KXTSAW-26MAY24-A2.00,KXTSAW-26MAY24,weekly,2026-05-24,Sunday,2.0,yes,over,,0.9,,90.0,,90.0,2026-05-24 08:59:11-04:00,2660944.0,2.660944,6,False,1,,,,,,,,False
KXTSAW-26MAY24-A2.05,KXTSAW-26MAY24,weekly,2026-05-24,Sunday,2.05,no,under,,0.09999999999999998,,90.0,,90.0,2026-05-24 08:59:11-04:00,2660944.0,2.660944,6,False,0,,,,,,,,False
KXTSAW-26MAY24-A2.05,KXTSAW-26MAY24,weekly,2026-05-24,Sunday,2.05,yes,over,,0.9,,90.0,,90.0,2026-05-24 08:59:11-04:00,2660944.0,2.660944,6,False,1,,,,,,,,False
KXTSAW-26MAY24-A2.10,KXTSAW-26MAY24,weekly,2026-05-24,Sunday,2.1,no,under,,0.10999999999999999,,89.0,,89.0,2026-05-24 08:59:11-04:00,2660944.0,2.660944,6,False,0,,,,,,,,False
KXTSAW-26MAY24-A2.10,KXTSAW-26MAY24,weekly,2026-05-24,Sunday,2.1,yes,over,,0.89,,89.0,,89.0,2026-05-24 08:59:11-04:00,2660944.0,2.660944,6,False,1,,,,,,,,False
KXTSAW-26MAY24-A2.15,KXTSAW-26MAY24,weekly,2026-05-24,Sunday,2.15,no,under,,0.10999999999999999,,89.0,,89.0,2026-05-24 08:59:11-04:00,2660944.0,2.660944,6,False,0,,,,,,,,False
KXTSAW-26MAY24-A2.15,KXTSAW-26MAY24,weekly,2026-05-24,Sunday,2.15,yes,over,,0.89,,89.0,,89.0,2026-05-24 08:59:11-04:00,2660944.0,2.660944,6,False,1,,,,,,,,False
KXTSAW-26MAY24-A2.20,KXTSAW-26MAY24,weekly,2026-05-24,Sunday,2.2,no,under,,0.10999999999999999,,89.0,,89.0,2026-05-24 08:59:11-04:00,2660944.0,2.660944,6,False,0,,,,,,,,False
KXTSAW-26MAY24-A2.20,KXTSAW-26MAY24,weekly,2026-05-24,Sunday,2.2,yes,over,,0.89,,89.0,,89.0,2026-05-24 08:59:11-04:00,2660944.0,2.660944,6,False,1,,,,,,,,False
KXTSAW-26MAY24-A2.25,KXTSAW-26MAY24,weekly,2026-05-24,Sunday,2.25,no,under,,0.10999999999999999,,89.0,,89.0,2026-05-24 08:59:11-04:00,2660944.0,2.660944,6,False,0,,,,,,,,False
KXTSAW-26MAY24-A2.25,KXTSAW-26MAY24,weekly,2026-05-24,Sunday,2.25,yes,over,,0.89,,89.0,,89.0,2026-05-24 08:59:11-04:00,2660944.0,2.660944,6,False,1,,,,,,,,False
KXTSAW-26MAY24-A2.30,KXTSAW-26MAY24,weekly,2026-05-24,Sunday,2.3,no,under,,0.10999999999999999,,89.0,,89.0,2026-05-24 08:59:11-04:00,2660944.0,2.660944,6,False,0,,,,,,,,False
KXTSAW-26MAY24-A2.30,KXTSAW-26MAY24,weekly,2026-05-24,Sunday,2.3,yes,over,,0.89,,89.0,,89.0,2026-05-24 08:59:11-04:00,2660944.0,2.660944,6,False,1,,,,,,,,False
KXTSAW-26MAY24-A2.35,KXTSAW-26MAY24,weekly,2026-05-24,Sunday,2.35,no,under,,0.10999999999999999,,89.0,,89.0,2026-05-24 08:59:11-04:00,2660944.0,2.660944,6,False,0,,,,,,,,False
KXTSAW-26MAY24-A2.35,KXTSAW-26MAY24,weekly,2026-05-24,Sunday,2.35,yes,over,,0.89,,89.0,,89.0,2026-05-24 08:59:11-04:00,2660944.0,2.660944,6,False,1,,,,,,,,False
KXTSAW-26MAY24-A2.40,KXTSAW-26MAY24,weekly,2026-05-24,Sunday,2.4,no,under,,0.10999999999999999,,89.0,,89.0,2026-05-24 08:59:11-04:00,2660944.0,2.660944,6,False,0,,,,,,,,False
KXTSAW-26MAY24-A2.40,KXTSAW-26MAY24,weekly,2026-05-24,Sunday,2.4,yes,over,,0.89,,89.0,,89.0,2026-05-24 08:59:11-04:00,2660944.0,2.660944,6,False,1,,,,,,,,False
KXTSAW-26MAY24-A2.45,KXTSAW-26MAY24,weekly,2026-05-24,Sunday,2.45,no,under,0.0,0.010000000000000009,-0.010000000000000009,99.0,,99.0,2026-05-24 08:59:11-04:00,2660944.0,2.660944,6,False,0,30.0,30.0,5.5,1.65,-1.65,3.929399529927531e-05,-0.054960706004700724,True
KXTSAW-26MAY24-A2.45,KXTSAW-26MAY24,weekly,2026-05-24,Sunday,2.45,yes,over,1.0,0.99,0.010000000000000009,99.0,,99.0,2026-05-24 08:59:11-04:00,2660944.0,2.660944,6,False,1,,,,,,,,False
KXTSAW-26MAY24-A2.50,KXTSAW-26MAY24,weekly,2026-05-24,Sunday,2.5,no,under,0.0,0.06000000000000005,-0.06000000000000005,94.0,,94.0,2026-05-24 08:59:11-04:00,2660944.0,2.660944,6,False,0,30.0,30.0,4.833333333333333,1.45,-1.45,0.003936683444730907,-0.044396649888602424,True
KXTSAW-26MAY24-A2.50,KXTSAW-26MAY24,weekly,2026-05-24,Sunday,2.5,yes,over,1.0,0.94,0.06000000000000005,94.0,,94.0,2026-05-24 08:59:11-04:00,2660944.0,2.660944,6,False,1,,,,,,,,False
KXTSAW-26MAY24-A2.55,KXTSAW-26MAY24,weekly,2026-05-24,Sunday,2.55,no,under,0.0,0.08999999999999997,-0.08999999999999997,91.0,,91.0,2026-05-24 08:59:11-04:00,2660944.0,2.660944,6,False,0,116.0,116.0,4.043103448275862,4.69,-4.69,0.11151115035569349,0.07108011587293486,True
KXTSAW-26MAY24-A2.55,KXTSAW-26MAY24,weekly,2026-05-24,Sunday,2.55,yes,over,1.0,0.91,0.08999999999999997,91.0,,91.0,2026-05-24 08:59:11-04:00,2660944.0,2.660944,6,False,1,33.0,33.0,91.45454545454545,30.18,2.8200000000000003,0.9392493336867472,0.024703879141292684,True
KXTSAW-26MAY24-A2.60,KXTSAW-26MAY24,weekly,2026-05-24,Sunday,2.6,no,under,4.4124674802858976e-08,0.04500000000000004,-0.04499995587532524,94.0,97.0,95.5,2026-05-24 08:59:11-04:00,2660944.0,2.660944,6,False,0,221.0,221.0,24.92760180995475,55.09,-55.09,0.5712966248699458,0.3220206067703983,True
KXTSAW-26MAY24-A2.60,KXTSAW-26MAY24,weekly,2026-05-24,Sunday,2.6,yes,over,0.9999999558753252,0.955,0.04499995587532524,94.0,97.0,95.5,2026-05-24 08:59:11-04:00,2660944.0,2.660944,6,False,1,-86.0,76.0,82.25,62.51,-148.51,0.8802191980686469,0.05771919806864689,True
KXTSAW-26MAY24-A2.65,KXTSAW-26MAY24,weekly,2026-05-24,Sunday,2.65,no,under,0.06926967956966157,0.84,-0.7707303204303384,12.0,20.0,16.0,2026-05-24 08:59:11-04:00,2660944.0,2.660944,6,False,0,65.0,65.0,87.1076923076923,56.62,8.380000000000003,0.6154762981870732,-0.2556006248898499,True
KXTSAW-26MAY24-A2.65,KXTSAW-26MAY24,weekly,2026-05-24,Sunday,2.65,yes,over,0.9307303204303384,0.16,0.7707303204303384,12.0,20.0,16.0,2026-05-24 08:59:11-04:00,2660944.0,2.660944,6,False,1,207.0,207.0,24.21256038647343,50.12,-50.12,0.5808843235224321,0.3387587196576978,True
KXTSAW-26MAY24-A2.70,KXTSAW-26MAY24,weekly,2026-05-24,Sunday,2.7,no,under,0.9915041941283095,0.99,0.0015041941283094884,,1.0,1.0,2026-05-24 08:59:11-04:00,2660944.0,2.660944,6,False,1,,,,,,,,False
KXTSAW-26MAY24-A2.70,KXTSAW-26MAY24,weekly,2026-05-24,Sunday,2.7,yes,over,0.0084958058716905,0.01,-0.0015041941283095005,,1.0,1.0,2026-05-24 08:59:11-04:00,2660944.0,2.660944,6,False,0,100.0,100.0,4.74,4.74,-4.74,0.07872767498832321,0.03132767498832321,True
KXTSAW-26MAY24-A2.75,KXTSAW-26MAY24,weekly,2026-05-24,Sunday,2.75,no,under,,0.98,,,2.0,2.0,2026-05-24 08:59:11-04:00,2660944.0,2.660944,6,False,1,,,,,,,,False
KXTSAW-26MAY24-A2.75,KXTSAW-26MAY24,weekly,2026-05-24,Sunday,2.75,yes,over,,0.02,,,2.0,2.0,2026-05-24 08:59:11-04:00,2660944.0,2.660944,6,False,0,,,,,,,,False
KXTSAW-26MAY24-A2.80,KXTSAW-26MAY24,weekly,2026-05-24,Sunday,2.8,no,under,,0.99,,,1.0,1.0,2026-05-24 08:59:11-04:00,2660944.0,2.660944,6,False,1,,,,,,,,False
KXTSAW-26MAY24-A2.80,KXTSAW-26MAY24,weekly,2026-05-24,Sunday,2.8,yes,over,,0.01,,,1.0,1.0,2026-05-24 08:59:11-04:00,2660944.0,2.660944,6,False,0,,,,,,,,False
KXTSAW-26MAY17-A1.80,KXTSAW-26MAY17,weekly,2026-05-17,Sunday,1.8,no,under,,0.010000000000000009,,99.0,,99.0,2026-05-15 11:38:52-04:00,2557891.5,2.5578915,6,False,0,,,,,,,,False
KXTSAW-26MAY17-A1.80,KXTSAW-26MAY17,weekly,2026-05-17,Sunday,1.8,yes,over,,0.99,,99.0,,99.0,2026-05-15 11:38:52-04:00,2557891.5,2.5578915,6,False,1,,,,,,,,False
KXTSAW-26MAY17-A1.85,KXTSAW-26MAY17,weekly,2026-05-17,Sunday,1.85,no,under,,0.010000000000000009,,99.0,,99.0,2026-05-15 11:38:52-04:00,2557891.5,2.5578915,6,False,0,,,,,,,,False
KXTSAW-26MAY17-A1.85,KXTSAW-26MAY17,weekly,2026-05-17,Sunday,1.85,yes,over,,0.99,,99.0,,99.0,2026-05-15 11:38:52-04:00,2557891.5,2.5578915,6,False,1,,,,,,,,False
KXTSAW-26MAY17-A1.90,KXTSAW-26MAY17,weekly,2026-05-17,Sunday,1.9,no,under,,0.010000000000000009,,99.0,,99.0,2026-05-15 11:38:52-04:00,2557891.5,2.5578915,6,False,0,,,,,,,,False
KXTSAW-26MAY17-A1.90,KXTSAW-26MAY17,weekly,2026-05-17,Sunday,1.9,yes,over,,0.99,,99.0,,99.0,2026-05-15 11:38:52-04:00,2557891.5,2.5578915,6,False,1,,,,,,,,False
KXTSAW-26MAY17-A1.95,KXTSAW-26MAY17,weekly,2026-05-17,Sunday,1.95,no,under,,0.010000000000000009,,99.0,,99.0,2026-05-15 11:38:52-04:00,2557891.5,2.5578915,6,False,0,,,,,,,,False
KXTSAW-26MAY17-A1.95,KXTSAW-26MAY17,weekly,2026-05-17,Sunday,1.95,yes,over,,0.99,,99.0,,99.0,2026-05-15 11:38:52-04:00,2557891.5,2.5578915,6,False,1,,,,,,,,False
KXTSAW-26MAY17-A2.00,KXTSAW-26MAY17,weekly,2026-05-17,Sunday,2.0,no,under,,0.010000000000000009,,99.0,,99.0,2026-05-15 11:38:52-04:00,2557891.5,2.5578915,6,False,0,,,,,,,,False
KXTSAW-26MAY17-A2.00,KXTSAW-26MAY17,weekly,2026-05-17,Sunday,2.0,yes,over,,0.99,,99.0,,99.0,2026-05-15 11:38:52-04:00,2557891.5,2.5578915,6,False,1,,,,,,,,False
KXTSAW-26MAY17-A2.05,KXTSAW-26MAY17,weekly,2026-05-17,Sunday,2.05,no,under,,0.010000000000000009,,99.0,,99.0,2026-05-15 11:38:52-04:00,2557891.5,2.5578915,6,False,0,,,,,,,,False
KXTSAW-26MAY17-A2.05,KXTSAW-26MAY17,weekly,2026-05-17,Sunday,2.05,yes,over,,0.99,,99.0,,99.0,2026-05-15 11:38:52-04:00,2557891.5,2.5578915,6,False,1,,,,,,,,False
KXTSAW-26MAY17-A2.10,KXTSAW-26MAY17,weekly,2026-05-17,Sunday,2.1,no,under,,0.010000000000000009,,99.0,,99.0,2026-05-15 11:38:52-04:00,2557891.5,2.5578915,6,False,0,,,,,,,,False
KXTSAW-26MAY17-A2.10,KXTSAW-26MAY17,weekly,2026-05-17,Sunday,2.1,yes,over,,0.99,,99.0,,99.0,2026-05-15 11:38:52-04:00,2557891.5,2.5578915,6,False,1,,,,,,,,False
KXTSAW-26MAY17-A2.15,KXTSAW-26MAY17,weekly,2026-05-17,Sunday,2.15,no,under,,0.010000000000000009,,99.0,,99.0,2026-05-15 11:38:52-04:00,2557891.5,2.5578915,6,False,0,,,,,,,,False
KXTSAW-26MAY17-A2.15,KXTSAW-26MAY17,weekly,2026-05-17,Sunday,2.15,yes,over,,0.99,,99.0,,99.0,2026-05-15 11:38:52-04:00,2557891.5,2.5578915,6,False,1,,,,,,,,False
KXTSAW-26MAY17-A2.20,KXTSAW-26MAY17,weekly,2026-05-17,Sunday,2.2,no,under,,0.010000000000000009,,99.0,,99.0,2026-05-15 11:38:52-04:00,2557891.5,2.5578915,6,False,0,,,,,,,,False
KXTSAW-26MAY17-A2.20,KXTSAW-26MAY17,weekly,2026-05-17,Sunday,2.2,yes,over,,0.99,,99.0,,99.0,2026-05-15 11:38:52-04:00,2557891.5,2.5578915,6,False,1,,,,,,,,False
KXTSAW-26MAY17-A2.25,KXTSAW-26MAY17,weekly,2026-05-17,Sunday,2.25,no,under,,0.010000000000000009,,99.0,,99.0,2026-05-15 11:38:52-04:00,2557891.5,2.5578915,6,False,0,,,,,,,,False
KXTSAW-26MAY17-A2.25,KXTSAW-26MAY17,weekly,2026-05-17,Sunday,2.25,yes,over,,0.99,,99.0,,99.0,2026-05-15 11:38:52-04:00,2557891.5,2.5578915,6,False,1,,,,,,,,False
KXTSAW-26MAY17-A2.30,KXTSAW-26MAY17,weekly,2026-05-17,Sunday,2.3,no,under,,0.010000000000000009,,99.0,,99.0,2026-05-15 11:38:52-04:00,2557891.5,2.5578915,6,False,0,,,,,,,,False
KXTSAW-26MAY17-A2.30,KXTSAW-26MAY17,weekly,2026-05-17,Sunday,2.3,yes,over,,0.99,,99.0,,99.0,2026-05-15 11:38:52-04:00,2557891.5,2.5578915,6,False,1,,,,,,,,False
KXTSAW-26MAY17-A2.35,KXTSAW-26MAY17,weekly,2026-05-17,Sunday,2.35,no,under,,0.010000000000000009,,99.0,,99.0,2026-05-15 11:38:52-04:00,2557891.5,2.5578915,6,False,0,,,,,,,,False
KXTSAW-26MAY17-A2.35,KXTSAW-26MAY17,weekly,2026-05-17,Sunday,2.35,yes,over,,0.99,,99.0,,99.0,2026-05-15 11:38:52-04:00,2557891.5,2.5578915,6,False,1,,,,,,,,False
KXTSAW-26MAY17-A2.40,KXTSAW-26MAY17,weekly,2026-05-17,Sunday,2.4,no,under,9.992007221626409e-16,0.010000000000000009,-0.00999999999999901,99.0,,99.0,2026-05-15 11:38:52-04:00,2557891.5,2.5578915,6,False,0,,,,,,,,False
KXTSAW-26MAY17-A2.40,KXTSAW-26MAY17,weekly,2026-05-17,Sunday,2.4,yes,over,0.999999999999999,0.99,0.00999999999999901,99.0,,99.0,2026-05-15 11:38:52-04:00,2557891.5,2.5578915,6,False,1,4.0,4.0,92.0,3.68,0.31999999999999984,0.9999991027781527,0.0799991027781527,True
KXTSAW-26MAY17-A2.45,KXTSAW-26MAY17,weekly,2026-05-17,Sunday,2.45,no,under,7.741110752412794e-09,0.015000000000000013,-0.014999992258889261,98.0,99.0,98.5,2026-05-15 11:38:52-04:00,2557891.5,2.5578915,6,False,0,25.0,25.0,14.000000000000002,3.5000000000000004,-3.5000000000000004,,,True
KXTSAW-26MAY17-A2.45,KXTSAW-26MAY17,weekly,2026-05-17,Sunday,2.45,yes,over,0.9999999922588892,0.985,0.014999992258889261,98.0,99.0,98.5,2026-05-15 11:38:52-04:00,2557891.5,2.5578915,6,False,1,,,,,,,,False
KXTSAW-26MAY17-A2.50,KXTSAW-26MAY17,weekly,2026-05-17,Sunday,2.5,no,under,0.00037391275337284036,0.025000000000000022,-0.024626087246627182,97.0,98.0,97.5,2026-05-15 11:38:52-04:00,2557891.5,2.5578915,6,False,0,61.0,61.0,43.442622950819676,26.5,-26.5,,,True
KXTSAW-26MAY17-A2.50,KXTSAW-26MAY17,weekly,2026-05-17,Sunday,2.5,yes,over,0.9996260872466272,0.975,0.024626087246627182,97.0,98.0,97.5,2026-05-15 11:38:52-04:00,2557891.5,2.5578915,6,False,1,,,,,,,,False
KXTSAW-26MAY17-A2.55,KXTSAW-26MAY17,weekly,2026-05-17,Sunday,2.55,no,under,0.13858428373138776,0.07999999999999996,0.0585842837313878,91.0,93.0,92.0,2026-05-15 11:38:52-04:00,2557891.5,2.5578915,6,False,0,90.0,90.0,69.25555555555556,62.33,-62.33,0.2991171720818148,-0.39343838347374077,True
KXTSAW-26MAY17-A2.55,KXTSAW-26MAY17,weekly,2026-05-17,Sunday,2.55,yes,over,0.8614157162686122,0.92,-0.0585842837313878,91.0,93.0,92.0,2026-05-15 11:38:52-04:00,2557891.5,2.5578915,6,False,1,-60.0,20.0,68.0,13.6,-73.6,0.6651641002959086,-0.014835899704091493,True
KXTSAW-26MAY17-A2.60,KXTSAW-26MAY17,weekly,2026-05-17,Sunday,2.6,no,under,0.8845440681211221,0.905,-0.020455931878877953,9.0,10.0,9.5,2026-05-15 11:38:52-04:00,2557891.5,2.5578915,6,False,1,-2468.0,16.0,92.5,14.8,-2482.8,0.9068344896718331,-0.018165510328166934,True
KXTSAW-26MAY17-A2.60,KXTSAW-26MAY17,weekly,2026-05-17,Sunday,2.6,yes,over,0.1154559318788779,0.095,0.020455931878877898,9.0,10.0,9.5,2026-05-15 11:38:52-04:00,2557891.5,2.5578915,6,False,0,2500.0,2500.0,1.0,25.0,-25.0,0.1231953358095112,0.1131953358095112,True
KXTSAW-26MAY17-A2.65,KXTSAW-26MAY17,weekly,2026-05-17,Sunday,2.65,no,under,,0.99,,,1.0,1.0,2026-05-15 11:38:52-04:00,2557891.5,2.5578915,6,False,1,,,,,,,,False
KXTSAW-26MAY17-A2.65,KXTSAW-26MAY17,weekly,2026-05-17,Sunday,2.65,yes,over,,0.01,,,1.0,1.0,2026-05-15 11:38:52-04:00,2557891.5,2.5578915,6,False,0,,,,,,,,False
KXTSAW-26MAY17-A2.70,KXTSAW-26MAY17,weekly,2026-05-17,Sunday,2.7,no,under,,0.99,,,1.0,1.0,2026-05-15 11:38:52-04:00,2557891.5,2.5578915,6,False,1,,,,,,,,False
KXTSAW-26MAY17-A2.70,KXTSAW-26MAY17,weekly,2026-05-17,Sunday,2.7,yes,over,,0.01,,,1.0,1.0,2026-05-15 11:38:52-04:00,2557891.5,2.5578915,6,False,0,,,,,,,,False
KXTSAW-26MAY17-A2.75,KXTSAW-26MAY17,weekly,2026-05-17,Sunday,2.75,no,under,,0.99,,,1.0,1.0,2026-05-15 11:38:52-04:00,2557891.5,2.5578915,6,False,1,,,,,,,,False
KXTSAW-26MAY17-A2.75,KXTSAW-26MAY17,weekly,2026-05-17,Sunday,2.75,yes,over,,0.01,,,1.0,1.0,2026-05-15 11:38:52-04:00,2557891.5,2.5578915,6,False,0,,,,,,,,False
KXTSAW-26MAY17-A2.80,KXTSAW-26MAY17,weekly,2026-05-17,Sunday,2.8,no,under,,0.99,,,1.0,1.0,2026-05-15 11:38:52-04:00,2557891.5,2.5578915,6,False,1,,,,,,,,False
KXTSAW-26MAY17-A2.80,KXTSAW-26MAY17,weekly,2026-05-17,Sunday,2.8,yes,over,,0.01,,,1.0,1.0,2026-05-15 11:38:52-04:00,2557891.5,2.5578915,6,False,0,,,,,,,,False
