date,weather_is_severe,weather_disruption_score,weather_pct_high_wind,weather_pct_heavy_snow,weather_pct_extreme_cold,weather_max_wind_gust,weather_max_snow,weather_temp_mean
2022-01-01,0,5.5,0.0,0.0,0.2,38.5,2.535,47.93
2022-01-02,0,5.5,0.0,0.0,0.2,38.7,1.929,43.410000000000004
2022-01-03,1,11.0,0.1,0.1,0.2,45.2,8.984,40.12
2022-01-04,0,4.0,0.0,0.0,0.2,32.7,0.303,41.14
2022-01-05,0,4.0,0.0,0.0,0.2,40.5,0.441,44.019999999999996
2022-01-06,0,5.5,0.0,0.0,0.2,35.1,2.673,40.46
2022-01-07,0,5.5,0.0,0.0,0.2,43.0,2.48,39.9
2022-01-08,0,6.0,0.0,0.0,0.3,29.3,0.0,42.1
2022-01-09,0,4.0,0.0,0.0,0.2,33.1,0.055,44.11
2022-01-10,0,4.0,0.0,0.0,0.2,29.1,0.055,42.75
2022-01-11,0,6.0,0.0,0.0,0.3,34.9,0.0,41.72
2022-01-12,0,4.0,0.0,0.0,0.2,34.2,0.0,45.8
2022-01-13,0,0.0,0.0,0.0,0.0,20.8,0.0,48.269999999999996
2022-01-14,0,0.0,0.0,0.0,0.0,38.0,0.331,47.39
2022-01-15,0,7.0,0.1,0.0,0.2,47.0,0.386,42.6
2022-01-16,0,7.5,0.0,0.0,0.3,43.2,1.626,42.15
2022-01-17,0,6.5,0.1,0.0,0.1,58.8,0.772,44.269999999999996
2022-01-18,0,2.0,0.0,0.0,0.1,36.2,0.028,45.980000000000004
2022-01-19,0,2.0,0.0,0.0,0.1,34.7,0.138,46.19
2022-01-20,0,4.0,0.0,0.0,0.2,35.3,0.689,43.489999999999995
2022-01-21,0,4.0,0.0,0.0,0.2,35.1,0.138,40.739999999999995
2022-01-22,0,6.0,0.0,0.0,0.3,32.2,0.11,42.18
2022-01-23,0,4.0,0.0,0.0,0.2,28.2,1.929,42.18
2022-01-24,0,2.0,0.0,0.0,0.1,23.5,0.965,42.05
2022-01-25,0,2.0,0.0,0.0,0.1,22.8,2.232,41.96
2022-01-26,0,6.0,0.0,0.0,0.3,25.7,0.055,38.45
2022-01-27,0,6.0,0.0,0.0,0.3,24.6,0.937,40.64
2022-01-28,0,4.0,0.0,0.0,0.2,32.4,1.213,42.489999999999995
2022-01-29,0,11.5,0.1,0.1,0.3,46.1,5.484,39.05
2022-01-30,0,6.0,0.0,0.0,0.3,36.0,0.028,40.010000000000005
2022-01-31,0,6.0,0.0,0.0,0.3,39.8,0.083,41.769999999999996
2022-02-01,0,4.0,0.0,0.0,0.2,32.7,0.11,44.470000000000006
2022-02-02,0,6.5,0.0,0.1,0.2,35.8,4.63,44.019999999999996
2022-02-03,0,5.0,0.0,0.0,0.1,34.4,0.799,41.38
2022-02-04,0,7.0,0.0,0.0,0.2,39.8,0.0,42.11
2022-02-05,0,6.0,0.0,0.0,0.3,40.0,0.138,39.32
2022-02-06,0,6.0,0.0,0.0,0.3,27.5,0.028,41.19
2022-02-07,0,4.0,0.0,0.0,0.2,40.3,0.193,44.839999999999996
2022-02-08,0,4.0,0.0,0.0,0.2,25.5,0.0,45.589999999999996
2022-02-09,0,2.0,0.0,0.0,0.1,23.9,0.0,47.56
2022-02-10,0,2.0,0.0,0.0,0.1,32.7,0.055,50.42
2022-02-11,0,0.0,0.0,0.0,0.0,35.8,0.772,51.760000000000005
2022-02-12,0,4.0,0.0,0.0,0.2,36.0,1.047,49.9
2022-02-13,0,4.0,0.0,0.0,0.2,31.3,1.543,45.92
2022-02-14,0,6.0,0.0,0.0,0.3,32.7,0.028,45.019999999999996
2022-02-15,0,6.0,0.0,0.0,0.3,38.3,0.0,46.22
2022-02-16,0,0.0,0.0,0.0,0.0,39.1,0.055,50.09
2022-02-17,0,3.5,0.0,0.0,0.1,43.6,1.543,50.82
2022-02-18,0,7.0,0.1,0.0,0.2,46.8,0.606,46.31
2022-02-19,0,4.0,0.0,0.0,0.2,39.1,0.11,44.85
2022-02-20,0,2.0,0.0,0.0,0.1,38.9,0.276,47.17
2022-02-21,0,0.0,0.0,0.0,0.0,36.7,0.689,49.82
2022-02-22,0,2.0,0.0,0.0,0.1,36.7,0.854,48.29
2022-02-23,0,7.0,0.1,0.0,0.2,45.4,0.827,43.14
2022-02-24,0,2.0,0.0,0.0,0.1,30.6,0.331,39.93
2022-02-25,0,2.0,0.0,0.0,0.1,32.0,1.213,41.519999999999996
2022-02-26,0,4.0,0.0,0.0,0.2,30.2,0.055,40.94
2022-02-27,0,2.0,0.0,0.0,0.1,34.9,0.0,45.68
2022-02-28,0,1.5,0.0,0.0,0.0,35.8,0.0,49.8
2022-03-01,0,0.0,0.0,0.0,0.0,32.2,0.0,52.57000000000001
2022-03-02,0,0.0,0.0,0.0,0.0,26.4,0.0,54.470000000000006
2022-03-03,0,0.0,0.0,0.0,0.0,27.1,0.0,53.6
2022-03-04,0,5.0,0.1,0.0,0.1,46.8,0.0,51.9
2022-03-05,0,3.0,0.1,0.0,0.0,46.5,0.138,52.510000000000005
2022-03-06,0,0.0,0.0,0.0,0.0,44.1,1.874,53.269999999999996
2022-03-07,0,4.5,0.0,0.1,0.1,43.4,3.28,50.85
2022-03-08,0,7.0,0.1,0.0,0.2,45.2,2.067,47.11
2022-03-09,0,2.0,0.0,0.0,0.1,33.1,2.067,46.78
2022-03-10,0,2.0,0.0,0.0,0.1,33.1,0.441,45.660000000000004
2022-03-11,0,2.0,0.0,0.0,0.1,37.6,0.854,45.69
2022-03-12,0,10.0,0.2,0.0,0.2,45.6,1.957,45.82000000000001
2022-03-13,0,2.0,0.0,0.0,0.1,36.5,0.083,46.72
2022-03-14,0,0.0,0.0,0.0,0.0,36.2,0.0,52.11
2022-03-15,0,0.0,0.0,0.0,0.0,33.6,0.0,54.4
2022-03-16,0,1.5,0.0,0.0,0.0,33.8,0.0,56.27
2022-03-17,0,2.5,0.0,0.1,0.0,39.8,4.106,56.06
2022-03-18,0,2.0,0.0,0.0,0.1,39.1,0.083,54.19
2022-03-19,0,2.0,0.0,0.0,0.1,28.6,0.0,54.42999999999999
2022-03-20,0,0.0,0.0,0.0,0.0,37.4,0.0,55.029999999999994
2022-03-21,0,1.5,0.0,0.0,0.0,44.7,0.579,55.06
2022-03-22,0,0.0,0.0,0.0,0.0,39.1,0.083,56.489999999999995
2022-03-23,0,0.0,0.0,0.0,0.0,43.0,0.0,57.33
2022-03-24,0,0.0,0.0,0.0,0.0,35.8,0.0,55.489999999999995
2022-03-25,0,0.0,0.0,0.0,0.0,36.5,0.0,55.620000000000005
2022-03-26,0,0.0,0.0,0.0,0.0,37.6,0.22,55.580000000000005
2022-03-27,0,0.0,0.0,0.0,0.0,37.8,0.0,54.910000000000004
2022-03-28,0,0.0,0.0,0.0,0.0,34.9,0.028,54.11999999999999
2022-03-29,0,3.0,0.1,0.0,0.0,46.3,0.0,53.11
2022-03-30,0,6.0,0.2,0.0,0.0,45.9,0.055,54.57000000000001
2022-03-31,0,4.5,0.1,0.0,0.0,54.6,0.0,55.989999999999995
2022-04-01,0,0.0,0.0,0.0,0.0,39.4,0.303,55.08
2022-04-02,0,0.0,0.0,0.0,0.0,29.5,0.028,54.56
2022-04-03,0,0.0,0.0,0.0,0.0,38.5,0.0,55.52
2022-04-04,0,3.0,0.1,0.0,0.0,49.0,0.0,56.92999999999999
2022-04-05,0,9.0,0.2,0.0,0.0,47.9,0.11,58.25
2022-04-06,0,6.0,0.2,0.0,0.0,53.5,0.0,60.07000000000001
2022-04-07,0,4.0,0.1,0.0,0.0,47.0,0.0,60.06999999999999
2022-04-08,0,3.5,0.0,0.0,0.0,42.7,0.083,59.489999999999995
2022-04-09,0,1.0,0.0,0.0,0.0,35.6,0.358,57.129999999999995
2022-04-10,0,0.0,0.0,0.0,0.0,41.6,0.083,56.970000000000006
2022-04-11,0,3.0,0.1,0.0,0.0,48.3,0.0,58.31
2022-04-12,0,3.0,0.1,0.0,0.0,48.1,0.496,59.25
2022-04-13,0,0.0,0.0,0.0,0.0,41.6,0.028,58.06
2022-04-14,0,3.0,0.1,0.0,0.0,50.3,0.11,57.55
2022-04-15,0,0.0,0.0,0.0,0.0,40.0,0.138,57.779999999999994
2022-04-16,0,0.0,0.0,0.0,0.0,38.5,0.0,58.9
2022-04-17,0,0.0,0.0,0.0,0.0,35.3,0.0,56.629999999999995
2022-04-18,0,1.0,0.0,0.0,0.0,32.4,0.717,56.95
2022-04-19,0,5.5,0.1,0.0,0.0,51.2,0.055,57.46
2022-04-20,0,1.0,0.0,0.0,0.0,41.6,0.0,59.27
2022-04-21,0,0.0,0.0,0.0,0.0,36.5,0.0,61.39
2022-04-22,0,0.0,0.0,0.0,0.0,39.8,0.0,62.64
2022-04-23,0,0.0,0.0,0.0,0.0,44.7,0.0,62.04
2022-04-24,0,0.0,0.0,0.0,0.0,41.4,0.0,63.31
2022-04-25,0,1.5,0.0,0.0,0.0,31.5,0.083,61.48
2022-04-26,0,1.0,0.0,0.0,0.0,33.6,0.0,60.54
2022-04-27,0,1.0,0.0,0.0,0.0,35.1,0.0,59.23
2022-04-28,0,0.0,0.0,0.0,0.0,38.9,0.0,59.620000000000005
2022-04-29,0,0.0,0.0,0.0,0.0,41.8,0.0,60.839999999999996
2022-04-30,0,2.5,0.0,0.0,0.0,39.4,0.0,62.64
2022-05-01,0,1.0,0.0,0.0,0.0,36.7,0.0,62.65
2022-05-02,0,0.0,0.0,0.0,0.0,44.7,0.055,62.33
2022-05-03,0,1.5,0.0,0.0,0.0,37.4,0.0,61.160000000000004
2022-05-04,0,0.0,0.0,0.0,0.0,39.1,0.276,61.510000000000005
2022-05-05,0,2.5,0.0,0.0,0.0,29.8,0.055,62.73
2022-05-06,0,1.0,0.0,0.0,0.0,40.3,0.0,63.720000000000006
2022-05-07,0,2.5,0.0,0.0,0.0,38.9,0.0,63.98
2022-05-08,0,4.0,0.1,0.0,0.0,45.9,0.0,62.739999999999995
2022-05-09,0,3.0,0.1,0.0,0.0,45.4,0.0,62.989999999999995
2022-05-10,0,0.0,0.0,0.0,0.0,39.1,0.0,64.58
2022-05-11,0,0.0,0.0,0.0,0.0,39.4,0.0,65.16
2022-05-12,0,0.0,0.0,0.0,0.0,38.7,0.0,66.17999999999999
2022-05-13,0,1.0,0.0,0.0,0.0,39.1,0.0,66.63000000000001
2022-05-14,0,1.0,0.0,0.0,0.0,36.0,0.0,69.36
2022-05-15,0,2.0,0.0,0.0,0.0,39.1,0.0,69.88
2022-05-16,0,1.0,0.0,0.0,0.0,39.6,0.0,69.13
2022-05-17,0,2.0,0.0,0.0,0.0,39.4,0.0,68.09
2022-05-18,0,2.0,0.0,0.0,0.0,43.4,0.0,68.12
2022-05-19,0,2.0,0.0,0.0,0.0,43.4,0.0,70.38
2022-05-20,0,2.0,0.0,0.0,0.0,44.1,0.689,68.22999999999999
2022-05-21,0,4.0,0.0,0.1,0.0,36.0,3.831,65.89
2022-05-22,0,1.0,0.0,0.0,0.0,30.0,0.0,65.92
2022-05-23,0,0.0,0.0,0.0,0.0,36.7,0.0,65.33
2022-05-24,0,2.5,0.0,0.0,0.0,30.2,0.0,65.22999999999999
2022-05-25,0,1.0,0.0,0.0,0.0,35.3,0.0,66.17999999999999
2022-05-26,0,1.0,0.0,0.0,0.0,36.7,0.0,68.03
2022-05-27,0,2.5,0.0,0.0,0.0,39.6,0.0,68.4
2022-05-28,0,1.0,0.0,0.0,0.0,32.4,0.0,68.27000000000001
2022-05-29,0,1.0,0.0,0.0,0.0,36.5,0.0,69.05
2022-05-30,0,1.0,0.0,0.0,0.0,38.9,0.0,69.35
2022-05-31,0,1.0,0.0,0.0,0.0,35.3,0.0,70.78
2022-06-01,0,1.0,0.0,0.0,0.0,34.0,0.0,69.0
2022-06-02,0,2.5,0.0,0.0,0.0,35.6,0.0,69.01
2022-06-03,0,2.5,0.0,0.0,0.0,34.9,0.0,69.42
2022-06-04,0,2.5,0.0,0.0,0.0,42.3,0.0,69.12
2022-06-05,0,1.0,0.0,0.0,0.0,32.4,0.0,70.44
2022-06-06,0,2.0,0.0,0.0,0.0,32.9,0.0,71.12
2022-06-07,0,2.5,0.0,0.0,0.0,36.0,0.0,70.52
2022-06-08,0,1.0,0.0,0.0,0.0,37.4,0.0,71.78999999999999
2022-06-09,0,2.5,0.0,0.0,0.0,33.6,0.0,72.13
2022-06-10,0,2.0,0.0,0.0,0.0,39.8,0.0,73.92
2022-06-11,0,4.5,0.0,0.0,0.0,39.4,0.0,74.76
2022-06-12,0,2.0,0.0,0.0,0.0,31.3,0.0,74.22
2022-06-13,0,3.0,0.0,0.0,0.0,35.6,0.0,75.25
2022-06-14,0,4.0,0.0,0.0,0.0,36.9,0.0,75.5
2022-06-15,0,4.0,0.0,0.0,0.0,37.4,0.0,76.01
2022-06-16,0,2.0,0.0,0.0,0.0,40.5,0.0,76.16
2022-06-17,0,4.0,0.0,0.0,0.0,41.8,0.0,76.42
2022-06-18,0,1.0,0.0,0.0,0.0,38.3,0.0,73.3
2022-06-19,0,2.0,0.0,0.0,0.0,37.1,0.0,72.17999999999999
2022-06-20,0,4.0,0.0,0.0,0.0,34.2,0.0,74.85
2022-06-21,0,4.0,0.0,0.0,0.0,32.9,0.0,77.38
2022-06-22,0,4.5,0.0,0.0,0.0,33.6,0.0,76.8
2022-06-23,0,3.0,0.0,0.0,0.0,34.0,0.0,75.61
2022-06-24,0,2.0,0.0,0.0,0.0,34.4,0.0,75.75
2022-06-25,0,2.0,0.0,0.0,0.0,30.2,0.0,75.42
2022-06-26,0,2.0,0.0,0.0,0.0,39.8,0.0,75.99
2022-06-27,0,1.0,0.0,0.0,0.0,39.8,0.0,74.0
2022-06-28,0,1.0,0.0,0.0,0.0,35.8,0.0,75.24
2022-06-29,0,1.0,0.0,0.0,0.0,35.1,0.0,75.49
2022-06-30,0,2.0,0.0,0.0,0.0,35.8,0.0,75.62
2022-07-01,0,2.0,0.0,0.0,0.0,37.4,0.0,75.87
2022-07-02,0,2.0,0.0,0.0,0.0,41.4,0.0,75.19
2022-07-03,0,2.0,0.0,0.0,0.0,41.2,0.0,76.22
2022-07-04,0,3.5,0.0,0.0,0.0,34.2,0.0,76.32000000000001
2022-07-05,0,2.0,0.0,0.0,0.0,34.7,0.0,77.32000000000001
2022-07-06,0,3.5,0.0,0.0,0.0,35.6,0.0,76.63
2022-07-07,0,2.0,0.0,0.0,0.0,35.3,0.0,76.17
2022-07-08,0,3.5,0.0,0.0,0.0,35.8,0.0,76.89
2022-07-09,0,4.5,0.0,0.0,0.0,36.0,0.0,77.19
2022-07-10,0,4.5,0.0,0.0,0.0,35.6,0.0,77.63
2022-07-11,0,2.0,0.0,0.0,0.0,36.9,0.0,77.02000000000001
2022-07-12,0,2.0,0.0,0.0,0.0,36.9,0.0,78.09
2022-07-13,0,2.0,0.0,0.0,0.0,32.9,0.0,77.78
2022-07-14,0,3.0,0.0,0.0,0.0,36.0,0.0,76.72
2022-07-15,0,3.0,0.0,0.0,0.0,38.0,0.0,76.7
2022-07-16,0,2.0,0.0,0.0,0.0,34.9,0.0,77.35
2022-07-17,0,3.0,0.0,0.0,0.0,32.9,0.0,77.65
2022-07-18,0,3.0,0.0,0.0,0.0,33.8,0.0,78.78
2022-07-19,0,3.0,0.0,0.0,0.0,34.9,0.0,79.22
2022-07-20,0,2.0,0.0,0.0,0.0,34.7,0.0,79.7
2022-07-21,0,3.0,0.0,0.0,0.0,36.2,0.0,79.38
2022-07-22,0,3.0,0.0,0.0,0.0,36.5,0.0,79.08
2022-07-23,0,3.0,0.0,0.0,0.0,40.0,0.0,77.84
2022-07-24,0,3.0,0.0,0.0,0.0,31.5,0.0,77.86
2022-07-25,0,2.0,0.0,0.0,0.0,37.6,0.0,76.69
2022-07-26,0,2.5,0.0,0.0,0.0,30.4,0.0,76.38
2022-07-27,0,2.5,0.0,0.0,0.0,33.8,0.0,76.53
2022-07-28,0,2.5,0.0,0.0,0.0,34.7,0.0,76.8
2022-07-29,0,1.0,0.0,0.0,0.0,34.7,0.0,76.53999999999999
2022-07-30,0,2.5,0.0,0.0,0.0,32.9,0.0,76.25
2022-07-31,0,2.0,0.0,0.0,0.0,32.7,0.0,77.44
2022-08-01,0,2.0,0.0,0.0,0.0,31.3,0.0,78.38
2022-08-02,0,2.0,0.0,0.0,0.0,33.8,0.0,79.26
2022-08-03,0,2.0,0.0,0.0,0.0,34.7,0.0,78.37
2022-08-04,0,3.0,0.0,0.0,0.0,34.4,0.0,77.85
2022-08-05,0,3.0,0.0,0.0,0.0,32.7,0.0,78.52000000000001
2022-08-06,0,2.0,0.0,0.0,0.0,36.2,0.0,79.34
2022-08-07,0,4.5,0.0,0.0,0.0,32.4,0.0,78.8
2022-08-08,0,3.5,0.0,0.0,0.0,36.2,0.0,78.41
2022-08-09,0,2.0,0.0,0.0,0.0,35.8,0.0,77.52000000000001
2022-08-10,0,2.0,0.0,0.0,0.0,34.0,0.0,77.6
2022-08-11,0,2.0,0.0,0.0,0.0,36.0,0.0,77.78
2022-08-12,0,3.0,0.0,0.0,0.0,35.6,0.0,77.17
2022-08-13,0,2.0,0.0,0.0,0.0,34.7,0.0,76.21000000000001
2022-08-14,0,2.0,0.0,0.0,0.0,32.7,0.0,75.92
2022-08-15,0,2.0,0.0,0.0,0.0,30.9,0.0,75.28999999999999
2022-08-16,0,3.5,0.0,0.0,0.0,29.1,0.0,75.9
2022-08-17,0,2.0,0.0,0.0,0.0,30.9,0.0,76.16
2022-08-18,0,1.0,0.0,0.0,0.0,36.0,0.0,75.05
2022-08-19,0,1.0,0.0,0.0,0.0,34.7,0.0,75.39000000000001
2022-08-20,0,0.0,0.0,0.0,0.0,31.8,0.0,74.61
2022-08-21,0,0.0,0.0,0.0,0.0,34.4,0.0,73.81
2022-08-22,0,2.5,0.0,0.0,0.0,34.0,0.0,73.61
2022-08-23,0,1.0,0.0,0.0,0.0,32.7,0.0,74.65
2022-08-24,0,1.0,0.0,0.0,0.0,30.0,0.0,75.0
2022-08-25,0,1.0,0.0,0.0,0.0,32.4,0.0,75.95
2022-08-26,0,1.0,0.0,0.0,0.0,29.3,0.0,74.7
2022-08-27,0,1.0,0.0,0.0,0.0,30.0,0.0,74.78
2022-08-28,0,1.0,0.0,0.0,0.0,31.1,0.0,75.3
2022-08-29,0,1.0,0.0,0.0,0.0,31.3,0.0,76.27000000000001
2022-08-30,0,1.0,0.0,0.0,0.0,32.0,0.0,76.56
2022-08-31,0,2.0,0.0,0.0,0.0,31.3,0.0,77.17
2022-09-01,0,2.0,0.0,0.0,0.0,31.3,0.0,77.47
2022-09-02,0,3.5,0.0,0.0,0.0,31.3,0.0,76.66
2022-09-03,0,2.0,0.0,0.0,0.0,32.2,0.0,76.87
2022-09-04,0,2.0,0.0,0.0,0.0,29.5,0.0,77.91
2022-09-05,0,4.5,0.0,0.0,0.0,30.6,0.0,77.22
2022-09-06,0,5.5,0.0,0.0,0.0,36.9,0.0,77.55
2022-09-07,0,3.0,0.0,0.0,0.0,30.2,0.0,76.81
2022-09-08,0,3.0,0.0,0.0,0.0,26.8,0.0,76.2
2022-09-09,0,2.0,0.0,0.0,0.0,33.6,0.0,75.34
2022-09-10,0,0.0,0.0,0.0,0.0,32.9,0.0,71.47999999999999
2022-09-11,0,5.5,0.1,0.0,0.0,50.1,0.0,72.71000000000001
2022-09-12,0,4.0,0.1,0.0,0.0,49.0,0.0,71.66
2022-09-13,0,0.0,0.0,0.0,0.0,36.2,0.0,70.83
2022-09-14,0,1.0,0.0,0.0,0.0,34.4,0.0,71.42
2022-09-15,0,1.0,0.0,0.0,0.0,35.3,0.0,70.72999999999999
2022-09-16,0,1.0,0.0,0.0,0.0,35.1,0.0,70.81
2022-09-17,0,1.0,0.0,0.0,0.0,42.1,0.0,71.74
2022-09-18,0,1.0,0.0,0.0,0.0,42.7,0.0,72.81
2022-09-19,0,1.0,0.0,0.0,0.0,41.4,0.0,73.49
2022-09-20,0,2.0,0.0,0.0,0.0,30.6,0.0,74.03
2022-09-21,0,1.0,0.0,0.0,0.0,34.0,0.0,73.32000000000001
2022-09-22,0,1.0,0.0,0.0,0.0,30.6,0.0,70.17
2022-09-23,0,1.0,0.0,0.0,0.0,34.4,0.0,69.31
2022-09-24,0,2.0,0.0,0.0,0.0,28.6,0.0,70.05
2022-09-25,0,2.0,0.0,0.0,0.0,29.5,0.0,70.57000000000001
2022-09-26,0,1.0,0.0,0.0,0.0,31.1,0.0,69.86
2022-09-27,0,3.5,0.0,0.0,0.0,35.1,0.0,69.12
2022-09-28,0,6.5,0.1,0.0,0.0,58.6,0.0,69.03999999999999
2022-09-29,0,1.0,0.0,0.0,0.0,40.5,0.0,68.38000000000001
2022-09-30,0,1.0,0.0,0.0,0.0,29.3,0.0,66.32
2022-10-01,0,0.0,0.0,0.0,0.0,34.0,0.0,65.87
2022-10-02,0,0.0,0.0,0.0,0.0,32.9,0.0,66.25
2022-10-03,0,1.0,0.0,0.0,0.0,32.2,0.0,65.53
2022-10-04,0,1.5,0.0,0.0,0.0,44.5,0.0,64.51
2022-10-05,0,0.0,0.0,0.0,0.0,29.5,0.0,65.69
2022-10-06,0,0.0,0.0,0.0,0.0,37.6,0.0,66.69
2022-10-07,0,0.0,0.0,0.0,0.0,35.1,0.0,65.49
2022-10-08,0,0.0,0.0,0.0,0.0,27.5,0.0,63.58
2022-10-09,0,0.0,0.0,0.0,0.0,28.9,0.0,62.58
2022-10-10,0,0.0,0.0,0.0,0.0,28.0,0.0,64.55
2022-10-11,0,0.0,0.0,0.0,0.0,33.6,0.0,66.0
2022-10-12,0,0.0,0.0,0.0,0.0,39.6,0.0,66.65
2022-10-13,0,1.0,0.0,0.0,0.0,38.7,0.0,64.42
2022-10-14,0,1.0,0.0,0.0,0.0,35.1,0.0,62.86
2022-10-15,0,0.0,0.0,0.0,0.0,29.1,0.0,63.56999999999999
2022-10-16,0,1.5,0.0,0.0,0.0,29.8,0.0,63.35
2022-10-17,0,0.0,0.0,0.0,0.0,36.7,0.028,61.1
2022-10-18,0,0.0,0.0,0.0,0.0,34.4,0.055,58.46
2022-10-19,0,1.0,0.0,0.0,0.0,29.8,0.0,58.32000000000001
2022-10-20,0,0.0,0.0,0.0,0.0,28.9,0.0,59.779999999999994
2022-10-21,0,0.0,0.0,0.0,0.0,31.3,0.0,61.07000000000001
2022-10-22,0,0.0,0.0,0.0,0.0,40.3,0.0,63.239999999999995
2022-10-23,0,0.0,0.0,0.0,0.0,42.7,0.0,63.05
2022-10-24,0,0.0,0.0,0.0,0.0,38.0,0.661,61.02
2022-10-25,0,3.0,0.1,0.0,0.0,51.9,0.0,60.56
2022-10-26,0,1.5,0.0,0.0,0.0,38.7,0.0,58.55
2022-10-27,0,0.0,0.0,0.0,0.0,39.8,0.799,57.39
2022-10-28,0,1.5,0.0,0.0,0.0,34.4,0.0,57.410000000000004
2022-10-29,0,0.0,0.0,0.0,0.0,26.8,0.0,57.08
2022-10-30,0,0.0,0.0,0.0,0.0,32.4,0.0,58.19
2022-10-31,0,3.0,0.0,0.0,0.0,35.1,0.0,60.089999999999996
2022-11-01,0,0.0,0.0,0.0,0.0,40.0,0.0,60.45
2022-11-02,0,0.0,0.0,0.0,0.0,36.7,0.055,60.0
2022-11-03,0,0.0,0.0,0.0,0.0,36.5,0.0,58.05
2022-11-04,0,1.5,0.0,0.0,0.0,44.5,0.469,57.17
2022-11-05,0,3.0,0.1,0.0,0.0,52.1,0.0,58.410000000000004
2022-11-06,0,0.0,0.0,0.0,0.0,40.0,0.0,59.02
2022-11-07,0,0.0,0.0,0.0,0.0,42.7,0.0,59.78000000000001
2022-11-08,0,1.5,0.0,0.0,0.0,40.5,0.0,58.32000000000001
2022-11-09,0,1.5,0.0,0.0,0.0,38.7,0.0,55.620000000000005
2022-11-10,0,0.0,0.0,0.0,0.0,36.5,0.0,55.82000000000001
2022-11-11,0,1.5,0.0,0.0,0.0,37.8,0.0,54.279999999999994
2022-11-12,0,0.0,0.0,0.0,0.0,34.0,0.0,51.32000000000001
2022-11-13,0,0.0,0.0,0.0,0.0,29.3,0.0,47.74
2022-11-14,0,0.0,0.0,0.0,0.0,23.0,0.0,46.07
2022-11-15,0,0.0,0.0,0.0,0.0,26.8,0.909,47.37
2022-11-16,0,0.0,0.0,0.0,0.0,29.5,0.717,48.04
2022-11-17,0,0.0,0.0,0.0,0.0,35.1,0.193,45.94
2022-11-18,0,2.0,0.0,0.0,0.1,33.6,0.689,44.1
2022-11-19,0,4.0,0.0,0.0,0.2,35.3,0.083,44.4
2022-11-20,0,4.0,0.0,0.0,0.2,36.9,0.028,44.510000000000005
2022-11-21,0,2.0,0.0,0.0,0.1,29.8,0.11,46.489999999999995
2022-11-22,0,0.0,0.0,0.0,0.0,32.4,0.0,48.96
2022-11-23,0,0.0,0.0,0.0,0.0,19.2,0.0,50.769999999999996
2022-11-24,0,1.5,0.0,0.0,0.0,24.6,0.0,52.32000000000001
2022-11-25,0,0.0,0.0,0.0,0.0,27.5,0.0,52.379999999999995
2022-11-26,0,1.5,0.0,0.0,0.0,33.8,0.0,51.9
2022-11-27,0,3.0,0.1,0.0,0.0,45.2,0.0,52.760000000000005
2022-11-28,0,0.0,0.0,0.0,0.0,35.8,0.331,50.78
2022-11-29,0,2.0,0.0,0.0,0.1,33.8,1.295,49.83
2022-11-30,0,4.5,0.0,0.1,0.1,39.6,5.154,47.81
2022-12-01,0,4.0,0.0,0.0,0.2,37.4,0.496,45.38
2022-12-02,0,0.0,0.0,0.0,0.0,34.9,0.11,48.72
2022-12-03,0,2.0,0.0,0.0,0.1,38.0,2.398,50.04
2022-12-04,0,0.0,0.0,0.0,0.0,27.7,0.083,48.72
2022-12-05,0,0.0,0.0,0.0,0.0,33.1,0.0,49.839999999999996
2022-12-06,0,0.0,0.0,0.0,0.0,22.4,0.0,52.07000000000001
2022-12-07,0,0.0,0.0,0.0,0.0,25.1,0.0,53.54
2022-12-08,0,0.0,0.0,0.0,0.0,26.2,0.0,52.339999999999996
2022-12-09,0,2.0,0.0,0.0,0.1,28.4,0.717,49.64
2022-12-10,0,0.0,0.0,0.0,0.0,43.0,0.0,48.980000000000004
2022-12-11,0,1.5,0.0,0.0,0.0,33.3,0.028,48.97
2022-12-12,0,0.0,0.0,0.0,0.0,34.2,1.02,48.55
2022-12-13,0,0.0,0.0,0.0,0.0,37.8,0.551,45.4
2022-12-14,0,2.0,0.0,0.0,0.1,33.8,0.028,44.769999999999996
2022-12-15,0,1.5,0.0,0.0,0.0,38.5,0.083,44.79
2022-12-16,0,2.0,0.0,0.0,0.1,35.6,0.276,43.29
2022-12-17,0,2.0,0.0,0.0,0.1,29.5,0.0,42.2
2022-12-18,0,5.5,0.0,0.0,0.2,28.9,0.276,41.32000000000001
2022-12-19,0,4.0,0.0,0.0,0.2,25.5,0.579,40.2
2022-12-20,0,0.0,0.0,0.0,0.0,25.3,0.909,43.3
2022-12-21,0,2.0,0.0,0.0,0.1,30.2,0.11,41.84
2022-12-22,0,4.0,0.0,0.0,0.2,44.3,1.433,38.63
2022-12-23,1,14.5,0.1,0.0,0.5,50.3,0.496,33.29
2022-12-24,1,9.5,0.0,0.0,0.4,42.1,0.055,32.62
2022-12-25,0,6.0,0.0,0.0,0.3,30.4,0.0,38.36
2022-12-26,0,9.0,0.1,0.0,0.3,45.2,0.303,41.69
2022-12-27,0,5.0,0.0,0.0,0.1,41.8,0.0,43.89
2022-12-28,0,3.0,0.1,0.0,0.0,47.4,0.0,46.58
2022-12-29,0,6.0,0.0,0.1,0.1,36.9,6.256,49.91
2022-12-30,0,2.0,0.0,0.0,0.1,37.8,0.0,49.75
2022-12-31,0,3.5,0.0,0.0,0.1,38.0,0.0,50.64
2023-01-01,0,2.0,0.0,0.0,0.1,40.9,0.055,51.11
2023-01-02,0,0.0,0.0,0.0,0.0,32.0,0.661,49.13
2023-01-03,0,2.0,0.0,0.0,0.1,38.3,0.606,50.239999999999995
2023-01-04,0,2.0,0.0,0.0,0.1,41.6,0.0,50.230000000000004
2023-01-05,0,8.0,0.1,0.0,0.1,56.4,0.331,48.010000000000005
2023-01-06,0,2.0,0.0,0.0,0.1,31.1,0.496,46.62
2023-01-07,0,2.0,0.0,0.0,0.1,32.4,0.0,46.86
2023-01-08,0,3.5,0.0,0.0,0.1,43.2,0.0,46.44
2023-01-09,0,6.5,0.1,0.0,0.1,49.9,0.083,46.940000000000005
2023-01-10,0,6.5,0.1,0.0,0.1,49.7,0.0,48.56
2023-01-11,0,1.5,0.0,0.0,0.0,41.2,0.386,48.9
2023-01-12,0,2.0,0.0,0.0,0.1,40.0,0.0,50.25
2023-01-13,0,2.0,0.0,0.0,0.1,40.3,0.193,49.1
2023-01-14,0,0.0,0.0,0.0,0.0,42.3,0.0,44.4
2023-01-15,0,0.0,0.0,0.0,0.0,38.3,0.0,44.39
2023-01-16,0,2.0,0.0,0.0,0.1,38.7,0.055,46.94
2023-01-17,0,2.0,0.0,0.0,0.1,32.2,0.0,47.56
2023-01-18,0,2.5,0.0,0.1,0.0,28.2,4.382,48.25
2023-01-19,0,2.0,0.0,0.0,0.1,34.7,0.496,46.75
2023-01-20,0,2.0,0.0,0.0,0.1,32.0,0.083,44.19
2023-01-21,0,2.0,0.0,0.0,0.1,36.5,0.303,42.660000000000004
2023-01-22,0,3.5,0.0,0.0,0.1,39.6,0.634,43.07
2023-01-23,0,2.0,0.0,0.0,0.1,29.5,0.11,42.58
2023-01-24,0,2.0,0.0,0.0,0.1,30.2,0.469,42.08
2023-01-25,0,2.0,0.0,0.0,0.1,36.7,2.232,43.940000000000005
2023-01-26,0,6.5,0.1,0.0,0.1,51.9,0.606,44.15
2023-01-27,0,4.0,0.0,0.0,0.2,36.2,0.193,43.11
2023-01-28,0,4.0,0.0,0.0,0.2,32.7,0.441,43.53
2023-01-29,0,2.0,0.0,0.0,0.1,27.5,0.551,43.85
2023-01-30,0,4.0,0.0,0.0,0.2,29.3,0.331,38.510000000000005
2023-01-31,0,4.0,0.0,0.0,0.2,22.8,0.496,38.92
2023-02-01,0,4.0,0.0,0.0,0.2,22.8,0.441,39.28
2023-02-02,0,4.0,0.0,0.0,0.2,24.2,0.0,42.0
2023-02-03,0,6.0,0.0,0.0,0.3,41.4,0.0,41.95
2023-02-04,0,6.0,0.0,0.0,0.3,42.5,0.0,42.239999999999995
2023-02-05,0,3.5,0.0,0.0,0.1,43.2,0.0,46.95
2023-02-06,0,2.0,0.0,0.0,0.1,38.5,0.165,47.68
2023-02-07,0,2.0,0.0,0.0,0.1,38.9,0.028,48.21
2023-02-08,0,3.5,0.0,0.0,0.1,39.1,0.055,47.39
2023-02-09,0,2.0,0.0,0.0,0.1,34.4,0.276,48.72
2023-02-10,0,2.0,0.0,0.0,0.1,32.7,0.0,49.58
2023-02-11,0,2.0,0.0,0.0,0.1,33.8,0.028,47.5
2023-02-12,0,0.0,0.0,0.0,0.0,42.5,0.0,46.730000000000004
2023-02-13,0,0.0,0.0,0.0,0.0,35.8,0.303,48.14
2023-02-14,0,0.0,0.0,0.0,0.0,44.1,0.0,48.61
2023-02-15,0,2.0,0.0,0.0,0.1,43.6,1.819,48.68
2023-02-16,0,2.0,0.0,0.0,0.1,40.7,1.791,46.62
2023-02-17,0,4.0,0.0,0.0,0.2,43.8,1.13,45.65
2023-02-18,0,2.0,0.0,0.0,0.1,34.7,0.0,45.07
2023-02-19,0,2.0,0.0,0.0,0.1,30.6,0.0,49.21
2023-02-20,0,0.0,0.0,0.0,0.0,39.1,0.0,52.81
2023-02-21,0,3.0,0.1,0.0,0.0,53.2,0.165,53.339999999999996
2023-02-22,0,5.0,0.1,0.0,0.1,51.5,1.02,49.269999999999996
2023-02-23,0,2.0,0.0,0.0,0.1,40.7,0.441,45.12
2023-02-24,0,2.0,0.0,0.0,0.1,43.6,0.0,43.6
2023-02-25,0,6.5,0.1,0.0,0.1,47.0,0.469,44.62
2023-02-26,0,0.0,0.0,0.0,0.0,37.8,1.543,48.3
2023-02-27,0,3.0,0.1,0.0,0.0,47.4,0.22,49.39
2023-02-28,0,2.5,0.0,0.1,0.0,43.4,3.886,49.8
2023-03-01,0,2.0,0.0,0.0,0.1,34.7,0.689,49.309999999999995
2023-03-02,0,2.0,0.0,0.0,0.1,39.6,0.303,49.65
2023-03-03,0,6.0,0.2,0.0,0.0,57.5,1.323,48.72
2023-03-04,0,4.5,0.1,0.0,0.0,51.2,0.827,48.989999999999995
2023-03-05,0,3.0,0.1,0.0,0.0,45.9,0.0,49.86
2023-03-06,0,0.0,0.0,0.0,0.0,30.0,0.606,51.45
2023-03-07,0,0.0,0.0,0.0,0.0,38.9,0.689,51.52
2023-03-08,0,0.0,0.0,0.0,0.0,36.5,0.0,49.11
2023-03-09,0,0.0,0.0,0.0,0.0,28.4,0.303,49.65
2023-03-10,0,4.5,0.1,0.0,0.0,47.2,2.591,50.06
2023-03-11,0,0.0,0.0,0.0,0.0,30.4,0.524,52.589999999999996
2023-03-12,0,1.5,0.0,0.0,0.0,33.1,1.185,51.589999999999996
2023-03-13,0,1.5,0.0,0.0,0.0,40.3,0.331,50.260000000000005
2023-03-14,0,9.5,0.2,0.0,0.1,55.9,1.075,48.61
2023-03-15,0,1.5,0.0,0.0,0.0,40.7,0.083,49.47
2023-03-16,0,3.0,0.1,0.0,0.0,45.4,0.386,50.56
2023-03-17,0,2.0,0.0,0.0,0.1,41.2,0.0,49.510000000000005
2023-03-18,0,4.0,0.0,0.0,0.2,33.1,0.0,48.010000000000005
2023-03-19,0,4.0,0.0,0.0,0.2,30.2,0.0,46.95
2023-03-20,0,1.5,0.0,0.0,0.0,34.2,0.0,47.38
2023-03-21,1,4.5,0.1,0.0,0.0,65.5,0.028,50.489999999999995
2023-03-22,1,3.0,0.1,0.0,0.0,63.1,0.165,52.71
2023-03-23,0,0.0,0.0,0.0,0.0,40.0,0.331,53.52
2023-03-24,0,1.5,0.0,0.0,0.0,38.0,0.276,53.470000000000006
2023-03-25,0,0.0,0.0,0.0,0.0,37.8,0.717,51.54
2023-03-26,0,2.0,0.0,0.0,0.1,33.6,0.028,50.97
2023-03-27,0,1.5,0.0,0.0,0.0,32.4,1.02,51.339999999999996
2023-03-28,0,5.0,0.1,0.0,0.1,47.0,0.028,52.089999999999996
2023-03-29,0,0.0,0.0,0.0,0.0,28.6,0.028,51.09
2023-03-30,0,3.0,0.0,0.0,0.0,36.9,0.0,50.730000000000004
2023-03-31,0,3.0,0.1,0.0,0.0,58.2,0.0,54.82000000000001
2023-04-01,0,0.0,0.0,0.0,0.0,38.9,0.0,56.52
2023-04-02,0,0.0,0.0,0.0,0.0,38.9,0.358,54.529999999999994
2023-04-03,0,0.0,0.0,0.0,0.0,38.7,0.551,55.42
2023-04-04,0,0.0,0.0,0.0,0.0,42.3,0.303,55.029999999999994
2023-04-05,0,2.0,0.0,0.0,0.1,43.0,0.22,55.85
2023-04-06,0,2.0,0.0,0.0,0.1,29.1,0.0,54.92
2023-04-07,0,0.0,0.0,0.0,0.0,27.3,0.0,56.11
2023-04-08,0,1.5,0.0,0.0,0.0,32.9,0.0,54.52
2023-04-09,0,1.5,0.0,0.0,0.0,34.9,0.0,56.470000000000006
2023-04-10,0,1.0,0.0,0.0,0.0,37.4,0.0,58.239999999999995
2023-04-11,0,2.5,0.0,0.0,0.0,37.8,0.083,60.27
2023-04-12,0,2.5,0.0,0.0,0.0,36.0,0.0,62.379999999999995
2023-04-13,0,0.0,0.0,0.0,0.0,32.7,0.0,63.04
2023-04-14,0,0.0,0.0,0.0,0.0,30.9,0.11,60.95
2023-04-15,0,0.0,0.0,0.0,0.0,31.8,0.083,61.239999999999995
2023-04-16,0,0.0,0.0,0.0,0.0,40.9,0.0,59.06
2023-04-17,0,0.0,0.0,0.0,0.0,38.9,0.799,57.06
2023-04-18,0,0.0,0.0,0.0,0.0,42.3,0.083,57.56
2023-04-19,0,0.0,0.0,0.0,0.0,38.0,0.799,58.239999999999995
2023-04-20,0,0.0,0.0,0.0,0.0,41.6,0.138,59.220000000000006
2023-04-21,0,0.0,0.0,0.0,0.0,32.7,0.0,60.04
2023-04-22,0,0.0,0.0,0.0,0.0,32.4,1.433,59.48
2023-04-23,0,1.5,0.0,0.0,0.0,33.8,0.028,57.46
2023-04-24,0,0.0,0.0,0.0,0.0,32.2,0.0,57.160000000000004
2023-04-25,0,0.0,0.0,0.0,0.0,31.3,0.028,57.54
2023-04-26,0,1.5,0.0,0.0,0.0,31.3,0.276,57.370000000000005
2023-04-27,0,0.0,0.0,0.0,0.0,31.5,0.0,58.92999999999999
2023-04-28,0,1.0,0.0,0.0,0.0,41.6,0.0,59.67999999999999
2023-04-29,0,2.5,0.0,0.0,0.0,33.8,0.0,60.94
2023-04-30,0,1.0,0.0,0.0,0.0,43.4,0.0,61.46
2023-05-01,0,1.0,0.0,0.0,0.0,42.3,0.0,59.779999999999994
2023-05-02,0,0.0,0.0,0.0,0.0,44.3,0.0,58.989999999999995
2023-05-03,0,0.0,0.0,0.0,0.0,30.9,0.0,59.870000000000005
2023-05-04,0,0.0,0.0,0.0,0.0,27.5,0.0,59.89
2023-05-05,0,0.0,0.0,0.0,0.0,36.2,0.0,61.410000000000004
2023-05-06,0,0.0,0.0,0.0,0.0,31.8,0.0,63.160000000000004
2023-05-07,0,0.0,0.0,0.0,0.0,32.7,0.0,64.28
2023-05-08,0,0.0,0.0,0.0,0.0,28.4,0.0,64.39
2023-05-09,0,0.0,0.0,0.0,0.0,34.9,0.0,64.08
2023-05-10,0,0.0,0.0,0.0,0.0,34.7,0.0,63.42999999999999
2023-05-11,0,1.5,0.0,0.0,0.0,31.8,0.0,64.07000000000001
2023-05-12,0,4.0,0.0,0.0,0.0,36.2,0.0,66.1
2023-05-13,0,2.5,0.0,0.0,0.0,29.1,0.0,67.61
2023-05-14,0,2.5,0.0,0.0,0.0,34.7,0.0,67.44
2023-05-15,0,1.0,0.0,0.0,0.0,34.9,0.0,67.35
2023-05-16,0,1.0,0.0,0.0,0.0,25.7,0.0,68.22999999999999
2023-05-17,0,1.0,0.0,0.0,0.0,38.7,0.0,66.17999999999999
2023-05-18,0,2.5,0.0,0.0,0.0,35.1,0.0,65.46000000000001
2023-05-19,0,1.0,0.0,0.0,0.0,36.0,0.0,65.99
2023-05-20,0,1.5,0.0,0.0,0.0,35.8,0.0,65.16
2023-05-21,0,1.0,0.0,0.0,0.0,34.2,0.0,66.96000000000001
2023-05-22,0,1.0,0.0,0.0,0.0,29.5,0.0,67.33
2023-05-23,0,1.0,0.0,0.0,0.0,31.1,0.0,66.9
2023-05-24,0,1.0,0.0,0.0,0.0,32.0,0.0,66.1
2023-05-25,0,1.0,0.0,0.0,0.0,31.8,0.0,65.44
2023-05-26,0,1.0,0.0,0.0,0.0,31.1,0.0,65.88
2023-05-27,0,1.0,0.0,0.0,0.0,31.1,0.0,66.11999999999999
2023-05-28,0,1.0,0.0,0.0,0.0,31.1,0.0,66.78999999999999
2023-05-29,0,1.0,0.0,0.0,0.0,33.1,0.0,67.51
2023-05-30,0,1.0,0.0,0.0,0.0,32.9,0.0,67.55
2023-05-31,0,0.0,0.0,0.0,0.0,29.5,0.0,67.47
2023-06-01,0,0.0,0.0,0.0,0.0,29.5,0.0,68.26
2023-06-02,0,0.0,0.0,0.0,0.0,30.9,0.0,69.53
2023-06-03,0,1.0,0.0,0.0,0.0,29.1,0.0,68.49
2023-06-04,0,2.5,0.0,0.0,0.0,30.9,0.0,67.85
2023-06-05,0,1.0,0.0,0.0,0.0,36.0,0.0,67.4
2023-06-06,0,1.0,0.0,0.0,0.0,35.3,0.0,69.19
2023-06-07,0,0.0,0.0,0.0,0.0,35.1,0.0,68.6
2023-06-08,0,0.0,0.0,0.0,0.0,29.1,0.0,68.56
2023-06-09,0,1.0,0.0,0.0,0.0,30.6,0.0,68.32000000000001
2023-06-10,0,1.0,0.0,0.0,0.0,31.3,0.0,69.17
2023-06-11,0,1.0,0.0,0.0,0.0,39.4,0.0,69.0
2023-06-12,0,0.0,0.0,0.0,0.0,36.0,0.0,67.82
2023-06-13,0,0.0,0.0,0.0,0.0,31.8,0.0,68.14
2023-06-14,0,1.0,0.0,0.0,0.0,35.3,0.0,67.92999999999999
2023-06-15,0,1.0,0.0,0.0,0.0,34.0,0.0,68.99
2023-06-16,0,3.5,0.0,0.0,0.0,35.6,0.0,69.78999999999999
2023-06-17,0,1.0,0.0,0.0,0.0,33.1,0.0,69.59
2023-06-18,0,2.5,0.0,0.0,0.0,40.3,0.0,71.09
2023-06-19,0,1.0,0.0,0.0,0.0,41.2,0.0,71.26
2023-06-20,0,2.0,0.0,0.0,0.0,38.3,0.0,71.03999999999999
2023-06-21,0,1.0,0.0,0.0,0.0,35.8,0.0,70.95
2023-06-22,0,1.0,0.0,0.0,0.0,34.2,0.0,70.45
2023-06-23,0,1.0,0.0,0.0,0.0,31.8,0.0,71.2
2023-06-24,0,3.5,0.0,0.0,0.0,34.9,0.0,71.86
2023-06-25,0,3.5,0.0,0.0,0.0,36.5,0.0,73.65
2023-06-26,0,2.0,0.0,0.0,0.0,34.9,0.0,74.03
2023-06-27,0,2.0,0.0,0.0,0.0,35.3,0.0,74.12
2023-06-28,0,2.0,0.0,0.0,0.0,34.7,0.0,73.71000000000001
2023-06-29,0,3.5,0.0,0.0,0.0,34.4,0.0,74.41
2023-06-30,0,2.0,0.0,0.0,0.0,30.0,0.0,74.77000000000001
2023-07-01,0,1.0,0.0,0.0,0.0,29.3,0.0,74.74
2023-07-02,0,2.5,0.0,0.0,0.0,38.5,0.0,74.63
2023-07-03,0,1.0,0.0,0.0,0.0,31.1,0.0,75.42
2023-07-04,0,1.0,0.0,0.0,0.0,32.2,0.0,75.72
2023-07-05,0,1.0,0.0,0.0,0.0,32.2,0.0,76.2
2023-07-06,0,2.5,0.0,0.0,0.0,30.6,0.0,75.94
2023-07-07,0,1.0,0.0,0.0,0.0,39.1,0.0,74.42
2023-07-08,0,2.0,0.0,0.0,0.0,38.0,0.0,74.32000000000001
2023-07-09,0,1.0,0.0,0.0,0.0,38.9,0.0,73.78999999999999
2023-07-10,0,2.5,0.0,0.0,0.0,37.6,0.0,74.91
2023-07-11,0,1.0,0.0,0.0,0.0,32.2,0.0,76.02000000000001
2023-07-12,0,3.5,0.0,0.0,0.0,30.6,0.0,77.5
2023-07-13,0,2.0,0.0,0.0,0.0,40.0,0.0,77.87
2023-07-14,0,3.5,0.0,0.0,0.0,32.4,0.0,78.1
2023-07-15,0,3.5,0.0,0.0,0.0,28.9,0.0,78.14
2023-07-16,0,2.5,0.0,0.0,0.0,31.8,0.0,78.14
2023-07-17,0,3.0,0.0,0.0,0.0,29.8,0.0,77.92999999999999
2023-07-18,0,3.0,0.0,0.0,0.0,35.6,0.0,78.52000000000001
2023-07-19,0,2.0,0.0,0.0,0.0,32.2,0.0,78.28999999999999
2023-07-20,0,2.0,0.0,0.0,0.0,31.5,0.0,79.0
2023-07-21,0,2.0,0.0,0.0,0.0,30.0,0.0,77.55999999999999
2023-07-22,0,2.0,0.0,0.0,0.0,26.6,0.0,77.26
2023-07-23,0,2.0,0.0,0.0,0.0,33.1,0.0,77.4
2023-07-24,0,3.0,0.0,0.0,0.0,35.3,0.0,77.96000000000001
2023-07-25,0,4.0,0.0,0.0,0.0,30.9,0.0,78.59
2023-07-26,0,3.0,0.0,0.0,0.0,35.1,0.0,79.4
2023-07-27,0,3.0,0.0,0.0,0.0,36.0,0.0,79.58
2023-07-28,0,3.0,0.0,0.0,0.0,36.0,0.0,79.89
2023-07-29,0,3.0,0.0,0.0,0.0,31.8,0.0,78.91
2023-07-30,0,2.0,0.0,0.0,0.0,32.4,0.0,77.66
2023-07-31,0,3.0,0.0,0.0,0.0,32.7,0.0,78.12
2023-08-01,0,2.0,0.0,0.0,0.0,33.3,0.0,77.46000000000001
2023-08-02,0,2.0,0.0,0.0,0.0,31.8,0.0,77.34
2023-08-03,0,2.0,0.0,0.0,0.0,36.2,0.0,76.78999999999999
2023-08-04,0,2.0,0.0,0.0,0.0,34.2,0.0,77.13
2023-08-05,0,2.0,0.0,0.0,0.0,30.6,0.0,78.05
2023-08-06,0,2.0,0.0,0.0,0.0,31.1,0.0,78.03
2023-08-07,0,2.0,0.0,0.0,0.0,36.5,0.0,77.42
2023-08-08,0,3.5,0.0,0.0,0.0,32.4,0.0,76.9
2023-08-09,0,2.0,0.0,0.0,0.0,34.9,0.0,76.41
2023-08-10,0,2.0,0.0,0.0,0.0,30.6,0.0,76.78
2023-08-11,0,2.0,0.0,0.0,0.0,30.9,0.0,77.35
2023-08-12,0,2.0,0.0,0.0,0.0,29.3,0.0,77.56
2023-08-13,0,2.0,0.0,0.0,0.0,28.4,0.0,77.36
2023-08-14,0,2.0,0.0,0.0,0.0,28.4,0.0,77.7
2023-08-15,0,2.0,0.0,0.0,0.0,31.5,0.0,77.05
2023-08-16,0,1.0,0.0,0.0,0.0,30.2,0.0,77.44
2023-08-17,0,2.0,0.0,0.0,0.0,32.2,0.0,78.03
2023-08-18,0,2.0,0.0,0.0,0.0,32.7,0.0,77.69
2023-08-19,0,3.0,0.0,0.0,0.0,35.1,0.0,76.18
2023-08-20,0,4.5,0.0,0.0,0.0,41.4,0.0,77.13
2023-08-21,0,4.5,0.0,0.0,0.0,40.7,0.0,78.0
2023-08-22,0,4.0,0.0,0.0,0.0,40.3,0.0,77.71000000000001
2023-08-23,0,3.0,0.0,0.0,0.0,29.3,0.0,78.7
2023-08-24,0,3.0,0.0,0.0,0.0,33.1,0.0,79.36
2023-08-25,0,3.0,0.0,0.0,0.0,37.1,0.0,77.06
2023-08-26,0,3.0,0.0,0.0,0.0,33.8,0.0,77.43
2023-08-27,0,3.0,0.0,0.0,0.0,32.4,0.0,77.24
2023-08-28,0,1.0,0.0,0.0,0.0,31.3,0.0,76.6
2023-08-29,0,3.0,0.0,0.0,0.0,37.8,0.0,76.47
2023-08-30,0,4.5,0.0,0.0,0.0,40.9,0.0,76.91
2023-08-31,0,3.0,0.0,0.0,0.0,28.6,0.0,75.36
2023-09-01,0,3.0,0.0,0.0,0.0,29.3,0.0,74.35
2023-09-02,0,2.5,0.0,0.0,0.0,28.4,0.0,73.94
2023-09-03,0,1.0,0.0,0.0,0.0,32.0,0.0,75.6
2023-09-04,0,2.0,0.0,0.0,0.0,28.6,0.0,75.47
2023-09-05,0,3.0,0.0,0.0,0.0,29.5,0.0,75.97
2023-09-06,0,3.0,0.0,0.0,0.0,31.3,0.0,76.91
2023-09-07,0,3.0,0.0,0.0,0.0,26.6,0.0,76.3
2023-09-08,0,2.0,0.0,0.0,0.0,25.9,0.0,75.94
2023-09-09,0,1.0,0.0,0.0,0.0,28.6,0.0,74.99
2023-09-10,0,1.0,0.0,0.0,0.0,27.3,0.0,74.67
2023-09-11,0,2.5,0.0,0.0,0.0,35.8,0.0,74.22999999999999
2023-09-12,0,1.0,0.0,0.0,0.0,31.3,0.0,72.64
2023-09-13,0,0.0,0.0,0.0,0.0,27.1,0.0,70.42
2023-09-14,0,1.0,0.0,0.0,0.0,28.0,0.0,69.22
2023-09-15,0,1.0,0.0,0.0,0.0,28.0,0.0,68.53999999999999
2023-09-16,0,2.5,0.0,0.0,0.0,26.6,0.0,69.36
2023-09-17,0,2.5,0.0,0.0,0.0,27.1,0.0,69.83
2023-09-18,0,1.0,0.0,0.0,0.0,27.3,0.0,70.42
2023-09-19,0,1.0,0.0,0.0,0.0,29.1,0.0,69.32
2023-09-20,0,1.0,0.0,0.0,0.0,30.6,0.0,69.49
2023-09-21,0,1.0,0.0,0.0,0.0,29.3,0.0,69.06
2023-09-22,0,2.0,0.0,0.0,0.0,28.0,0.0,69.63000000000001
2023-09-23,0,2.5,0.0,0.0,0.0,32.9,0.0,69.56
2023-09-24,0,2.0,0.0,0.0,0.0,34.4,0.0,69.0
2023-09-25,0,2.5,0.0,0.0,0.0,31.8,0.0,69.36
2023-09-26,0,1.0,0.0,0.0,0.0,33.3,0.0,70.22
2023-09-27,0,1.0,0.0,0.0,0.0,33.1,0.0,69.69
2023-09-28,0,2.0,0.0,0.0,0.0,31.8,0.0,69.22999999999999
2023-09-29,0,3.5,0.0,0.0,0.0,35.1,0.0,69.34
2023-09-30,0,2.0,0.0,0.0,0.0,33.3,0.0,69.66999999999999
2023-10-01,0,0.0,0.0,0.0,0.0,34.2,0.0,69.05
2023-10-02,0,0.0,0.0,0.0,0.0,35.1,0.0,68.7
2023-10-03,0,0.0,0.0,0.0,0.0,30.9,0.0,68.52000000000001
2023-10-04,0,0.0,0.0,0.0,0.0,31.5,0.0,70.44
2023-10-05,0,3.5,0.0,0.0,0.0,25.7,0.0,70.65
2023-10-06,0,2.0,0.0,0.0,0.0,33.8,0.0,69.66
2023-10-07,0,2.5,0.0,0.0,0.0,31.3,0.0,67.27000000000001
2023-10-08,0,1.0,0.0,0.0,0.0,29.3,0.0,64.76
2023-10-09,0,1.0,0.0,0.0,0.0,30.0,0.0,64.53
2023-10-10,0,1.0,0.0,0.0,0.0,28.0,0.0,65.46000000000001
2023-10-11,0,0.0,0.0,0.0,0.0,30.9,0.0,65.55
2023-10-12,0,1.5,0.0,0.0,0.0,36.9,0.0,63.989999999999995
2023-10-13,0,0.0,0.0,0.0,0.0,34.2,0.0,63.94
2023-10-14,0,0.0,0.0,0.0,0.0,38.7,0.0,62.510000000000005
2023-10-15,0,1.0,0.0,0.0,0.0,32.9,0.0,62.71
2023-10-16,0,1.0,0.0,0.0,0.0,28.4,0.0,61.739999999999995
2023-10-17,0,1.0,0.0,0.0,0.0,28.0,0.0,61.36
2023-10-18,0,1.0,0.0,0.0,0.0,30.2,0.0,63.19
2023-10-19,0,1.0,0.0,0.0,0.0,26.2,0.0,65.86
2023-10-20,0,1.0,0.0,0.0,0.0,34.2,0.0,66.52000000000001
2023-10-21,0,1.0,0.0,0.0,0.0,28.6,0.0,65.06
2023-10-22,0,1.0,0.0,0.0,0.0,30.0,0.0,64.03
2023-10-23,0,0.0,0.0,0.0,0.0,29.5,0.0,62.86
2023-10-24,0,1.5,0.0,0.0,0.0,35.1,0.0,62.85
2023-10-25,0,0.0,0.0,0.0,0.0,35.6,0.055,62.92
2023-10-26,0,1.5,0.0,0.0,0.0,33.1,0.0,63.69
2023-10-27,0,0.0,0.0,0.0,0.0,33.6,0.0,62.85
2023-10-28,0,1.5,0.0,0.0,0.0,34.9,1.984,59.64
2023-10-29,0,0.0,0.0,0.0,0.0,33.3,2.453,56.510000000000005
2023-10-30,0,2.0,0.0,0.0,0.1,31.3,0.0,53.04
2023-10-31,0,2.0,0.0,0.0,0.1,34.0,0.358,51.370000000000005
2023-11-01,0,2.0,0.0,0.0,0.1,36.0,0.0,51.7
2023-11-02,0,1.5,0.0,0.0,0.0,41.4,0.0,53.470000000000006
2023-11-03,0,0.0,0.0,0.0,0.0,33.8,0.0,57.05
2023-11-04,0,1.5,0.0,0.0,0.0,35.8,0.0,59.0
2023-11-05,0,0.0,0.0,0.0,0.0,28.4,0.0,59.36
2023-11-06,0,0.0,0.0,0.0,0.0,35.1,0.0,60.27
2023-11-07,0,0.0,0.0,0.0,0.0,26.4,0.0,61.19
2023-11-08,0,0.0,0.0,0.0,0.0,27.3,0.358,59.44
2023-11-09,0,0.0,0.0,0.0,0.0,29.1,0.0,57.04
2023-11-10,0,0.0,0.0,0.0,0.0,25.5,0.0,55.010000000000005
2023-11-11,0,3.0,0.1,0.0,0.0,47.4,0.0,54.879999999999995
2023-11-12,0,0.0,0.0,0.0,0.0,33.3,0.0,55.129999999999995
2023-11-13,0,0.0,0.0,0.0,0.0,23.3,0.0,55.79
2023-11-14,0,0.0,0.0,0.0,0.0,29.3,0.0,56.32000000000001
2023-11-15,0,1.5,0.0,0.0,0.0,41.2,0.0,55.760000000000005
2023-11-16,0,4.5,0.1,0.0,0.0,51.2,0.0,56.989999999999995
2023-11-17,0,0.0,0.0,0.0,0.0,30.4,0.0,56.989999999999995
2023-11-18,0,1.5,0.0,0.0,0.0,30.6,0.0,56.36
2023-11-19,0,0.0,0.0,0.0,0.0,40.9,0.0,54.42999999999999
2023-11-20,0,0.0,0.0,0.0,0.0,36.2,0.0,53.42999999999999
2023-11-21,0,1.5,0.0,0.0,0.0,34.9,0.0,52.92999999999999
2023-11-22,0,1.5,0.0,0.0,0.0,41.4,0.0,53.55
2023-11-23,0,0.0,0.0,0.0,0.0,24.6,0.0,51.21
2023-11-24,0,0.0,0.0,0.0,0.0,27.7,0.634,48.8
2023-11-25,0,2.0,0.0,0.0,0.1,24.2,0.579,46.37
2023-11-26,0,2.0,0.0,0.0,0.1,29.3,0.909,46.45
2023-11-27,0,2.0,0.0,0.0,0.1,39.4,0.0,46.75
2023-11-28,0,2.0,0.0,0.0,0.1,30.4,0.028,44.8
2023-11-29,0,4.0,0.0,0.0,0.2,24.2,0.0,44.86
2023-11-30,0,1.5,0.0,0.0,0.0,30.4,0.028,48.040000000000006
2023-12-01,0,0.0,0.0,0.0,0.0,31.5,0.0,49.660000000000004
2023-12-02,0,5.0,0.1,0.0,0.1,49.7,0.028,51.589999999999996
2023-12-03,0,0.0,0.0,0.0,0.0,23.5,1.02,52.57000000000001
2023-12-04,0,0.0,0.0,0.0,0.0,28.9,0.0,51.89
2023-12-05,0,1.5,0.0,0.0,0.0,39.8,0.524,52.29
2023-12-06,0,0.0,0.0,0.0,0.0,33.3,0.0,50.65
2023-12-07,0,0.0,0.0,0.0,0.0,35.3,0.0,49.29
2023-12-08,0,0.0,0.0,0.0,0.0,34.7,0.11,51.13
2023-12-09,0,2.0,0.0,0.0,0.1,32.7,1.516,51.25
2023-12-10,0,2.0,0.0,0.0,0.1,31.1,0.0,49.739999999999995
2023-12-11,0,1.5,0.0,0.0,0.0,36.9,0.0,47.78
2023-12-12,0,0.0,0.0,0.0,0.0,28.9,0.0,46.7
2023-12-13,0,1.5,0.0,0.0,0.0,34.9,0.276,46.980000000000004
2023-12-14,0,3.0,0.1,0.0,0.0,45.9,0.827,47.04
2023-12-15,0,2.0,0.0,0.0,0.1,43.6,0.0,48.910000000000004
2023-12-16,0,1.5,0.0,0.0,0.0,38.3,0.0,49.660000000000004
2023-12-17,0,4.5,0.1,0.0,0.0,48.8,0.0,50.96
2023-12-18,0,8.0,0.1,0.0,0.1,58.4,0.028,50.25
2023-12-19,0,2.0,0.0,0.0,0.1,29.5,0.0,47.11
2023-12-20,0,3.0,0.0,0.0,0.0,30.6,0.0,47.75
2023-12-21,0,1.5,0.0,0.0,0.0,31.1,0.0,49.53
2023-12-22,0,0.0,0.0,0.0,0.0,25.3,0.0,49.43
2023-12-23,0,0.0,0.0,0.0,0.0,25.3,0.028,49.29
2023-12-24,0,1.5,0.0,0.0,0.0,30.4,0.661,49.95
2023-12-25,0,3.5,0.0,0.0,0.1,36.0,0.0,48.63
2023-12-26,0,3.5,0.0,0.0,0.1,32.2,0.441,48.79
2023-12-27,0,0.0,0.0,0.0,0.0,31.1,0.0,48.64
2023-12-28,0,3.5,0.0,0.0,0.1,28.6,0.0,47.67
2023-12-29,0,2.0,0.0,0.0,0.1,32.4,0.0,48.31
2023-12-30,0,0.0,0.0,0.0,0.0,28.9,0.0,46.660000000000004
2023-12-31,0,2.0,0.0,0.0,0.1,20.4,0.413,44.92
2024-01-01,0,2.0,0.0,0.0,0.1,28.4,0.11,44.06
2024-01-02,0,0.0,0.0,0.0,0.0,26.2,0.0,42.35
2024-01-03,0,2.0,0.0,0.0,0.1,33.3,0.0,43.83
2024-01-04,0,0.0,0.0,0.0,0.0,28.4,0.028,44.42
2024-01-05,0,0.0,0.0,0.0,0.0,33.3,0.028,43.480000000000004
2024-01-06,0,3.5,0.0,0.0,0.1,39.6,1.213,44.21
2024-01-07,0,2.0,0.0,0.0,0.1,30.9,1.654,43.440000000000005
2024-01-08,0,0.0,0.0,0.0,0.0,39.6,0.276,42.53
2024-01-09,1,15.0,0.3,0.1,0.1,56.1,3.831,44.25
2024-01-10,1,4.5,0.1,0.0,0.0,61.7,0.579,45.040000000000006
2024-01-11,0,0.0,0.0,0.0,0.0,37.6,0.303,44.239999999999995
2024-01-12,0,6.5,0.0,0.1,0.2,42.1,3.528,41.86
2024-01-13,0,6.0,0.0,0.0,0.3,37.4,1.268,40.47
2024-01-14,1,8.0,0.0,0.0,0.4,41.8,0.661,32.96
2024-01-15,0,6.0,0.0,0.0,0.3,30.0,1.295,33.08
2024-01-16,0,6.0,0.0,0.0,0.3,34.0,1.681,32.81
2024-01-17,1,10.0,0.0,0.0,0.5,29.1,0.028,35.68
2024-01-18,0,6.0,0.0,0.0,0.3,38.7,0.138,41.0
2024-01-19,0,4.0,0.0,0.0,0.2,38.0,1.075,40.629999999999995
2024-01-20,1,10.0,0.0,0.0,0.5,27.7,0.055,37.839999999999996
2024-01-21,1,8.0,0.0,0.0,0.4,34.2,0.0,38.43
2024-01-22,0,7.0,0.0,0.0,0.2,37.1,0.083,43.12
2024-01-23,0,3.5,0.0,0.0,0.1,33.3,0.0,46.82
2024-01-24,0,2.0,0.0,0.0,0.1,30.6,0.0,47.769999999999996
2024-01-25,0,1.5,0.0,0.0,0.0,30.9,0.0,51.220000000000006
2024-01-26,0,0.0,0.0,0.0,0.0,22.8,1.488,50.71
2024-01-27,0,3.5,0.0,0.0,0.1,33.1,0.0,49.72
2024-01-28,0,3.5,0.0,0.0,0.1,36.9,0.0,50.14
2024-01-29,0,0.0,0.0,0.0,0.0,32.9,0.0,49.19
2024-01-30,0,0.0,0.0,0.0,0.0,21.9,0.276,48.7
2024-01-31,0,0.0,0.0,0.0,0.0,34.4,0.0,49.8
2024-02-01,0,3.0,0.0,0.0,0.0,35.3,0.0,49.839999999999996
2024-02-02,0,0.0,0.0,0.0,0.0,29.5,0.0,49.019999999999996
2024-02-03,0,4.0,0.0,0.1,0.0,27.5,6.614,47.019999999999996
2024-02-04,0,6.5,0.1,0.0,0.1,51.2,2.535,46.010000000000005
2024-02-05,0,6.5,0.1,0.0,0.1,55.7,0.0,44.95
2024-02-06,0,3.5,0.0,0.0,0.1,35.1,0.0,45.03
2024-02-07,0,0.0,0.0,0.0,0.0,33.8,0.028,45.93
2024-02-08,0,2.0,0.0,0.0,0.1,36.0,0.0,47.06
2024-02-09,0,2.0,0.0,0.0,0.1,30.2,0.0,47.89
2024-02-10,0,2.0,0.0,0.0,0.1,24.6,1.213,48.08
2024-02-11,0,2.0,0.0,0.0,0.1,30.6,0.083,47.14
2024-02-12,0,3.5,0.0,0.0,0.1,34.4,0.0,46.32
2024-02-13,0,6.0,0.0,0.1,0.1,36.0,7.524,45.739999999999995
2024-02-14,0,2.0,0.0,0.0,0.1,31.8,0.138,44.75
2024-02-15,0,2.0,0.0,0.0,0.1,34.0,1.846,47.43
2024-02-16,0,0.0,0.0,0.0,0.0,33.6,0.22,48.010000000000005
2024-02-17,0,4.0,0.0,0.0,0.2,31.8,1.598,43.85
2024-02-18,0,3.5,0.0,0.0,0.1,35.1,0.0,43.31
2024-02-19,0,5.5,0.0,0.0,0.2,43.6,0.0,46.38
2024-02-20,0,3.5,0.0,0.0,0.1,43.8,0.0,47.1
2024-02-21,0,0.0,0.0,0.0,0.0,30.9,0.0,50.13
2024-02-22,0,0.0,0.0,0.0,0.0,29.3,0.055,50.69
2024-02-23,0,0.0,0.0,0.0,0.0,30.2,0.0,51.33
2024-02-24,0,0.0,0.0,0.0,0.0,40.3,0.827,50.36
2024-02-25,0,2.0,0.0,0.0,0.1,40.5,0.0,50.45
2024-02-26,0,0.0,0.0,0.0,0.0,40.0,0.661,53.46
2024-02-27,0,0.0,0.0,0.0,0.0,35.6,1.295,54.779999999999994
2024-02-28,0,2.0,0.0,0.0,0.1,43.2,0.028,53.19
2024-02-29,0,3.5,0.0,0.0,0.1,40.9,0.0,47.78
2024-03-01,0,0.0,0.0,0.0,0.0,43.8,1.02,48.3
2024-03-02,0,4.5,0.1,0.0,0.0,46.1,0.083,51.260000000000005
2024-03-03,0,0.0,0.0,0.0,0.0,43.8,1.323,54.489999999999995
2024-03-04,0,0.0,0.0,0.0,0.0,33.1,0.0,54.839999999999996
2024-03-05,0,0.0,0.0,0.0,0.0,31.5,0.0,52.96
2024-03-06,0,1.5,0.0,0.0,0.0,26.8,0.0,52.339999999999996
2024-03-07,0,0.0,0.0,0.0,0.0,29.8,0.0,52.52
2024-03-08,0,0.0,0.0,0.0,0.0,31.8,0.358,51.71
2024-03-09,0,3.5,0.0,0.0,0.1,39.4,0.0,51.08
2024-03-10,0,1.5,0.0,0.0,0.0,37.8,0.0,51.39
2024-03-11,0,3.0,0.1,0.0,0.0,47.6,0.0,51.019999999999996
2024-03-12,0,0.0,0.0,0.0,0.0,33.8,0.0,54.82000000000001
2024-03-13,0,0.0,0.0,0.0,0.0,31.8,0.165,55.55
2024-03-14,0,5.5,0.0,0.1,0.0,38.7,6.228,56.010000000000005
2024-03-15,0,0.0,0.0,0.0,0.0,34.4,1.764,55.36999999999999
2024-03-16,0,2.0,0.0,0.0,0.1,39.4,0.0,53.02
2024-03-17,0,2.0,0.0,0.0,0.1,32.0,0.028,53.470000000000006
2024-03-18,0,2.0,0.0,0.0,0.1,35.3,0.0,50.839999999999996
2024-03-19,0,0.0,0.0,0.0,0.0,35.1,0.0,49.85
2024-03-20,0,0.0,0.0,0.0,0.0,33.1,0.055,52.17
2024-03-21,0,0.0,0.0,0.0,0.0,33.3,0.0,52.739999999999995
2024-03-22,0,4.0,0.0,0.1,0.0,34.2,3.583,53.64
2024-03-23,0,3.0,0.0,0.0,0.0,38.7,0.11,53.489999999999995
2024-03-24,0,3.0,0.1,0.0,0.0,46.1,0.028,51.010000000000005
2024-03-25,0,3.5,0.0,0.0,0.1,38.0,2.067,51.27
2024-03-26,0,2.0,0.0,0.0,0.1,42.5,0.0,51.529999999999994
2024-03-27,0,2.0,0.0,0.0,0.1,37.1,0.0,51.44
2024-03-28,0,0.0,0.0,0.0,0.0,40.5,0.0,53.21
2024-03-29,0,0.0,0.0,0.0,0.0,42.1,0.138,53.160000000000004
2024-03-30,0,1.5,0.0,0.0,0.0,38.7,0.0,55.44
2024-03-31,0,0.0,0.0,0.0,0.0,35.1,0.0,55.02
2024-04-01,0,0.0,0.0,0.0,0.0,32.4,0.0,55.58
2024-04-02,0,0.0,0.0,0.0,0.0,39.4,0.193,55.96
2024-04-03,0,0.0,0.0,0.0,0.0,39.6,1.268,55.23
2024-04-04,0,0.0,0.0,0.0,0.0,41.2,0.276,53.23
2024-04-05,0,0.0,0.0,0.0,0.0,35.3,0.0,52.46
2024-04-06,1,3.0,0.1,0.0,0.0,65.8,0.165,51.8
2024-04-07,1,3.0,0.1,0.0,0.0,74.0,0.0,53.23
2024-04-08,0,0.0,0.0,0.0,0.0,34.4,0.0,56.410000000000004
2024-04-09,0,0.0,0.0,0.0,0.0,32.7,0.0,58.85
2024-04-10,0,0.0,0.0,0.0,0.0,31.1,0.0,59.32000000000001
2024-04-11,0,3.0,0.1,0.0,0.0,45.0,0.0,59.69
2024-04-12,0,3.0,0.1,0.0,0.0,46.8,0.0,59.760000000000005
2024-04-13,0,0.0,0.0,0.0,0.0,35.3,0.0,59.36
2024-04-14,0,0.0,0.0,0.0,0.0,31.1,0.0,60.589999999999996
2024-04-15,0,0.0,0.0,0.0,0.0,37.8,0.0,61.28000000000001
2024-04-16,0,0.0,0.0,0.0,0.0,42.5,0.028,61.56
2024-04-17,0,0.0,0.0,0.0,0.0,38.5,0.0,63.470000000000006
2024-04-18,0,0.0,0.0,0.0,0.0,29.3,0.055,60.56
2024-04-19,0,0.0,0.0,0.0,0.0,31.3,0.0,58.970000000000006
2024-04-20,0,1.5,0.0,0.0,0.0,39.6,1.571,58.96
2024-04-21,0,2.5,0.0,0.0,0.0,30.4,0.0,56.85
2024-04-22,0,1.0,0.0,0.0,0.0,32.7,0.0,58.95
2024-04-23,0,1.0,0.0,0.0,0.0,34.0,0.0,60.279999999999994
2024-04-24,0,0.0,0.0,0.0,0.0,34.4,0.0,60.45
2024-04-25,0,0.0,0.0,0.0,0.0,38.0,0.0,59.760000000000005
2024-04-26,0,0.0,0.0,0.0,0.0,39.1,0.0,60.589999999999996
2024-04-27,0,4.5,0.1,0.0,0.0,48.3,1.157,61.120000000000005
2024-04-28,0,1.5,0.0,0.0,0.0,43.0,0.0,62.339999999999996
2024-04-29,0,0.0,0.0,0.0,0.0,36.5,0.0,64.3
2024-04-30,0,0.0,0.0,0.0,0.0,36.2,0.028,63.489999999999995
2024-05-01,0,0.0,0.0,0.0,0.0,36.0,0.0,64.75
2024-05-02,0,0.0,0.0,0.0,0.0,32.0,0.0,64.84
2024-05-03,0,0.0,0.0,0.0,0.0,39.4,0.0,65.42999999999999
2024-05-04,0,0.0,0.0,0.0,0.0,36.2,0.0,63.06
2024-05-05,0,1.5,0.0,0.0,0.0,35.3,0.0,62.71999999999999
2024-05-06,1,3.0,0.1,0.0,0.0,63.8,0.0,62.970000000000006
2024-05-07,0,0.0,0.0,0.0,0.0,31.8,0.0,64.77
2024-05-08,0,0.0,0.0,0.0,0.0,31.5,0.0,67.19
2024-05-09,0,0.0,0.0,0.0,0.0,28.2,0.0,65.72
2024-05-10,0,0.0,0.0,0.0,0.0,35.6,0.0,63.67
2024-05-11,0,0.0,0.0,0.0,0.0,31.5,0.0,63.55
2024-05-12,0,1.5,0.0,0.0,0.0,31.5,0.0,63.82000000000001
2024-05-13,0,1.0,0.0,0.0,0.0,30.2,0.0,65.42
2024-05-14,0,1.0,0.0,0.0,0.0,32.2,0.0,66.01
2024-05-15,0,1.0,0.0,0.0,0.0,32.0,0.0,65.98
2024-05-16,0,1.0,0.0,0.0,0.0,38.7,0.0,66.55
2024-05-17,0,1.0,0.0,0.0,0.0,36.9,0.0,66.64
2024-05-18,0,1.0,0.0,0.0,0.0,37.4,0.0,67.74
2024-05-19,0,1.0,0.0,0.0,0.0,32.4,0.0,67.69
2024-05-20,0,1.0,0.0,0.0,0.0,36.5,0.0,67.32000000000001
2024-05-21,0,0.0,0.0,0.0,0.0,39.6,0.0,67.39
2024-05-22,0,1.5,0.0,0.0,0.0,36.7,0.0,68.03999999999999
2024-05-23,0,0.0,0.0,0.0,0.0,33.8,0.0,69.1
2024-05-24,0,1.0,0.0,0.0,0.0,39.8,0.0,68.84
2024-05-25,0,1.0,0.0,0.0,0.0,40.5,0.0,68.08
2024-05-26,0,2.0,0.0,0.0,0.0,34.4,0.0,68.35
2024-05-27,0,1.0,0.0,0.0,0.0,30.2,0.0,69.49
2024-05-28,0,1.0,0.0,0.0,0.0,33.8,0.0,69.57000000000001
2024-05-29,0,1.0,0.0,0.0,0.0,33.1,0.0,68.72
2024-05-30,0,2.5,0.0,0.0,0.0,29.1,0.0,68.03
2024-05-31,0,2.5,0.0,0.0,0.0,32.2,0.0,68.13
2024-06-01,0,1.0,0.0,0.0,0.0,37.6,0.0,69.33
2024-06-02,0,1.0,0.0,0.0,0.0,41.4,0.0,69.65
2024-06-03,0,2.5,0.0,0.0,0.0,41.2,0.0,71.17999999999999
2024-06-04,0,1.0,0.0,0.0,0.0,40.9,0.0,72.35
2024-06-05,0,1.0,0.0,0.0,0.0,40.5,0.0,73.0
2024-06-06,0,2.5,0.0,0.0,0.0,37.1,0.0,73.22999999999999
2024-06-07,0,2.0,0.0,0.0,0.0,36.5,0.0,74.05
2024-06-08,0,1.0,0.0,0.0,0.0,41.8,0.0,72.92999999999999
2024-06-09,0,1.0,0.0,0.0,0.0,36.2,0.0,72.52000000000001
2024-06-10,0,1.0,0.0,0.0,0.0,34.2,0.0,70.38
2024-06-11,0,2.5,0.0,0.0,0.0,36.7,0.0,70.87
2024-06-12,0,2.5,0.0,0.0,0.0,36.7,0.0,73.08
2024-06-13,0,2.5,0.0,0.0,0.0,36.5,0.0,74.24
2024-06-14,0,3.5,0.0,0.0,0.0,34.2,0.0,74.05
2024-06-15,0,2.0,0.0,0.0,0.0,35.3,0.0,74.13000000000001
2024-06-16,0,2.0,0.0,0.0,0.0,40.5,0.0,74.95
2024-06-17,0,1.0,0.0,0.0,0.0,42.7,0.0,75.42999999999999
2024-06-18,0,1.0,0.0,0.0,0.0,36.7,0.0,75.22999999999999
2024-06-19,0,1.0,0.0,0.0,0.0,34.7,0.0,74.67999999999999
2024-06-20,0,1.0,0.0,0.0,0.0,35.8,0.0,75.22
2024-06-21,0,2.0,0.0,0.0,0.0,32.7,0.0,76.58
2024-06-22,0,2.0,0.0,0.0,0.0,36.0,0.0,78.0
2024-06-23,0,4.0,0.0,0.0,0.0,34.0,0.0,78.14000000000001
2024-06-24,0,4.0,0.0,0.0,0.0,40.9,0.0,77.72999999999999
2024-06-25,0,4.0,0.0,0.0,0.0,35.8,0.0,77.87
2024-06-26,0,4.0,0.0,0.0,0.0,36.5,0.0,78.42
2024-06-27,0,3.0,0.0,0.0,0.0,36.5,0.0,75.96000000000001
2024-06-28,0,2.0,0.0,0.0,0.0,36.9,0.0,75.82000000000001
2024-06-29,0,2.0,0.0,0.0,0.0,36.7,0.0,76.81
2024-06-30,0,3.0,0.0,0.0,0.0,34.2,0.0,77.82000000000001
2024-07-01,0,3.0,0.0,0.0,0.0,34.4,0.0,76.52000000000001
2024-07-02,0,2.0,0.0,0.0,0.0,30.9,0.0,76.49
2024-07-03,0,2.0,0.0,0.0,0.0,30.6,0.0,77.84
2024-07-04,0,2.0,0.0,0.0,0.0,38.7,0.0,77.69
2024-07-05,0,2.0,0.0,0.0,0.0,30.4,0.0,77.97999999999999
2024-07-06,0,2.5,0.0,0.0,0.0,30.9,0.0,77.82000000000001
2024-07-07,0,1.0,0.0,0.0,0.0,30.4,0.0,78.35
2024-07-08,0,1.0,0.0,0.0,0.0,30.4,0.0,77.56
2024-07-09,0,1.0,0.0,0.0,0.0,31.8,0.0,77.91
2024-07-10,0,3.5,0.0,0.0,0.0,36.9,0.0,78.76
2024-07-11,0,3.0,0.0,0.0,0.0,32.4,0.0,77.87
2024-07-12,0,3.0,0.0,0.0,0.0,32.4,0.0,77.76
2024-07-13,0,4.5,0.0,0.0,0.0,34.4,0.0,78.45
2024-07-14,0,4.0,0.0,0.0,0.0,33.8,0.0,79.63
2024-07-15,0,5.5,0.0,0.0,0.0,30.6,0.0,79.58
2024-07-16,0,4.5,0.0,0.0,0.0,38.7,0.0,78.89
2024-07-17,0,2.0,0.0,0.0,0.0,33.3,0.0,78.92
2024-07-18,0,2.5,0.0,0.0,0.0,35.8,0.0,76.56
2024-07-19,0,1.0,0.0,0.0,0.0,31.8,0.0,77.0
2024-07-20,0,3.5,0.0,0.0,0.0,32.2,0.0,77.14
2024-07-21,0,1.0,0.0,0.0,0.0,33.8,0.0,76.45
2024-07-22,0,2.5,0.0,0.0,0.0,43.0,0.0,74.81
2024-07-23,0,1.0,0.0,0.0,0.0,29.1,0.0,75.97
2024-07-24,0,1.0,0.0,0.0,0.0,31.1,0.0,76.84
2024-07-25,0,3.0,0.0,0.0,0.0,30.9,0.0,76.62
2024-07-26,0,2.0,0.0,0.0,0.0,36.7,0.0,76.05
2024-07-27,0,1.0,0.0,0.0,0.0,38.0,0.0,75.92999999999999
2024-07-28,0,2.0,0.0,0.0,0.0,30.2,0.0,76.37
2024-07-29,0,3.0,0.0,0.0,0.0,34.7,0.0,76.26
2024-07-30,0,3.0,0.0,0.0,0.0,35.1,0.0,77.67
2024-07-31,0,3.0,0.0,0.0,0.0,32.4,0.0,78.14
2024-08-01,0,6.0,0.1,0.0,0.0,54.1,0.0,78.35
2024-08-02,0,3.0,0.0,0.0,0.0,32.2,0.0,79.72999999999999
2024-08-03,0,4.0,0.0,0.0,0.0,40.3,0.0,79.5
2024-08-04,0,4.5,0.0,0.0,0.0,41.8,0.0,79.17999999999999
2024-08-05,0,4.0,0.0,0.0,0.0,37.1,0.0,79.62
2024-08-06,0,4.5,0.0,0.0,0.0,39.4,0.0,78.09
2024-08-07,0,2.0,0.0,0.0,0.0,31.3,0.0,77.21000000000001
2024-08-08,0,2.0,0.0,0.0,0.0,36.5,0.0,76.6
2024-08-09,0,5.0,0.1,0.0,0.0,47.4,0.0,75.59
2024-08-10,0,1.0,0.0,0.0,0.0,32.4,0.0,76.4
2024-08-11,0,2.0,0.0,0.0,0.0,32.0,0.0,75.98
2024-08-12,0,2.0,0.0,0.0,0.0,35.6,0.0,76.37
2024-08-13,0,2.0,0.0,0.0,0.0,34.4,0.0,76.36
2024-08-14,0,2.0,0.0,0.0,0.0,31.3,0.0,77.3
2024-08-15,0,2.0,0.0,0.0,0.0,33.1,0.0,77.51
2024-08-16,0,2.0,0.0,0.0,0.0,32.9,0.0,78.47
2024-08-17,0,3.0,0.0,0.0,0.0,31.8,0.0,78.21000000000001
2024-08-18,0,3.0,0.0,0.0,0.0,41.6,0.0,76.59
2024-08-19,0,3.5,0.0,0.0,0.0,32.4,0.0,76.37
2024-08-20,0,4.0,0.0,0.0,0.0,32.9,0.0,76.7
2024-08-21,0,3.0,0.0,0.0,0.0,35.6,0.0,75.08
2024-08-22,0,2.0,0.0,0.0,0.0,40.3,0.0,74.36
2024-08-23,0,2.0,0.0,0.0,0.0,38.0,0.0,73.82000000000001
2024-08-24,0,2.0,0.0,0.0,0.0,40.0,0.0,74.46000000000001
2024-08-25,0,2.0,0.0,0.0,0.0,28.6,0.0,76.64
2024-08-26,0,3.0,0.0,0.0,0.0,28.4,0.0,77.5
2024-08-27,0,3.0,0.0,0.0,0.0,29.1,0.0,77.63
2024-08-28,0,2.0,0.0,0.0,0.0,26.8,0.0,76.86
2024-08-29,0,1.0,0.0,0.0,0.0,27.7,0.0,75.9
2024-08-30,0,1.0,0.0,0.0,0.0,32.9,0.0,75.16
2024-08-31,0,1.0,0.0,0.0,0.0,40.7,0.0,75.39
2024-09-01,0,1.0,0.0,0.0,0.0,33.8,0.0,75.52
2024-09-02,0,1.0,0.0,0.0,0.0,31.8,0.0,75.02000000000001
2024-09-03,0,1.0,0.0,0.0,0.0,31.5,0.0,74.09
2024-09-04,0,2.0,0.0,0.0,0.0,27.7,0.0,74.03999999999999
2024-09-05,0,2.0,0.0,0.0,0.0,28.9,0.0,75.87
2024-09-06,0,2.0,0.0,0.0,0.0,32.7,0.0,76.2
2024-09-07,0,2.0,0.0,0.0,0.0,29.1,0.0,74.32000000000001
2024-09-08,0,2.0,0.0,0.0,0.0,37.4,0.0,73.33
2024-09-09,0,2.0,0.0,0.0,0.0,28.9,0.0,74.11999999999999
2024-09-10,0,2.0,0.0,0.0,0.0,36.2,0.0,73.97999999999999
2024-09-11,0,1.0,0.0,0.0,0.0,39.1,0.0,72.84
2024-09-12,0,1.0,0.0,0.0,0.0,39.1,0.0,72.2
2024-09-13,0,1.0,0.0,0.0,0.0,33.3,0.0,72.4
2024-09-14,0,1.0,0.0,0.0,0.0,36.2,0.0,73.11
2024-09-15,0,1.0,0.0,0.0,0.0,39.8,0.0,73.0
2024-09-16,0,1.0,0.0,0.0,0.0,39.4,0.0,71.72999999999999
2024-09-17,0,1.0,0.0,0.0,0.0,35.8,0.0,70.67999999999999
2024-09-18,0,0.0,0.0,0.0,0.0,30.6,0.0,70.63
2024-09-19,0,1.0,0.0,0.0,0.0,28.2,0.0,71.51
2024-09-20,0,1.0,0.0,0.0,0.0,34.2,0.0,72.67999999999999
2024-09-21,0,0.0,0.0,0.0,0.0,26.8,0.0,71.27000000000001
2024-09-22,0,1.0,0.0,0.0,0.0,26.8,0.0,70.47
2024-09-23,0,1.0,0.0,0.0,0.0,29.5,0.0,71.1
2024-09-24,0,1.0,0.0,0.0,0.0,30.4,0.0,71.25
2024-09-25,0,1.0,0.0,0.0,0.0,30.0,0.0,70.53
2024-09-26,0,5.5,0.1,0.0,0.0,53.5,0.0,69.95
2024-09-27,0,8.5,0.2,0.0,0.0,49.9,0.0,71.5
2024-09-28,0,1.0,0.0,0.0,0.0,36.5,0.0,70.61999999999999
2024-09-29,0,1.0,0.0,0.0,0.0,28.9,0.0,70.63
2024-09-30,0,1.0,0.0,0.0,0.0,36.7,0.0,71.1
2024-10-01,0,2.0,0.0,0.0,0.0,28.6,0.0,71.12
2024-10-02,0,1.0,0.0,0.0,0.0,28.2,0.0,70.69
2024-10-03,0,1.0,0.0,0.0,0.0,22.1,0.0,70.66999999999999
2024-10-04,0,1.0,0.0,0.0,0.0,35.1,0.0,69.85
2024-10-05,0,2.0,0.0,0.0,0.0,27.1,0.0,71.67
2024-10-06,0,2.0,0.0,0.0,0.0,30.9,0.0,71.72
2024-10-07,0,2.5,0.0,0.0,0.0,28.4,0.0,71.09
2024-10-08,0,2.5,0.0,0.0,0.0,28.0,0.0,69.08
2024-10-09,0,4.0,0.1,0.0,0.0,47.0,0.0,67.95
2024-10-10,0,4.0,0.1,0.0,0.0,45.4,0.0,67.48
2024-10-11,0,1.0,0.0,0.0,0.0,29.5,0.0,66.56
2024-10-12,0,1.0,0.0,0.0,0.0,27.3,0.0,68.26
2024-10-13,0,3.5,0.0,0.0,0.0,35.8,0.0,67.9
2024-10-14,0,1.0,0.0,0.0,0.0,39.1,0.0,66.05999999999999
2024-10-15,0,1.0,0.0,0.0,0.0,36.9,0.083,62.96
2024-10-16,0,1.0,0.0,0.0,0.0,36.7,0.0,60.77
2024-10-17,0,0.0,0.0,0.0,0.0,38.7,0.0,59.69
2024-10-18,0,0.0,0.0,0.0,0.0,38.9,0.0,60.989999999999995
2024-10-19,0,0.0,0.0,0.0,0.0,40.5,0.0,61.42999999999999
2024-10-20,0,0.0,0.0,0.0,0.0,38.3,0.0,63.410000000000004
2024-10-21,0,0.0,0.0,0.0,0.0,40.0,0.028,64.31
2024-10-22,0,0.0,0.0,0.0,0.0,35.8,0.0,65.85
2024-10-23,0,1.0,0.0,0.0,0.0,25.1,0.0,66.03999999999999
2024-10-24,0,0.0,0.0,0.0,0.0,36.2,0.0,64.9
2024-10-25,0,0.0,0.0,0.0,0.0,29.1,0.0,63.410000000000004
2024-10-26,0,1.0,0.0,0.0,0.0,31.3,0.0,63.879999999999995
2024-10-27,0,2.5,0.0,0.0,0.0,33.1,0.0,63.0
2024-10-28,0,0.0,0.0,0.0,0.0,30.0,0.0,62.220000000000006
2024-10-29,0,0.0,0.0,0.0,0.0,39.8,0.0,63.25
2024-10-30,0,0.0,0.0,0.0,0.0,35.6,0.0,62.56
2024-10-31,0,0.0,0.0,0.0,0.0,38.3,0.0,61.970000000000006
2024-11-01,0,0.0,0.0,0.0,0.0,32.4,0.0,59.779999999999994
2024-11-02,0,0.0,0.0,0.0,0.0,30.9,0.0,59.239999999999995
2024-11-03,0,0.0,0.0,0.0,0.0,32.2,0.0,59.339999999999996
2024-11-04,0,1.5,0.0,0.0,0.0,40.3,0.386,59.46999999999999
2024-11-05,0,1.5,0.0,0.0,0.0,41.4,0.0,59.36
2024-11-06,0,0.0,0.0,0.0,0.0,36.2,2.232,59.33
2024-11-07,0,2.0,0.0,0.0,0.1,34.9,0.744,57.5
2024-11-08,0,0.0,0.0,0.0,0.0,28.6,2.37,57.629999999999995
2024-11-09,0,1.5,0.0,0.0,0.0,27.3,2.756,56.57000000000001
2024-11-10,0,0.0,0.0,0.0,0.0,36.0,0.0,56.35
2024-11-11,0,2.0,0.0,0.0,0.1,39.1,0.0,57.3
2024-11-12,0,2.0,0.0,0.0,0.1,36.7,0.0,55.21
2024-11-13,0,1.5,0.0,0.0,0.0,40.7,0.0,54.83
2024-11-14,0,1.5,0.0,0.0,0.0,38.3,0.0,54.71
2024-11-15,0,0.0,0.0,0.0,0.0,26.8,0.0,53.279999999999994
2024-11-16,0,0.0,0.0,0.0,0.0,29.8,0.0,52.720000000000006
2024-11-17,0,0.0,0.0,0.0,0.0,43.2,0.028,54.65
2024-11-18,0,3.0,0.1,0.0,0.0,47.2,0.0,55.620000000000005
2024-11-19,0,1.5,0.0,0.0,0.0,35.3,0.055,54.73
2024-11-20,0,4.5,0.1,0.0,0.0,48.8,0.0,54.839999999999996
2024-11-21,0,3.0,0.0,0.0,0.0,41.6,2.232,51.510000000000005
2024-11-22,0,1.5,0.0,0.0,0.0,41.8,0.028,50.63
2024-11-23,0,0.0,0.0,0.0,0.0,40.5,0.0,50.65
2024-11-24,0,0.0,0.0,0.0,0.0,34.9,0.0,51.81
2024-11-25,0,0.0,0.0,0.0,0.0,31.1,0.248,53.73
2024-11-26,0,0.0,0.0,0.0,0.0,31.5,0.0,52.529999999999994
2024-11-27,0,0.0,0.0,0.0,0.0,21.9,1.654,52.55
2024-11-28,0,2.0,0.0,0.0,0.1,36.2,0.0,49.62
2024-11-29,0,2.0,0.0,0.0,0.1,32.9,0.0,45.6
2024-11-30,0,4.0,0.0,0.0,0.2,31.1,0.0,44.55
2024-12-01,0,2.0,0.0,0.0,0.1,27.5,0.0,45.57
2024-12-02,0,2.0,0.0,0.0,0.1,29.5,0.0,44.95
2024-12-03,0,2.0,0.0,0.0,0.1,27.1,0.0,45.63
2024-12-04,0,0.0,0.0,0.0,0.0,38.7,0.028,45.660000000000004
2024-12-05,0,5.0,0.1,0.0,0.1,49.0,0.413,46.64
2024-12-06,0,2.0,0.0,0.0,0.1,30.4,0.0,44.19
2024-12-07,0,0.0,0.0,0.0,0.0,32.7,0.0,47.11
2024-12-08,0,0.0,0.0,0.0,0.0,36.9,0.0,50.559999999999995
2024-12-09,0,0.0,0.0,0.0,0.0,24.8,0.083,51.08
2024-12-10,0,2.0,0.0,0.0,0.1,31.3,0.165,49.65
2024-12-11,0,3.0,0.0,0.0,0.0,39.4,0.193,48.39
2024-12-12,0,2.0,0.0,0.0,0.1,40.5,0.0,44.230000000000004
2024-12-13,0,2.0,0.0,0.0,0.1,38.0,0.0,45.07
2024-12-14,1,7.5,0.2,0.0,0.0,85.7,0.0,48.660000000000004
2024-12-15,0,0.0,0.0,0.0,0.0,39.8,0.0,48.730000000000004
2024-12-16,0,0.0,0.0,0.0,0.0,32.9,0.0,51.29
2024-12-17,0,0.0,0.0,0.0,0.0,33.1,0.0,52.370000000000005
2024-12-18,0,4.5,0.1,0.0,0.0,50.8,0.165,52.27
2024-12-19,0,0.0,0.0,0.0,0.0,23.7,0.138,50.339999999999996
2024-12-20,0,0.0,0.0,0.0,0.0,36.5,0.965,48.43
2024-12-21,0,2.0,0.0,0.0,0.1,35.6,1.24,44.510000000000005
2024-12-22,0,4.0,0.0,0.0,0.2,27.1,0.0,43.75
2024-12-23,0,2.0,0.0,0.0,0.1,30.6,0.0,47.489999999999995
2024-12-24,0,3.5,0.0,0.0,0.1,39.1,0.524,49.43
2024-12-25,0,0.0,0.0,0.0,0.0,28.9,0.11,47.83
2024-12-26,0,3.5,0.0,0.0,0.1,43.6,0.11,48.46
2024-12-27,0,2.0,0.0,0.0,0.1,41.2,0.0,48.9
2024-12-28,0,0.0,0.0,0.0,0.0,39.4,0.0,51.69
2024-12-29,0,1.5,0.0,0.0,0.0,37.4,0.0,52.71
2024-12-30,0,0.0,0.0,0.0,0.0,38.3,0.0,52.15
2024-12-31,0,0.0,0.0,0.0,0.0,37.8,0.0,49.410000000000004
2025-01-01,0,2.0,0.0,0.0,0.1,34.0,0.028,46.510000000000005
2025-01-02,0,0.0,0.0,0.0,0.0,37.8,0.0,45.65
2025-01-03,0,0.0,0.0,0.0,0.0,37.6,0.055,45.95
2025-01-04,0,2.0,0.0,0.0,0.1,36.9,0.0,43.42
2025-01-05,0,4.0,0.0,0.0,0.2,43.6,0.165,43.6
2025-01-06,0,2.0,0.0,0.0,0.1,41.2,0.799,44.05
2025-01-07,0,7.0,0.1,0.0,0.2,45.6,1.047,40.67
2025-01-08,0,4.0,0.0,0.0,0.2,40.9,0.0,40.12
2025-01-09,0,4.0,0.0,0.0,0.2,41.8,1.846,39.0
2025-01-10,0,2.0,0.0,0.0,0.1,38.3,2.866,40.33
2025-01-11,0,0.0,0.0,0.0,0.0,36.5,0.551,42.57
2025-01-12,0,4.0,0.0,0.0,0.2,34.2,0.551,42.160000000000004
2025-01-13,0,4.0,0.0,0.0,0.2,34.7,0.0,41.22
2025-01-14,0,4.0,0.0,0.0,0.2,30.9,0.386,40.089999999999996
2025-01-15,0,4.0,0.0,0.0,0.2,36.2,0.0,40.410000000000004
2025-01-16,0,2.0,0.0,0.0,0.1,28.2,0.138,44.0
2025-01-17,0,0.0,0.0,0.0,0.0,38.7,0.028,45.769999999999996
2025-01-18,0,2.0,0.0,0.0,0.1,38.0,2.012,44.81
2025-01-19,0,4.0,0.0,0.0,0.2,34.9,0.827,38.35
2025-01-20,1,8.0,0.0,0.0,0.4,33.6,1.571,33.589999999999996
2025-01-21,0,6.0,0.0,0.0,0.3,32.0,0.386,32.62
2025-01-22,1,8.0,0.0,0.0,0.4,36.9,0.165,35.19
2025-01-23,0,6.0,0.0,0.0,0.3,27.3,0.303,37.510000000000005
2025-01-24,0,6.0,0.0,0.0,0.3,28.2,0.0,37.89
2025-01-25,0,6.0,0.0,0.0,0.3,30.6,0.661,40.3
2025-01-26,0,4.0,0.0,0.0,0.2,31.5,0.055,42.03
2025-01-27,0,4.0,0.0,0.0,0.2,34.2,0.0,41.13
2025-01-28,0,2.0,0.0,0.0,0.1,34.4,0.0,42.88
2025-01-29,0,2.0,0.0,0.0,0.1,37.4,0.0,45.660000000000004
2025-01-30,0,1.5,0.0,0.0,0.0,26.6,0.496,45.85
2025-01-31,0,1.5,0.0,0.0,0.0,32.7,0.0,48.38
2025-02-01,0,0.0,0.0,0.0,0.0,41.2,0.11,48.269999999999996
2025-02-02,0,2.0,0.0,0.0,0.1,34.9,1.461,49.4
2025-02-03,0,0.0,0.0,0.0,0.0,38.9,0.413,52.660000000000004
2025-02-04,0,4.5,0.1,0.0,0.0,50.8,0.028,51.489999999999995
2025-02-05,0,3.0,0.1,0.0,0.0,53.5,0.193,49.35
2025-02-06,0,5.5,0.1,0.1,0.0,47.6,4.217,51.64
2025-02-07,0,2.0,0.0,0.0,0.1,43.6,0.0,50.989999999999995
2025-02-08,0,0.0,0.0,0.0,0.0,29.1,0.992,50.42
2025-02-09,0,0.0,0.0,0.0,0.0,27.1,2.756,48.22
2025-02-10,0,4.0,0.0,0.0,0.2,20.4,0.055,45.39
2025-02-11,0,4.0,0.0,0.0,0.2,27.7,0.193,42.68
2025-02-12,0,3.5,0.0,0.0,0.1,33.6,1.819,40.980000000000004
2025-02-13,0,10.0,0.1,0.0,0.2,49.9,0.827,41.839999999999996
2025-02-14,0,7.0,0.1,0.0,0.2,47.4,0.193,42.910000000000004
2025-02-15,0,0.0,0.0,0.0,0.0,36.5,1.461,46.4
2025-02-16,0,7.0,0.0,0.0,0.2,44.1,0.22,46.62
2025-02-17,0,2.0,0.0,0.0,0.1,41.2,0.0,42.94
2025-02-18,0,6.0,0.0,0.0,0.3,32.9,0.138,41.19
2025-02-19,1,8.0,0.0,0.0,0.4,33.1,0.055,39.910000000000004
2025-02-20,1,8.0,0.0,0.0,0.4,36.0,0.11,39.21
2025-02-21,0,6.0,0.0,0.0,0.3,32.9,2.646,40.47
2025-02-22,0,6.0,0.0,0.0,0.3,30.9,0.0,43.1
2025-02-23,0,0.0,0.0,0.0,0.0,38.9,0.0,48.46
2025-02-24,0,0.0,0.0,0.0,0.0,43.6,0.0,52.36
2025-02-25,0,4.5,0.1,0.0,0.0,56.4,0.0,55.0
2025-02-26,0,0.0,0.0,0.0,0.0,36.2,0.0,54.129999999999995
2025-02-27,0,0.0,0.0,0.0,0.0,38.5,0.0,55.720000000000006
2025-02-28,0,0.0,0.0,0.0,0.0,40.0,0.0,54.739999999999995
2025-03-01,0,0.0,0.0,0.0,0.0,43.4,0.0,53.120000000000005
2025-03-02,0,7.0,0.1,0.0,0.2,46.5,0.0,49.36
2025-03-03,0,3.0,0.1,0.0,0.0,45.6,0.0,49.69
2025-03-04,1,3.0,0.1,0.0,0.0,60.0,0.469,52.989999999999995
2025-03-05,0,0.0,0.0,0.0,0.0,43.8,0.165,52.85
2025-03-06,0,1.5,0.0,0.0,0.0,40.5,0.193,49.82
2025-03-07,0,0.0,0.0,0.0,0.0,43.8,1.461,47.44
2025-03-08,0,0.0,0.0,0.0,0.0,34.2,0.028,49.72
2025-03-09,0,0.0,0.0,0.0,0.0,39.4,0.0,50.71
2025-03-10,0,0.0,0.0,0.0,0.0,42.7,0.0,53.55
2025-03-11,0,0.0,0.0,0.0,0.0,37.8,0.0,54.410000000000004
2025-03-12,0,3.0,0.1,0.0,0.0,50.6,0.0,54.31
2025-03-13,0,0.0,0.0,0.0,0.0,40.5,0.0,53.589999999999996
2025-03-14,0,3.0,0.1,0.0,0.0,48.5,1.213,53.82000000000001
2025-03-15,0,3.0,0.1,0.0,0.0,49.4,0.0,55.08
2025-03-16,0,3.0,0.1,0.0,0.0,51.0,1.709,54.08
2025-03-17,0,4.5,0.1,0.0,0.0,47.6,0.028,54.470000000000006
2025-03-18,0,6.0,0.2,0.0,0.0,45.2,0.11,54.69
2025-03-19,0,3.0,0.1,0.0,0.0,49.2,0.331,54.089999999999996
2025-03-20,0,6.0,0.2,0.0,0.0,46.3,1.406,52.339999999999996
2025-03-21,0,0.0,0.0,0.0,0.0,39.4,0.0,52.83
2025-03-22,0,0.0,0.0,0.0,0.0,35.6,0.055,55.35
2025-03-23,0,0.0,0.0,0.0,0.0,37.1,0.0,56.67
2025-03-24,0,0.0,0.0,0.0,0.0,41.6,0.0,59.96
2025-03-25,0,1.0,0.0,0.0,0.0,37.8,0.028,61.83
2025-03-26,0,1.0,0.0,0.0,0.0,39.1,0.386,59.85
2025-03-27,0,0.0,0.0,0.0,0.0,37.4,0.0,60.1
2025-03-28,0,0.0,0.0,0.0,0.0,42.1,0.0,61.279999999999994
2025-03-29,0,0.0,0.0,0.0,0.0,37.8,0.0,62.57000000000001
2025-03-30,0,0.0,0.0,0.0,0.0,40.7,0.441,59.96
2025-03-31,0,0.0,0.0,0.0,0.0,44.5,0.22,58.220000000000006
2025-04-01,0,3.0,0.1,0.0,0.0,50.3,0.0,55.71
2025-04-02,0,3.0,0.1,0.0,0.0,49.4,0.0,56.6
2025-04-03,0,1.5,0.0,0.0,0.0,39.1,0.055,57.45
2025-04-04,0,1.5,0.0,0.0,0.0,35.8,0.358,58.08
2025-04-05,0,1.5,0.0,0.0,0.0,35.6,0.358,57.660000000000004
2025-04-06,0,0.0,0.0,0.0,0.0,32.9,0.0,56.61
2025-04-07,0,0.0,0.0,0.0,0.0,41.6,0.083,56.33
2025-04-08,0,0.0,0.0,0.0,0.0,41.8,0.0,55.629999999999995
2025-04-09,0,1.0,0.0,0.0,0.0,35.1,0.0,57.11
2025-04-10,0,1.0,0.0,0.0,0.0,35.3,0.0,59.65
2025-04-11,0,1.0,0.0,0.0,0.0,39.1,0.0,60.279999999999994
2025-04-12,0,1.0,0.0,0.0,0.0,31.8,0.524,59.410000000000004
2025-04-13,0,1.0,0.0,0.0,0.0,38.3,0.0,61.17
2025-04-14,0,0.0,0.0,0.0,0.0,44.3,0.193,62.470000000000006
2025-04-15,0,0.0,0.0,0.0,0.0,40.9,0.0,61.03000000000001
2025-04-16,0,0.0,0.0,0.0,0.0,37.6,0.0,59.52
2025-04-17,0,0.0,0.0,0.0,0.0,37.4,0.0,61.46
2025-04-18,0,0.0,0.0,0.0,0.0,38.3,1.268,61.370000000000005
2025-04-19,0,0.0,0.0,0.0,0.0,37.1,0.413,61.55
2025-04-20,0,0.0,0.0,0.0,0.0,40.7,0.0,61.46
2025-04-21,0,3.0,0.1,0.0,0.0,45.6,0.0,61.660000000000004
2025-04-22,0,0.0,0.0,0.0,0.0,31.5,0.0,63.25
2025-04-23,0,0.0,0.0,0.0,0.0,34.0,0.0,63.96
2025-04-24,0,0.0,0.0,0.0,0.0,34.4,0.0,63.65999999999999
2025-04-25,0,0.0,0.0,0.0,0.0,33.8,0.0,62.95
2025-04-26,0,1.5,0.0,0.0,0.0,36.9,0.0,62.17999999999999
2025-04-27,0,3.0,0.1,0.0,0.0,47.9,0.0,61.65
2025-04-28,0,0.0,0.0,0.0,0.0,40.5,0.0,63.85
2025-04-29,0,0.0,0.0,0.0,0.0,40.3,0.0,65.47
2025-04-30,0,0.0,0.0,0.0,0.0,33.6,0.0,64.35
2025-05-01,0,0.0,0.0,0.0,0.0,36.0,0.0,64.13
2025-05-02,0,0.0,0.0,0.0,0.0,39.1,0.0,64.57000000000001
2025-05-03,0,0.0,0.0,0.0,0.0,38.3,0.0,63.57000000000001
2025-05-04,0,0.0,0.0,0.0,0.0,36.0,0.0,62.010000000000005
2025-05-05,0,0.0,0.0,0.0,0.0,37.1,0.0,62.35
2025-05-06,0,1.5,0.0,0.0,0.0,35.8,0.0,62.1
2025-05-07,0,0.0,0.0,0.0,0.0,36.0,0.028,62.779999999999994
2025-05-08,0,0.0,0.0,0.0,0.0,33.3,0.0,63.370000000000005
2025-05-09,0,2.0,0.0,0.0,0.0,30.9,0.0,65.85
2025-05-10,0,2.0,0.0,0.0,0.0,37.4,0.0,67.92999999999999
2025-05-11,0,2.0,0.0,0.0,0.0,35.8,0.0,67.86
2025-05-12,0,2.5,0.0,0.0,0.0,36.0,0.0,67.71000000000001
2025-05-13,0,2.0,0.0,0.0,0.0,34.0,0.0,68.13
2025-05-14,0,2.5,0.0,0.0,0.0,32.2,0.0,67.22
2025-05-15,0,1.0,0.0,0.0,0.0,31.3,0.0,67.8
2025-05-16,0,3.0,0.1,0.0,0.0,51.7,0.0,68.95
2025-05-17,0,6.0,0.2,0.0,0.0,48.5,0.0,68.72
2025-05-18,0,4.5,0.1,0.0,0.0,47.6,0.0,66.49
2025-05-19,0,0.0,0.0,0.0,0.0,40.5,0.0,66.15
2025-05-20,0,1.0,0.0,0.0,0.0,42.3,0.0,67.5
2025-05-21,0,1.0,0.0,0.0,0.0,33.1,0.0,67.72999999999999
2025-05-22,0,1.0,0.0,0.0,0.0,38.0,0.0,67.53999999999999
2025-05-23,0,1.0,0.0,0.0,0.0,34.7,0.0,67.72999999999999
2025-05-24,0,2.0,0.0,0.0,0.0,37.1,0.0,68.27000000000001
2025-05-25,0,2.0,0.0,0.0,0.0,40.0,0.0,67.8
2025-05-26,0,1.0,0.0,0.0,0.0,39.4,0.0,67.1
2025-05-27,0,2.5,0.0,0.0,0.0,35.1,0.0,67.06
2025-05-28,0,1.0,0.0,0.0,0.0,36.5,0.0,67.4
2025-05-29,0,1.0,0.0,0.0,0.0,38.9,0.0,67.78999999999999
2025-05-30,0,2.0,0.0,0.0,0.0,34.9,0.0,69.55
2025-05-31,0,2.5,0.0,0.0,0.0,37.6,0.0,69.42999999999999
2025-06-01,0,1.0,0.0,0.0,0.0,35.3,0.0,68.1
2025-06-02,0,0.0,0.0,0.0,0.0,34.0,0.0,68.08000000000001
2025-06-03,0,5.5,0.1,0.0,0.0,47.4,0.0,70.28999999999999
2025-06-04,0,4.5,0.0,0.0,0.0,38.5,0.0,68.76
2025-06-05,0,1.0,0.0,0.0,0.0,34.7,0.0,70.03
2025-06-06,0,1.0,0.0,0.0,0.0,32.4,0.0,72.1
2025-06-07,0,1.0,0.0,0.0,0.0,34.0,0.0,72.25
2025-06-08,0,2.5,0.0,0.0,0.0,34.2,0.0,71.96000000000001
2025-06-09,0,2.5,0.0,0.0,0.0,36.7,0.0,71.47
2025-06-10,0,1.0,0.0,0.0,0.0,37.6,0.0,72.03999999999999
2025-06-11,0,1.0,0.0,0.0,0.0,38.3,0.0,73.27000000000001
2025-06-12,0,1.0,0.0,0.0,0.0,37.8,0.0,73.78999999999999
2025-06-13,0,1.0,0.0,0.0,0.0,35.6,0.0,73.03
2025-06-14,0,1.0,0.0,0.0,0.0,33.6,0.0,72.47999999999999
2025-06-15,0,2.0,0.0,0.0,0.0,34.0,0.0,72.97
2025-06-16,0,1.0,0.0,0.0,0.0,34.0,0.0,74.7
2025-06-17,0,1.0,0.0,0.0,0.0,35.6,0.0,75.97
2025-06-18,0,3.5,0.0,0.0,0.0,36.0,0.0,75.42
2025-06-19,0,2.5,0.0,0.0,0.0,42.3,0.0,75.78999999999999
2025-06-20,0,6.0,0.1,0.0,0.0,48.3,0.0,75.97
2025-06-21,0,6.0,0.1,0.0,0.0,48.3,0.0,77.16
2025-06-22,0,2.0,0.0,0.0,0.0,42.1,0.0,78.26
2025-06-23,0,4.0,0.0,0.0,0.0,35.1,0.0,78.26
2025-06-24,0,4.0,0.0,0.0,0.0,34.0,0.0,78.4
2025-06-25,0,3.0,0.0,0.0,0.0,33.8,0.0,76.53
2025-06-26,0,4.5,0.0,0.0,0.0,33.3,0.0,75.22999999999999
2025-06-27,0,1.0,0.0,0.0,0.0,29.3,0.0,75.2
2025-06-28,0,3.0,0.0,0.0,0.0,29.3,0.0,75.99
2025-06-29,0,2.0,0.0,0.0,0.0,29.5,0.0,77.56
2025-06-30,0,3.0,0.0,0.0,0.0,29.8,0.0,77.86
2025-07-01,0,1.0,0.0,0.0,0.0,30.2,0.0,77.21000000000001
2025-07-02,0,2.0,0.0,0.0,0.0,38.9,0.0,77.0
2025-07-03,0,2.0,0.0,0.0,0.0,40.3,0.0,76.27000000000001
2025-07-04,0,1.0,0.0,0.0,0.0,39.4,0.0,75.75
2025-07-05,0,1.0,0.0,0.0,0.0,37.1,0.0,77.31
2025-07-06,0,1.0,0.0,0.0,0.0,34.2,0.0,77.44
2025-07-07,0,2.0,0.0,0.0,0.0,32.0,0.0,77.28999999999999
2025-07-08,0,4.0,0.0,0.0,0.0,32.0,0.0,79.14
2025-07-09,0,2.0,0.0,0.0,0.0,31.8,0.0,78.8
2025-07-10,0,3.0,0.0,0.0,0.0,35.8,0.0,78.13
2025-07-11,0,2.0,0.0,0.0,0.0,35.8,0.0,77.52000000000001
2025-07-12,0,1.0,0.0,0.0,0.0,38.7,0.0,76.75
2025-07-13,0,1.0,0.0,0.0,0.0,31.3,0.0,77.07
2025-07-14,0,1.0,0.0,0.0,0.0,34.7,0.0,77.15
2025-07-15,0,3.0,0.0,0.0,0.0,37.8,0.0,78.06
2025-07-16,0,1.0,0.0,0.0,0.0,36.7,0.0,78.14
2025-07-17,0,2.0,0.0,0.0,0.0,34.9,0.0,76.31
2025-07-18,0,2.0,0.0,0.0,0.0,34.9,0.0,76.8
2025-07-19,0,2.0,0.0,0.0,0.0,31.5,0.0,76.72999999999999
2025-07-20,0,2.0,0.0,0.0,0.0,37.4,0.0,77.41
2025-07-21,0,3.0,0.0,0.0,0.0,37.6,0.0,77.7
2025-07-22,0,2.0,0.0,0.0,0.0,36.5,0.0,77.34
2025-07-23,0,2.0,0.0,0.0,0.0,30.4,0.0,76.82000000000001
2025-07-24,0,3.0,0.0,0.0,0.0,31.8,0.0,77.88
2025-07-25,0,3.0,0.0,0.0,0.0,35.8,0.0,77.91
2025-07-26,0,2.0,0.0,0.0,0.0,35.8,0.0,77.4
2025-07-27,0,4.0,0.0,0.0,0.0,34.4,0.0,78.12
2025-07-28,0,5.0,0.0,0.0,0.0,35.6,0.0,79.89
2025-07-29,0,5.0,0.0,0.0,0.0,35.6,0.0,80.81
2025-07-30,0,3.0,0.0,0.0,0.0,36.5,0.0,79.37
2025-07-31,0,2.0,0.0,0.0,0.0,34.2,0.0,78.42999999999999
2025-08-01,0,2.0,0.0,0.0,0.0,31.5,0.0,76.42
2025-08-02,0,1.0,0.0,0.0,0.0,32.9,0.0,75.7
2025-08-03,0,1.0,0.0,0.0,0.0,35.6,0.0,75.19
2025-08-04,0,2.0,0.0,0.0,0.0,36.9,0.0,75.59
2025-08-05,0,2.0,0.0,0.0,0.0,36.7,0.0,77.2
2025-08-06,0,4.0,0.0,0.0,0.0,36.5,0.0,78.34
2025-08-07,0,4.0,0.0,0.0,0.0,31.3,0.0,78.97999999999999
2025-08-08,0,4.0,0.0,0.0,0.0,33.3,0.0,78.72
2025-08-09,0,3.0,0.0,0.0,0.0,37.8,0.0,77.97
2025-08-10,0,2.0,0.0,0.0,0.0,28.9,0.0,77.97
2025-08-11,0,2.0,0.0,0.0,0.0,33.1,0.0,78.47999999999999
2025-08-12,0,1.0,0.0,0.0,0.0,33.3,0.0,78.55
2025-08-13,0,2.0,0.0,0.0,0.0,32.9,0.0,79.05
2025-08-14,0,2.0,0.0,0.0,0.0,32.9,0.0,78.14
2025-08-15,0,3.0,0.0,0.0,0.0,32.0,0.0,78.83
2025-08-16,0,2.0,0.0,0.0,0.0,36.0,0.0,78.57000000000001
2025-08-17,0,3.0,0.0,0.0,0.0,36.0,0.0,77.77000000000001
2025-08-18,0,2.0,0.0,0.0,0.0,36.2,0.0,77.42999999999999
2025-08-19,0,2.0,0.0,0.0,0.0,31.8,0.0,77.85
2025-08-20,0,5.5,0.0,0.0,0.0,31.8,0.0,77.17999999999999
2025-08-21,0,4.5,0.0,0.0,0.0,33.3,0.0,77.8
2025-08-22,0,3.0,0.0,0.0,0.0,28.6,0.0,77.62
2025-08-23,0,2.0,0.0,0.0,0.0,31.5,0.0,77.03
2025-08-24,0,3.0,0.0,0.0,0.0,29.1,0.0,76.46000000000001
2025-08-25,0,2.0,0.0,0.0,0.0,31.1,0.0,75.88
2025-08-26,0,1.0,0.0,0.0,0.0,43.4,0.0,73.51
2025-08-27,0,1.0,0.0,0.0,0.0,32.7,0.0,72.78
2025-08-28,0,2.0,0.0,0.0,0.0,28.6,0.0,74.9
2025-08-29,0,2.5,0.0,0.0,0.0,31.1,0.0,73.3
2025-08-30,0,3.5,0.0,0.0,0.0,31.1,0.0,73.37
2025-08-31,0,2.0,0.0,0.0,0.0,26.4,0.0,74.25
2025-09-01,0,1.0,0.0,0.0,0.0,27.7,0.0,74.09
2025-09-02,0,1.0,0.0,0.0,0.0,30.6,0.0,74.8
2025-09-03,0,2.0,0.0,0.0,0.0,28.4,0.0,74.15
2025-09-04,0,2.0,0.0,0.0,0.0,33.8,0.0,73.34
2025-09-05,0,1.0,0.0,0.0,0.0,35.6,0.0,73.06
2025-09-06,0,2.5,0.0,0.0,0.0,34.4,0.0,71.89
2025-09-07,0,2.0,0.0,0.0,0.0,28.4,0.0,72.24
2025-09-08,0,1.0,0.0,0.0,0.0,28.0,0.0,72.17999999999999
2025-09-09,0,1.0,0.0,0.0,0.0,34.4,0.0,71.91
2025-09-10,0,1.0,0.0,0.0,0.0,32.9,0.0,72.83
2025-09-11,0,4.0,0.1,0.0,0.0,47.6,0.0,73.78
2025-09-12,0,2.5,0.0,0.0,0.0,27.3,0.0,73.9
2025-09-13,0,1.0,0.0,0.0,0.0,34.2,0.0,73.22999999999999
2025-09-14,0,1.0,0.0,0.0,0.0,34.0,0.0,72.84
2025-09-15,0,1.0,0.0,0.0,0.0,30.9,0.0,73.42999999999999
2025-09-16,0,3.0,0.0,0.0,0.0,27.3,0.0,74.32000000000001
2025-09-17,0,2.0,0.0,0.0,0.0,32.2,0.0,73.97
2025-09-18,0,2.0,0.0,0.0,0.0,31.8,0.0,73.05
2025-09-19,0,1.0,0.0,0.0,0.0,30.0,0.0,72.83
2025-09-20,0,1.0,0.0,0.0,0.0,28.0,0.0,73.47
2025-09-21,0,1.0,0.0,0.0,0.0,33.8,0.0,72.33
2025-09-22,0,3.0,0.0,0.0,0.0,30.6,0.0,71.06
2025-09-23,0,1.0,0.0,0.0,0.0,26.6,0.0,72.21000000000001
2025-09-24,0,1.0,0.0,0.0,0.0,27.7,0.0,72.58
2025-09-25,0,2.5,0.0,0.0,0.0,36.9,0.0,71.14
2025-09-26,0,1.0,0.0,0.0,0.0,31.8,0.0,70.44
2025-09-27,0,0.0,0.0,0.0,0.0,34.2,0.0,70.39
2025-09-28,0,0.0,0.0,0.0,0.0,26.4,0.0,70.85
2025-09-29,0,0.0,0.0,0.0,0.0,30.4,0.0,70.8
2025-09-30,0,0.0,0.0,0.0,0.0,32.4,0.0,71.03999999999999
2025-10-01,0,1.0,0.0,0.0,0.0,31.8,0.0,70.6
2025-10-02,0,1.0,0.0,0.0,0.0,27.3,0.0,69.38
2025-10-03,0,1.0,0.0,0.0,0.0,30.2,0.0,70.05
2025-10-04,0,1.0,0.0,0.0,0.0,39.6,0.0,70.57000000000001
2025-10-05,0,0.0,0.0,0.0,0.0,32.0,0.0,69.26
2025-10-06,0,0.0,0.0,0.0,0.0,24.6,0.0,68.62
2025-10-07,0,1.0,0.0,0.0,0.0,29.8,0.0,68.83
2025-10-08,0,1.0,0.0,0.0,0.0,31.3,0.0,68.26
2025-10-09,0,0.0,0.0,0.0,0.0,29.5,0.0,66.65
2025-10-10,0,0.0,0.0,0.0,0.0,26.8,0.0,64.89
2025-10-11,0,0.0,0.0,0.0,0.0,34.4,0.0,65.42999999999999
2025-10-12,0,1.5,0.0,0.0,0.0,34.2,0.0,64.72999999999999
2025-10-13,0,1.5,0.0,0.0,0.0,40.5,0.0,63.910000000000004
2025-10-14,0,1.5,0.0,0.0,0.0,30.9,0.0,63.510000000000005
2025-10-15,0,0.0,0.0,0.0,0.0,25.5,0.0,63.42
2025-10-16,0,0.0,0.0,0.0,0.0,28.4,0.0,62.370000000000005
2025-10-17,0,0.0,0.0,0.0,0.0,32.2,0.0,63.470000000000006
2025-10-18,0,0.0,0.0,0.0,0.0,36.5,0.0,64.46000000000001
2025-10-19,0,1.5,0.0,0.0,0.0,44.3,0.0,63.85
2025-10-20,0,0.0,0.0,0.0,0.0,40.3,0.0,63.1
2025-10-21,0,0.0,0.0,0.0,0.0,41.4,0.0,63.04
2025-10-22,0,0.0,0.0,0.0,0.0,39.1,0.0,61.94
2025-10-23,0,0.0,0.0,0.0,0.0,29.5,0.0,61.23
2025-10-24,0,0.0,0.0,0.0,0.0,37.4,0.0,61.42999999999999
2025-10-25,0,1.5,0.0,0.0,0.0,39.1,0.0,60.080000000000005
2025-10-26,0,3.0,0.1,0.0,0.0,53.7,0.0,60.260000000000005
2025-10-27,0,0.0,0.0,0.0,0.0,40.5,0.0,59.160000000000004
2025-10-28,0,0.0,0.0,0.0,0.0,43.6,0.0,58.69
2025-10-29,0,0.0,0.0,0.0,0.0,43.2,0.0,58.98
2025-10-30,0,1.5,0.0,0.0,0.0,39.1,0.0,58.42999999999999
2025-10-31,0,3.0,0.1,0.0,0.0,45.4,0.0,56.25
2025-11-01,0,4.5,0.1,0.0,0.0,46.1,0.0,56.61
2025-11-02,0,0.0,0.0,0.0,0.0,30.4,0.0,58.089999999999996
2025-11-03,0,0.0,0.0,0.0,0.0,26.6,0.0,57.71
2025-11-04,0,0.0,0.0,0.0,0.0,35.6,0.0,58.220000000000006
2025-11-05,0,0.0,0.0,0.0,0.0,44.3,0.0,60.839999999999996
2025-11-06,0,0.0,0.0,0.0,0.0,37.6,0.0,60.25
2025-11-07,0,0.0,0.0,0.0,0.0,40.9,0.0,60.29
2025-11-08,0,0.0,0.0,0.0,0.0,26.8,0.0,60.910000000000004
2025-11-09,0,0.0,0.0,0.0,0.0,37.4,0.909,58.64
2025-11-10,0,3.0,0.1,0.0,0.0,45.0,1.764,55.35
2025-11-11,0,0.0,0.0,0.0,0.0,40.7,0.138,51.58
2025-11-12,0,0.0,0.0,0.0,0.0,27.7,0.0,54.879999999999995
2025-11-13,0,1.5,0.0,0.0,0.0,39.6,0.0,58.94
2025-11-14,0,3.0,0.0,0.0,0.0,32.4,0.0,58.61
2025-11-15,0,1.5,0.0,0.0,0.0,31.8,0.0,60.339999999999996
2025-11-16,0,1.5,0.0,0.0,0.0,43.4,0.0,59.36
2025-11-17,0,0.0,0.0,0.0,0.0,42.7,0.0,56.06
2025-11-18,0,1.5,0.0,0.0,0.0,35.3,0.882,55.239999999999995
2025-11-19,0,0.0,0.0,0.0,0.0,23.0,0.22,55.989999999999995
2025-11-20,0,1.5,0.0,0.0,0.0,24.6,0.0,55.21
2025-11-21,0,1.5,0.0,0.0,0.0,27.1,0.0,55.129999999999995
2025-11-22,0,0.0,0.0,0.0,0.0,22.8,0.0,55.48
2025-11-23,0,0.0,0.0,0.0,0.0,25.5,0.0,53.94
2025-11-24,0,1.5,0.0,0.0,0.0,28.2,0.0,54.010000000000005
2025-11-25,0,0.0,0.0,0.0,0.0,25.9,0.0,54.489999999999995
2025-11-26,0,3.0,0.1,0.0,0.0,55.7,0.0,53.129999999999995
2025-11-27,0,3.0,0.1,0.0,0.0,50.8,0.0,49.730000000000004
2025-11-28,0,0.0,0.0,0.0,0.0,39.4,0.055,47.28
2025-11-29,0,4.0,0.0,0.1,0.0,37.8,3.417,47.1
2025-11-30,0,2.0,0.0,0.0,0.1,31.5,1.819,44.46
2025-12-01,0,4.0,0.0,0.0,0.2,25.5,0.303,44.56
2025-12-02,0,2.0,0.0,0.0,0.1,32.0,0.799,45.15
2025-12-03,0,2.0,0.0,0.0,0.1,26.4,2.894,45.239999999999995
2025-12-04,0,4.0,0.0,0.0,0.2,32.2,0.11,42.910000000000004
2025-12-05,0,6.0,0.0,0.0,0.3,37.1,0.0,42.65
2025-12-06,0,0.0,0.0,0.0,0.0,43.4,0.11,46.42
2025-12-07,0,0.0,0.0,0.0,0.0,36.5,2.535,46.56
2025-12-08,0,4.0,0.0,0.0,0.2,44.3,0.028,45.64
2025-12-09,0,4.0,0.0,0.0,0.2,43.4,0.165,45.44
2025-12-10,0,1.5,0.0,0.0,0.0,42.3,0.331,49.760000000000005
2025-12-11,0,0.0,0.0,0.0,0.0,38.5,0.0,48.56
2025-12-12,0,0.0,0.0,0.0,0.0,25.1,0.0,48.61
2025-12-13,0,2.0,0.0,0.0,0.1,28.6,0.303,47.85
2025-12-14,0,6.5,0.0,0.1,0.2,36.0,3.445,44.8
2025-12-15,0,7.0,0.1,0.0,0.2,47.0,0.0,42.190000000000005
2025-12-16,0,4.0,0.0,0.0,0.2,44.3,0.0,45.739999999999995
2025-12-17,0,3.0,0.1,0.0,0.0,49.9,0.0,50.339999999999996
2025-12-18,0,0.0,0.0,0.0,0.0,44.5,0.0,52.410000000000004
2025-12-19,0,3.5,0.0,0.0,0.1,43.8,0.028,51.42999999999999
2025-12-20,0,2.0,0.0,0.0,0.1,36.9,0.0,50.72
2025-12-21,0,2.0,0.0,0.0,0.1,32.9,0.0,51.13
2025-12-22,0,1.5,0.0,0.0,0.0,36.5,0.0,52.510000000000005
2025-12-23,0,0.0,0.0,0.0,0.0,34.0,0.579,54.370000000000005
2025-12-24,0,4.5,0.1,0.0,0.0,50.8,0.0,55.410000000000004
2025-12-25,0,4.5,0.1,0.0,0.0,57.5,0.0,54.839999999999996
2025-12-26,0,1.5,0.0,0.0,0.0,44.5,0.882,53.4
2025-12-27,0,2.5,0.0,0.1,0.0,37.8,3.224,52.27
2025-12-28,0,8.5,0.1,0.0,0.2,46.1,0.276,49.730000000000004
2025-12-29,0,7.0,0.1,0.0,0.2,53.7,0.634,45.089999999999996
2025-12-30,0,4.0,0.0,0.0,0.2,38.3,0.11,41.87
2025-12-31,0,0.0,0.0,0.0,0.0,26.4,0.717,44.15
2026-01-01,0,3.5,0.0,0.0,0.1,36.7,0.358,45.089999999999996
2026-01-02,0,4.0,0.0,0.0,0.2,30.0,0.083,47.839999999999996
2026-01-03,0,4.0,0.0,0.0,0.2,41.4,0.0,49.15
2026-01-04,0,0.0,0.0,0.0,0.0,34.2,0.083,49.010000000000005
2026-01-05,0,0.0,0.0,0.0,0.0,32.4,0.22,49.57
2026-01-06,0,0.0,0.0,0.0,0.0,38.7,0.055,51.86
2026-01-07,0,0.0,0.0,0.0,0.0,34.7,0.055,51.769999999999996
2026-01-08,0,0.0,0.0,0.0,0.0,37.1,0.772,52.55
2026-01-09,0,3.0,0.1,0.0,0.0,55.5,1.13,50.79
2026-01-10,0,2.0,0.0,0.0,0.1,38.9,0.579,47.910000000000004
2026-01-11,0,3.5,0.0,0.0,0.1,39.6,0.11,46.87
2026-01-12,0,1.5,0.0,0.0,0.0,31.1,0.0,46.63
2026-01-13,0,0.0,0.0,0.0,0.0,32.7,0.0,49.68
2026-01-14,0,3.0,0.1,0.0,0.0,53.0,1.13,50.8
2026-01-15,0,2.0,0.0,0.0,0.1,43.2,0.0,47.17
2026-01-16,0,0.0,0.0,0.0,0.0,43.0,0.606,44.58
2026-01-17,0,2.0,0.0,0.0,0.1,32.9,1.295,44.68
2026-01-18,0,2.0,0.0,0.0,0.1,33.1,1.709,43.69
2026-01-19,0,4.0,0.0,0.0,0.2,38.0,0.827,41.260000000000005
2026-01-20,0,4.0,0.0,0.0,0.2,38.0,0.0,39.989999999999995
2026-01-21,0,4.0,0.0,0.0,0.2,34.4,0.441,43.62
2026-01-22,0,4.0,0.0,0.0,0.2,41.4,0.138,45.42
2026-01-23,0,4.0,0.0,0.0,0.2,33.6,0.083,42.86
2026-01-24,0,6.0,0.0,0.0,0.3,30.2,0.331,36.89
2026-01-25,1,12.0,0.0,0.1,0.4,39.8,6.917,35.71
2026-01-26,1,8.0,0.0,0.0,0.4,40.7,0.606,36.14
2026-01-27,1,8.0,0.0,0.0,0.4,32.0,0.028,36.61
2026-01-28,0,6.0,0.0,0.0,0.3,26.4,0.0,39.08
