type,pct,ticker,price,best_ask,target_shares,exposure_before,shares,dry_run,response,side,model_prob,market_prob
passive_limit,0.1,KXTSAW-26MAY17-A2.40,0.927834126575415,0.99,8,4,4,False,"{'order': {'action': 'buy', 'client_order_id': '76af74b9-4f09-428d-bce3-9589f59d4d7b', 'created_time': '2026-05-13T13:16:39.628785Z', 'expiration_time': '2026-05-13T23:59:00Z', 'fill_count_fp': '0.00', 'initial_count_fp': '4.00', 'last_update_time': '2026-05-13T13:16:39.628785Z', 'maker_fees_dollars': '0.000000', 'maker_fill_cost_dollars': '0.000000', 'no_price_dollars': '0.0700', 'order_id': '071de7db-6d7e-4e9e-961c-b2e9c883dee6', 'remaining_count_fp': '4.00', 'side': 'yes', 'status': 'resting', 'subaccount_number': 0, 'taker_fees_dollars': '0.000000', 'taker_fill_cost_dollars': '0.000000', 'ticker': 'KXTSAW-26MAY17-A2.40', 'type': 'limit', 'user_id': '6db6972a-11ba-4203-a80d-b435f9c20a3f', 'yes_price_dollars': '0.9300'}}",yes,0.9999991027781526,0.975
passive_limit,0.15,KXTSAW-26MAY17-A2.40,0.9239120682371224,0.99,12,8,4,False,"{'order': {'action': 'buy', 'client_order_id': 'a6aad244-2401-4654-aaa5-521d17263252', 'created_time': '2026-05-13T13:16:39.734102Z', 'expiration_time': '2026-05-13T23:59:00Z', 'fill_count_fp': '0.00', 'initial_count_fp': '4.00', 'last_update_time': '2026-05-13T13:16:39.734102Z', 'maker_fees_dollars': '0.000000', 'maker_fill_cost_dollars': '0.000000', 'no_price_dollars': '0.0800', 'order_id': 'e0690d80-b1e6-4e9f-aa98-5ff115a22625', 'remaining_count_fp': '4.00', 'side': 'yes', 'status': 'resting', 'subaccount_number': 0, 'taker_fees_dollars': '0.000000', 'taker_fill_cost_dollars': '0.000000', 'ticker': 'KXTSAW-26MAY17-A2.40', 'type': 'limit', 'user_id': '6db6972a-11ba-4203-a80d-b435f9c20a3f', 'yes_price_dollars': '0.9200'}}",yes,0.9999991027781526,0.975
passive_limit,0.2,KXTSAW-26MAY17-A2.40,0.9195391985955775,0.99,16,12,4,False,"{'order': {'action': 'buy', 'client_order_id': 'fb08052e-1835-4968-b3a7-817c8ff02f48', 'created_time': '2026-05-13T13:16:39.83951Z', 'expiration_time': '2026-05-13T23:59:00Z', 'fill_count_fp': '0.00', 'initial_count_fp': '4.00', 'last_update_time': '2026-05-13T13:16:39.83951Z', 'maker_fees_dollars': '0.000000', 'maker_fill_cost_dollars': '0.000000', 'no_price_dollars': '0.0800', 'order_id': '52761d9e-d8e8-4e94-8431-cac48a0cce0e', 'remaining_count_fp': '4.00', 'side': 'yes', 'status': 'resting', 'subaccount_number': 0, 'taker_fees_dollars': '0.000000', 'taker_fill_cost_dollars': '0.000000', 'ticker': 'KXTSAW-26MAY17-A2.40', 'type': 'limit', 'user_id': '6db6972a-11ba-4203-a80d-b435f9c20a3f', 'yes_price_dollars': '0.9200'}}",yes,0.9999991027781526,0.975
passive_limit,0.25,KXTSAW-26MAY17-A2.40,0.9146330521684788,0.99,20,16,4,False,"{'order': {'action': 'buy', 'client_order_id': '65bc072d-2df8-4e05-a1b3-ca6ab3875e76', 'created_time': '2026-05-13T13:16:39.941564Z', 'expiration_time': '2026-05-13T23:59:00Z', 'fill_count_fp': '0.00', 'initial_count_fp': '4.00', 'last_update_time': '2026-05-13T13:16:39.941564Z', 'maker_fees_dollars': '0.000000', 'maker_fill_cost_dollars': '0.000000', 'no_price_dollars': '0.0900', 'order_id': '3e8fcabc-836b-4aea-89e3-25926cb4593d', 'remaining_count_fp': '4.00', 'side': 'yes', 'status': 'resting', 'subaccount_number': 0, 'taker_fees_dollars': '0.000000', 'taker_fill_cost_dollars': '0.000000', 'ticker': 'KXTSAW-26MAY17-A2.40', 'type': 'limit', 'user_id': '6db6972a-11ba-4203-a80d-b435f9c20a3f', 'yes_price_dollars': '0.9100'}}",yes,0.9999991027781526,0.975
passive_limit,0.3,KXTSAW-26MAY17-A2.40,0.9090897438677308,0.99,24,20,4,False,"{'order': {'action': 'buy', 'client_order_id': '96046294-3bb9-480d-90c4-ae00a0c50a49', 'created_time': '2026-05-13T13:16:40.040992Z', 'expiration_time': '2026-05-13T23:59:00Z', 'fill_count_fp': '0.00', 'initial_count_fp': '4.00', 'last_update_time': '2026-05-13T13:16:40.040992Z', 'maker_fees_dollars': '0.000000', 'maker_fill_cost_dollars': '0.000000', 'no_price_dollars': '0.0900', 'order_id': '5c214a60-ce62-4852-b5c7-e59285a5e3a4', 'remaining_count_fp': '4.00', 'side': 'yes', 'status': 'resting', 'subaccount_number': 0, 'taker_fees_dollars': '0.000000', 'taker_fill_cost_dollars': '0.000000', 'ticker': 'KXTSAW-26MAY17-A2.40', 'type': 'limit', 'user_id': '6db6972a-11ba-4203-a80d-b435f9c20a3f', 'yes_price_dollars': '0.9100'}}",yes,0.9999991027781526,0.975
passive_limit,0.35,KXTSAW-26MAY17-A2.40,0.902776531636323,0.99,28,24,4,False,"{'order': {'action': 'buy', 'client_order_id': '7f98b71c-c5a1-4044-b635-ff1f2ec6c18b', 'created_time': '2026-05-13T13:16:40.146824Z', 'expiration_time': '2026-05-13T23:59:00Z', 'fill_count_fp': '0.00', 'initial_count_fp': '4.00', 'last_update_time': '2026-05-13T13:16:40.146824Z', 'maker_fees_dollars': '0.000000', 'maker_fill_cost_dollars': '0.000000', 'no_price_dollars': '0.1000', 'order_id': '07a83eb5-e752-4744-baa2-abe46325ba9a', 'remaining_count_fp': '4.00', 'side': 'yes', 'status': 'resting', 'subaccount_number': 0, 'taker_fees_dollars': '0.000000', 'taker_fill_cost_dollars': '0.000000', 'ticker': 'KXTSAW-26MAY17-A2.40', 'type': 'limit', 'user_id': '6db6972a-11ba-4203-a80d-b435f9c20a3f', 'yes_price_dollars': '0.9000'}}",yes,0.9999991027781526,0.975
passive_limit,0.4,KXTSAW-26MAY17-A2.40,0.8955210489226157,0.99,33,28,5,False,"{'order': {'action': 'buy', 'client_order_id': '0fd21c36-b231-46e2-a47c-0bf253967e49', 'created_time': '2026-05-13T13:16:40.249411Z', 'expiration_time': '2026-05-13T23:59:00Z', 'fill_count_fp': '0.00', 'initial_count_fp': '5.00', 'last_update_time': '2026-05-13T13:16:40.249411Z', 'maker_fees_dollars': '0.000000', 'maker_fill_cost_dollars': '0.000000', 'no_price_dollars': '0.1000', 'order_id': '6b79f38a-866b-45ef-9213-576f839ae6d8', 'remaining_count_fp': '5.00', 'side': 'yes', 'status': 'resting', 'subaccount_number': 0, 'taker_fees_dollars': '0.000000', 'taker_fill_cost_dollars': '0.000000', 'ticker': 'KXTSAW-26MAY17-A2.40', 'type': 'limit', 'user_id': '6db6972a-11ba-4203-a80d-b435f9c20a3f', 'yes_price_dollars': '0.9000'}}",yes,0.9999991027781526,0.975
passive_limit,0.05,KXTSAW-26MAY17-A2.50,0.8618670750423141,0.95,4,0,4,False,"{'order': {'action': 'buy', 'client_order_id': 'f446a6f7-bcdb-4988-ab15-7cbfd4e9ae88', 'created_time': '2026-05-13T13:16:41.770347Z', 'expiration_time': '2026-05-13T23:59:00Z', 'fill_count_fp': '0.00', 'initial_count_fp': '4.00', 'last_update_time': '2026-05-13T13:16:41.770347Z', 'maker_fees_dollars': '0.000000', 'maker_fill_cost_dollars': '0.000000', 'no_price_dollars': '0.1400', 'order_id': '6cf0c80d-348e-4b22-98c8-b12368275fa2', 'remaining_count_fp': '4.00', 'side': 'yes', 'status': 'resting', 'subaccount_number': 0, 'taker_fees_dollars': '0.000000', 'taker_fill_cost_dollars': '0.000000', 'ticker': 'KXTSAW-26MAY17-A2.50', 'type': 'limit', 'user_id': '6db6972a-11ba-4203-a80d-b435f9c20a3f', 'yes_price_dollars': '0.8600'}}",yes,0.9291044165431604,0.935
passive_limit,0.1,KXTSAW-26MAY17-A2.50,0.8547468211785159,0.95,8,4,4,False,"{'order': {'action': 'buy', 'client_order_id': 'f8b2f5e0-20c3-4322-aa03-e1d9fc27d422', 'created_time': '2026-05-13T13:16:41.87292Z', 'expiration_time': '2026-05-13T23:59:00Z', 'fill_count_fp': '0.00', 'initial_count_fp': '4.00', 'last_update_time': '2026-05-13T13:16:41.87292Z', 'maker_fees_dollars': '0.000000', 'maker_fill_cost_dollars': '0.000000', 'no_price_dollars': '0.1500', 'order_id': 'd2d61232-2719-47a7-b78f-7a2196f74e05', 'remaining_count_fp': '4.00', 'side': 'yes', 'status': 'resting', 'subaccount_number': 0, 'taker_fees_dollars': '0.000000', 'taker_fill_cost_dollars': '0.000000', 'ticker': 'KXTSAW-26MAY17-A2.50', 'type': 'limit', 'user_id': '6db6972a-11ba-4203-a80d-b435f9c20a3f', 'yes_price_dollars': '0.8500'}}",yes,0.9291044165431604,0.935
passive_limit,0.15,KXTSAW-26MAY17-A2.50,0.8468526266773483,0.95,13,8,5,False,"{'order': {'action': 'buy', 'client_order_id': 'fb42899b-2bf3-4bbe-ae45-215ad5a3e51f', 'created_time': '2026-05-13T13:16:41.977902Z', 'expiration_time': '2026-05-13T23:59:00Z', 'fill_count_fp': '0.00', 'initial_count_fp': '5.00', 'last_update_time': '2026-05-13T13:16:41.977902Z', 'maker_fees_dollars': '0.000000', 'maker_fill_cost_dollars': '0.000000', 'no_price_dollars': '0.1500', 'order_id': 'cd8c6000-7681-4f81-8314-baf9158e4691', 'remaining_count_fp': '5.00', 'side': 'yes', 'status': 'resting', 'subaccount_number': 0, 'taker_fees_dollars': '0.000000', 'taker_fill_cost_dollars': '0.000000', 'ticker': 'KXTSAW-26MAY17-A2.50', 'type': 'limit', 'user_id': '6db6972a-11ba-4203-a80d-b435f9c20a3f', 'yes_price_dollars': '0.8500'}}",yes,0.9291044165431604,0.935
passive_limit,0.2,KXTSAW-26MAY17-A2.50,0.8380510534978854,0.95,17,13,4,False,"{'order': {'action': 'buy', 'client_order_id': 'cd83b567-24a0-4c53-bc21-270d69e453bb', 'created_time': '2026-05-13T13:16:42.083428Z', 'expiration_time': '2026-05-13T23:59:00Z', 'fill_count_fp': '0.00', 'initial_count_fp': '4.00', 'last_update_time': '2026-05-13T13:16:42.083428Z', 'maker_fees_dollars': '0.000000', 'maker_fill_cost_dollars': '0.000000', 'no_price_dollars': '0.1600', 'order_id': '0a1c3e5b-313e-4f4f-8820-ea445d0cfb78', 'remaining_count_fp': '4.00', 'side': 'yes', 'status': 'resting', 'subaccount_number': 0, 'taker_fees_dollars': '0.000000', 'taker_fill_cost_dollars': '0.000000', 'ticker': 'KXTSAW-26MAY17-A2.50', 'type': 'limit', 'user_id': '6db6972a-11ba-4203-a80d-b435f9c20a3f', 'yes_price_dollars': '0.8400'}}",yes,0.9291044165431604,0.935
passive_limit,0.25,KXTSAW-26MAY17-A2.50,0.8281761177355614,0.95,22,17,5,False,"{'order': {'action': 'buy', 'client_order_id': '3193e630-b03b-4795-8bcf-a835fdef300a', 'created_time': '2026-05-13T13:16:42.179492Z', 'expiration_time': '2026-05-13T23:59:00Z', 'fill_count_fp': '0.00', 'initial_count_fp': '5.00', 'last_update_time': '2026-05-13T13:16:42.179492Z', 'maker_fees_dollars': '0.000000', 'maker_fill_cost_dollars': '0.000000', 'no_price_dollars': '0.1700', 'order_id': '41e18491-1ce1-42da-b3fa-9b348f8056df', 'remaining_count_fp': '5.00', 'side': 'yes', 'status': 'resting', 'subaccount_number': 0, 'taker_fees_dollars': '0.000000', 'taker_fill_cost_dollars': '0.000000', 'ticker': 'KXTSAW-26MAY17-A2.50', 'type': 'limit', 'user_id': '6db6972a-11ba-4203-a80d-b435f9c20a3f', 'yes_price_dollars': '0.8300'}}",yes,0.9291044165431604,0.935
passive_limit,0.3,KXTSAW-26MAY17-A2.50,0.8170187227833253,0.95,27,22,5,False,"{'order': {'action': 'buy', 'client_order_id': '9b5685bb-6d3b-4158-846c-28fe3bf1895c', 'created_time': '2026-05-13T13:16:42.274899Z', 'expiration_time': '2026-05-13T23:59:00Z', 'fill_count_fp': '0.00', 'initial_count_fp': '5.00', 'last_update_time': '2026-05-13T13:16:42.274899Z', 'maker_fees_dollars': '0.000000', 'maker_fill_cost_dollars': '0.000000', 'no_price_dollars': '0.1800', 'order_id': '0c26237e-9cf6-4889-888e-817813ca3997', 'remaining_count_fp': '5.00', 'side': 'yes', 'status': 'resting', 'subaccount_number': 0, 'taker_fees_dollars': '0.000000', 'taker_fill_cost_dollars': '0.000000', 'ticker': 'KXTSAW-26MAY17-A2.50', 'type': 'limit', 'user_id': '6db6972a-11ba-4203-a80d-b435f9c20a3f', 'yes_price_dollars': '0.8200'}}",yes,0.9291044165431604,0.935
passive_limit,0.35,KXTSAW-26MAY17-A2.50,0.8043116896432784,0.95,32,27,5,False,"{'order': {'action': 'buy', 'client_order_id': '3efeacd6-8077-4897-bcf5-b297cfb966a4', 'created_time': '2026-05-13T13:16:42.377008Z', 'expiration_time': '2026-05-13T23:59:00Z', 'fill_count_fp': '0.00', 'initial_count_fp': '5.00', 'last_update_time': '2026-05-13T13:16:42.377008Z', 'maker_fees_dollars': '0.000000', 'maker_fill_cost_dollars': '0.000000', 'no_price_dollars': '0.2000', 'order_id': '6b35f427-80aa-4006-891b-a3d368ea79a4', 'remaining_count_fp': '5.00', 'side': 'yes', 'status': 'resting', 'subaccount_number': 0, 'taker_fees_dollars': '0.000000', 'taker_fill_cost_dollars': '0.000000', 'ticker': 'KXTSAW-26MAY17-A2.50', 'type': 'limit', 'user_id': '6db6972a-11ba-4203-a80d-b435f9c20a3f', 'yes_price_dollars': '0.8000'}}",yes,0.9291044165431604,0.935
passive_limit,0.4,KXTSAW-26MAY17-A2.50,0.7897080843927767,0.95,37,32,5,False,"{'order': {'action': 'buy', 'client_order_id': '5052aa3c-2e19-4d4c-9c3f-992f029d0abf', 'created_time': '2026-05-13T13:16:42.474009Z', 'expiration_time': '2026-05-13T23:59:00Z', 'fill_count_fp': '0.00', 'initial_count_fp': '5.00', 'last_update_time': '2026-05-13T13:16:42.474009Z', 'maker_fees_dollars': '0.000000', 'maker_fill_cost_dollars': '0.000000', 'no_price_dollars': '0.2100', 'order_id': '45ea8b01-1e80-4a62-b742-19836a2559aa', 'remaining_count_fp': '5.00', 'side': 'yes', 'status': 'resting', 'subaccount_number': 0, 'taker_fees_dollars': '0.000000', 'taker_fill_cost_dollars': '0.000000', 'ticker': 'KXTSAW-26MAY17-A2.50', 'type': 'limit', 'user_id': '6db6972a-11ba-4203-a80d-b435f9c20a3f', 'yes_price_dollars': '0.7900'}}",yes,0.9291044165431604,0.935
passive_limit,0.05,KXTSAW-26MAY17-A2.55,0.36964632302032246,0.48,9,0,9,False,"{'order': {'action': 'buy', 'client_order_id': 'ab575921-1218-453e-8367-75b263e92cb4', 'created_time': '2026-05-13T13:16:43.302515Z', 'expiration_time': '2026-05-13T23:59:00Z', 'fill_count_fp': '0.00', 'initial_count_fp': '9.00', 'last_update_time': '2026-05-13T13:16:43.302515Z', 'maker_fees_dollars': '0.000000', 'maker_fill_cost_dollars': '0.000000', 'no_price_dollars': '0.6300', 'order_id': 'e76199f4-fb9b-45ba-a62f-63022f57f131', 'remaining_count_fp': '9.00', 'side': 'yes', 'status': 'resting', 'subaccount_number': 0, 'taker_fees_dollars': '0.000000', 'taker_fill_cost_dollars': '0.000000', 'ticker': 'KXTSAW-26MAY17-A2.55', 'type': 'limit', 'user_id': '6db6972a-11ba-4203-a80d-b435f9c20a3f', 'yes_price_dollars': '0.3700'}}",yes,0.4270392494807289,0.47
passive_limit,0.1,KXTSAW-26MAY17-A2.55,0.3371538654440504,0.48,21,9,12,False,"{'order': {'action': 'buy', 'client_order_id': '61f790c9-c3b5-409a-a58e-0aff7884d642', 'created_time': '2026-05-13T13:16:43.414505Z', 'expiration_time': '2026-05-13T23:59:00Z', 'fill_count_fp': '0.00', 'initial_count_fp': '12.00', 'last_update_time': '2026-05-13T13:16:43.414505Z', 'maker_fees_dollars': '0.000000', 'maker_fill_cost_dollars': '0.000000', 'no_price_dollars': '0.6600', 'order_id': 'd26a32e1-a19d-4690-9359-bab715d2d0a4', 'remaining_count_fp': '12.00', 'side': 'yes', 'status': 'resting', 'subaccount_number': 0, 'taker_fees_dollars': '0.000000', 'taker_fill_cost_dollars': '0.000000', 'ticker': 'KXTSAW-26MAY17-A2.55', 'type': 'limit', 'user_id': '6db6972a-11ba-4203-a80d-b435f9c20a3f', 'yes_price_dollars': '0.3400'}}",yes,0.4270392494807289,0.47
passive_limit,0.15,KXTSAW-26MAY17-A2.55,0.30112961900079227,0.48,35,21,14,False,"{'order': {'action': 'buy', 'client_order_id': '823e03df-2a6f-46e4-82b7-cab8ffef380a', 'created_time': '2026-05-13T13:16:43.517278Z', 'expiration_time': '2026-05-13T23:59:00Z', 'fill_count_fp': '0.00', 'initial_count_fp': '14.00', 'last_update_time': '2026-05-13T13:16:43.517278Z', 'maker_fees_dollars': '0.000000', 'maker_fill_cost_dollars': '0.000000', 'no_price_dollars': '0.7000', 'order_id': '147593bb-a052-4100-848f-863fb81e008d', 'remaining_count_fp': '14.00', 'side': 'yes', 'status': 'resting', 'subaccount_number': 0, 'taker_fees_dollars': '0.000000', 'taker_fill_cost_dollars': '0.000000', 'ticker': 'KXTSAW-26MAY17-A2.55', 'type': 'limit', 'user_id': '6db6972a-11ba-4203-a80d-b435f9c20a3f', 'yes_price_dollars': '0.3000'}}",yes,0.4270392494807289,0.47
passive_limit,0.2,KXTSAW-26MAY17-A2.55,0.2609646545755504,0.48,54,35,19,False,"{'order': {'action': 'buy', 'client_order_id': 'bb35e329-94ab-4b5a-8916-16d3b11f0a7e', 'created_time': '2026-05-13T13:16:43.615798Z', 'expiration_time': '2026-05-13T23:59:00Z', 'fill_count_fp': '0.00', 'initial_count_fp': '19.00', 'last_update_time': '2026-05-13T13:16:43.615798Z', 'maker_fees_dollars': '0.000000', 'maker_fill_cost_dollars': '0.000000', 'no_price_dollars': '0.7400', 'order_id': '4ed8055f-90b6-4c93-b769-da59a21c8c3c', 'remaining_count_fp': '19.00', 'side': 'yes', 'status': 'resting', 'subaccount_number': 0, 'taker_fees_dollars': '0.000000', 'taker_fill_cost_dollars': '0.000000', 'ticker': 'KXTSAW-26MAY17-A2.55', 'type': 'limit', 'user_id': '6db6972a-11ba-4203-a80d-b435f9c20a3f', 'yes_price_dollars': '0.2600'}}",yes,0.4270392494807289,0.47
passive_limit,0.25,KXTSAW-26MAY17-A2.55,0.21590152375698646,0.48,82,54,28,False,"{'order': {'action': 'buy', 'client_order_id': '84bf854a-54c4-4c7a-8a0f-fc17e10801c4', 'created_time': '2026-05-13T13:16:43.720266Z', 'expiration_time': '2026-05-13T23:59:00Z', 'fill_count_fp': '0.00', 'initial_count_fp': '28.00', 'last_update_time': '2026-05-13T13:16:43.720266Z', 'maker_fees_dollars': '0.000000', 'maker_fill_cost_dollars': '0.000000', 'no_price_dollars': '0.7800', 'order_id': '3fbe2a2e-b3b2-4b2b-870e-95e9d24b3075', 'remaining_count_fp': '28.00', 'side': 'yes', 'status': 'resting', 'subaccount_number': 0, 'taker_fees_dollars': '0.000000', 'taker_fill_cost_dollars': '0.000000', 'ticker': 'KXTSAW-26MAY17-A2.55', 'type': 'limit', 'user_id': '6db6972a-11ba-4203-a80d-b435f9c20a3f', 'yes_price_dollars': '0.2200'}}",yes,0.4270392494807289,0.47
passive_limit,0.3,KXTSAW-26MAY17-A2.55,0.16498603828666095,0.48,128,82,46,False,"{'order': {'action': 'buy', 'client_order_id': '539a70e1-11d0-49aa-897c-09348e48a8a4', 'created_time': '2026-05-13T13:16:43.823049Z', 'expiration_time': '2026-05-13T23:59:00Z', 'fill_count_fp': '0.00', 'initial_count_fp': '46.00', 'last_update_time': '2026-05-13T13:16:43.823049Z', 'maker_fees_dollars': '0.000000', 'maker_fill_cost_dollars': '0.000000', 'no_price_dollars': '0.8400', 'order_id': '3131d75e-b9fb-4cd1-bb00-4bd70c4988e1', 'remaining_count_fp': '46.00', 'side': 'yes', 'status': 'resting', 'subaccount_number': 0, 'taker_fees_dollars': '0.000000', 'taker_fill_cost_dollars': '0.000000', 'ticker': 'KXTSAW-26MAY17-A2.55', 'type': 'limit', 'user_id': '6db6972a-11ba-4203-a80d-b435f9c20a3f', 'yes_price_dollars': '0.1600'}}",yes,0.4270392494807289,0.47
passive_limit,0.35,KXTSAW-26MAY17-A2.55,0.10699895761212351,0.48,230,128,102,False,"{'order': {'action': 'buy', 'client_order_id': '687b73e0-4d60-44f8-a4a0-cc8a7562cf36', 'created_time': '2026-05-13T13:16:43.970169Z', 'expiration_time': '2026-05-13T23:59:00Z', 'fill_count_fp': '0.00', 'initial_count_fp': '102.00', 'last_update_time': '2026-05-13T13:16:43.970169Z', 'maker_fees_dollars': '0.000000', 'maker_fill_cost_dollars': '0.000000', 'no_price_dollars': '0.8900', 'order_id': 'b21aa95b-d53a-4e86-bd0f-44545e3ddcc5', 'remaining_count_fp': '102.00', 'side': 'yes', 'status': 'resting', 'subaccount_number': 0, 'taker_fees_dollars': '0.000000', 'taker_fill_cost_dollars': '0.000000', 'ticker': 'KXTSAW-26MAY17-A2.55', 'type': 'limit', 'user_id': '6db6972a-11ba-4203-a80d-b435f9c20a3f', 'yes_price_dollars': '0.1100'}}",yes,0.4270392494807289,0.47
passive_limit,0.4,KXTSAW-26MAY17-A2.55,0.2581503739093598,0.54,110,90,20,False,"{'order': {'action': 'buy', 'client_order_id': '80bf04d7-1b1a-4693-92a3-c9b1f83fbda5', 'created_time': '2026-05-13T13:16:44.191689Z', 'expiration_time': '2026-05-13T23:59:00Z', 'fill_count_fp': '0.00', 'initial_count_fp': '20.00', 'last_update_time': '2026-05-13T13:16:44.191689Z', 'maker_fees_dollars': '0.000000', 'maker_fill_cost_dollars': '0.000000', 'no_price_dollars': '0.2600', 'order_id': '6bbc9d93-5f16-4d97-bcf8-da4926595213', 'remaining_count_fp': '20.00', 'side': 'no', 'status': 'resting', 'subaccount_number': 0, 'taker_fees_dollars': '0.000000', 'taker_fill_cost_dollars': '0.000000', 'ticker': 'KXTSAW-26MAY17-A2.55', 'type': 'limit', 'user_id': '6db6972a-11ba-4203-a80d-b435f9c20a3f', 'yes_price_dollars': '0.7400'}}",no,0.5729607505192711,0.53
passive_limit,0.05,KXTSAW-26MAY17-A2.60,0.8989158241514924,0.96,4,0,4,False,"{'order': {'action': 'buy', 'client_order_id': '911389af-f871-4776-a45f-85b4f4612b9d', 'created_time': '2026-05-13T13:16:45.038659Z', 'expiration_time': '2026-05-13T23:59:00Z', 'fill_count_fp': '0.00', 'initial_count_fp': '4.00', 'last_update_time': '2026-05-13T13:16:45.038659Z', 'maker_fees_dollars': '0.000000', 'maker_fill_cost_dollars': '0.000000', 'no_price_dollars': '0.9000', 'order_id': '48b109f2-e77d-4c9c-aafe-96e31a7a69c9', 'remaining_count_fp': '4.00', 'side': 'no', 'status': 'resting', 'subaccount_number': 0, 'taker_fees_dollars': '0.000000', 'taker_fill_cost_dollars': '0.000000', 'ticker': 'KXTSAW-26MAY17-A2.60', 'type': 'limit', 'user_id': '6db6972a-11ba-4203-a80d-b435f9c20a3f', 'yes_price_dollars': '0.1000'}}",no,0.9668941406345223,0.935
passive_limit,0.1,KXTSAW-26MAY17-A2.60,0.8937052996232188,0.96,8,4,4,False,"{'order': {'action': 'buy', 'client_order_id': '3ff6b533-c29b-40a9-8d54-c141c82c7479', 'created_time': '2026-05-13T13:16:45.139362Z', 'expiration_time': '2026-05-13T23:59:00Z', 'fill_count_fp': '0.00', 'initial_count_fp': '4.00', 'last_update_time': '2026-05-13T13:16:45.139362Z', 'maker_fees_dollars': '0.000000', 'maker_fill_cost_dollars': '0.000000', 'no_price_dollars': '0.8900', 'order_id': 'bd2aee02-a732-4ab8-9c6d-8c1d2a363f43', 'remaining_count_fp': '4.00', 'side': 'no', 'status': 'resting', 'subaccount_number': 0, 'taker_fees_dollars': '0.000000', 'taker_fill_cost_dollars': '0.000000', 'ticker': 'KXTSAW-26MAY17-A2.60', 'type': 'limit', 'user_id': '6db6972a-11ba-4203-a80d-b435f9c20a3f', 'yes_price_dollars': '0.1100'}}",no,0.9668941406345223,0.935
passive_limit,0.15,KXTSAW-26MAY17-A2.60,0.8879284137331763,0.96,12,8,4,False,"{'order': {'action': 'buy', 'client_order_id': '0d2db1f7-deab-40f5-bc6a-215c53408ab5', 'created_time': '2026-05-13T13:16:45.233672Z', 'expiration_time': '2026-05-13T23:59:00Z', 'fill_count_fp': '0.00', 'initial_count_fp': '4.00', 'last_update_time': '2026-05-13T13:16:45.233672Z', 'maker_fees_dollars': '0.000000', 'maker_fill_cost_dollars': '0.000000', 'no_price_dollars': '0.8900', 'order_id': '6b5e215a-ae72-4ae3-aa98-18938a22deb2', 'remaining_count_fp': '4.00', 'side': 'no', 'status': 'resting', 'subaccount_number': 0, 'taker_fees_dollars': '0.000000', 'taker_fill_cost_dollars': '0.000000', 'ticker': 'KXTSAW-26MAY17-A2.60', 'type': 'limit', 'user_id': '6db6972a-11ba-4203-a80d-b435f9c20a3f', 'yes_price_dollars': '0.1100'}}",no,0.9668941406345223,0.935
passive_limit,0.2,KXTSAW-26MAY17-A2.60,0.8814875179707151,0.96,16,12,4,False,"{'order': {'action': 'buy', 'client_order_id': '1012cec8-0bc3-4990-83f8-3cb22257421e', 'created_time': '2026-05-13T13:16:45.338517Z', 'expiration_time': '2026-05-13T23:59:00Z', 'fill_count_fp': '0.00', 'initial_count_fp': '4.00', 'last_update_time': '2026-05-13T13:16:45.338517Z', 'maker_fees_dollars': '0.000000', 'maker_fill_cost_dollars': '0.000000', 'no_price_dollars': '0.8800', 'order_id': 'b4c26208-d14a-4fb3-b6fc-623ed6ffd113', 'remaining_count_fp': '4.00', 'side': 'no', 'status': 'resting', 'subaccount_number': 0, 'taker_fees_dollars': '0.000000', 'taker_fill_cost_dollars': '0.000000', 'ticker': 'KXTSAW-26MAY17-A2.60', 'type': 'limit', 'user_id': '6db6972a-11ba-4203-a80d-b435f9c20a3f', 'yes_price_dollars': '0.1200'}}",no,0.9668941406345223,0.935
passive_limit,0.25,KXTSAW-26MAY17-A2.60,0.874261147115271,0.96,21,16,5,False,"{'order': {'action': 'buy', 'client_order_id': '92a1b8d1-17c0-400f-8119-cff5b761d49c', 'created_time': '2026-05-13T13:16:45.47254Z', 'expiration_time': '2026-05-13T23:59:00Z', 'fill_count_fp': '0.00', 'initial_count_fp': '5.00', 'last_update_time': '2026-05-13T13:16:45.47254Z', 'maker_fees_dollars': '0.000000', 'maker_fill_cost_dollars': '0.000000', 'no_price_dollars': '0.8700', 'order_id': '9a61398b-4aea-4bf5-a720-8f6399b5172f', 'remaining_count_fp': '5.00', 'side': 'no', 'status': 'resting', 'subaccount_number': 0, 'taker_fees_dollars': '0.000000', 'taker_fill_cost_dollars': '0.000000', 'ticker': 'KXTSAW-26MAY17-A2.60', 'type': 'limit', 'user_id': '6db6972a-11ba-4203-a80d-b435f9c20a3f', 'yes_price_dollars': '0.1300'}}",no,0.9668941406345223,0.935
passive_limit,0.3,KXTSAW-26MAY17-A2.60,0.8660962865383407,0.96,25,21,4,False,"{'order': {'action': 'buy', 'client_order_id': '4f3b6722-d598-47e5-a3d0-c81e817425e1', 'created_time': '2026-05-13T13:16:45.572929Z', 'expiration_time': '2026-05-13T23:59:00Z', 'fill_count_fp': '0.00', 'initial_count_fp': '4.00', 'last_update_time': '2026-05-13T13:16:45.572929Z', 'maker_fees_dollars': '0.000000', 'maker_fill_cost_dollars': '0.000000', 'no_price_dollars': '0.8700', 'order_id': '8ca49bf9-384c-4a38-91ae-af71468f5dc7', 'remaining_count_fp': '4.00', 'side': 'no', 'status': 'resting', 'subaccount_number': 0, 'taker_fees_dollars': '0.000000', 'taker_fill_cost_dollars': '0.000000', 'ticker': 'KXTSAW-26MAY17-A2.60', 'type': 'limit', 'user_id': '6db6972a-11ba-4203-a80d-b435f9c20a3f', 'yes_price_dollars': '0.1300'}}",no,0.9668941406345223,0.935
passive_limit,0.35,KXTSAW-26MAY17-A2.60,0.8567974175479476,0.96,30,25,5,False,"{'order': {'action': 'buy', 'client_order_id': '6d2e7b27-c5e5-45c3-b470-175c98a1bcf9', 'created_time': '2026-05-13T13:16:45.673482Z', 'expiration_time': '2026-05-13T23:59:00Z', 'fill_count_fp': '0.00', 'initial_count_fp': '5.00', 'last_update_time': '2026-05-13T13:16:45.673482Z', 'maker_fees_dollars': '0.000000', 'maker_fill_cost_dollars': '0.000000', 'no_price_dollars': '0.8600', 'order_id': '9fb4fd3a-9097-4b20-b8a7-dc76364da283', 'remaining_count_fp': '5.00', 'side': 'no', 'status': 'resting', 'subaccount_number': 0, 'taker_fees_dollars': '0.000000', 'taker_fill_cost_dollars': '0.000000', 'ticker': 'KXTSAW-26MAY17-A2.60', 'type': 'limit', 'user_id': '6db6972a-11ba-4203-a80d-b435f9c20a3f', 'yes_price_dollars': '0.1400'}}",no,0.9668941406345223,0.935
passive_limit,0.4,KXTSAW-26MAY17-A2.60,0.846110657663466,0.96,35,30,5,False,"{'order': {'action': 'buy', 'client_order_id': '18399246-a756-41a3-bfce-c44c9635e45d', 'created_time': '2026-05-13T13:16:45.775721Z', 'expiration_time': '2026-05-13T23:59:00Z', 'fill_count_fp': '0.00', 'initial_count_fp': '5.00', 'last_update_time': '2026-05-13T13:16:45.775721Z', 'maker_fees_dollars': '0.000000', 'maker_fill_cost_dollars': '0.000000', 'no_price_dollars': '0.8500', 'order_id': '2b0ba053-c500-411a-9639-29a7d31d174a', 'remaining_count_fp': '5.00', 'side': 'no', 'status': 'resting', 'subaccount_number': 0, 'taker_fees_dollars': '0.000000', 'taker_fill_cost_dollars': '0.000000', 'ticker': 'KXTSAW-26MAY17-A2.60', 'type': 'limit', 'user_id': '6db6972a-11ba-4203-a80d-b435f9c20a3f', 'yes_price_dollars': '0.1500'}}",no,0.9668941406345223,0.935
