ticker,side,shares,avg_price,cost_dollars,result,realized_dollars,settled_time
KXTSAW-26MAY24-A2.50,no,30,0.0483,1.45,,,2026-05-23T15:38:19.613837Z
KXTSAW-26MAY24-A2.55,no,83,0.4201,34.87,,,2026-05-22T13:09:24.064671Z
KXTSAW-26MAY24-A2.60,yes,16,17.281,276.4962,,,2026-05-23T18:43:58.28659Z
KXTSAW-26MAY24-A2.65,yes,129,0.8073,104.1396,,,2026-05-22T19:15:13.522056Z
KXTSAW-26MAY24-A2.70,yes,100,0.0474,4.74,,,2026-05-23T15:38:22.762586Z
KXTSAW-26MAY31-A2.55,yes,4,0.91,3.64,,,2026-05-27T00:50:20.918984Z
KXTSAW-26MAY31-A2.60,yes,64,0.4473,28.627,,,2026-05-27T00:50:23.905499Z
KXTSAW-26MAY31-A2.65,yes,132,0.0656,8.66,,,2026-05-27T00:50:25.311219Z
KXTSAW-26JUN07-A2.55,no,270,0.1321,35.67,,,2026-06-01T18:32:45.087889Z
KXTSAW-26JUN07-A2.60,no,39,0.6995,27.28,,,2026-06-01T16:16:55.634193Z
KXTSAW-26JUN07-A2.65,no,4,0.92,3.68,,,2026-06-01T16:18:24.215993Z
KXTSAW-26JUN14-A2.60,yes,21,0.85,17.85,,,2026-06-08T14:26:11.697886Z
KXTSAW-26JUN14-A2.65,yes,39,0.46,17.94,,,2026-06-08T14:26:27.775239Z
