run_date,Date,day_name,predicted_volume,weekly_avg_millions,pred_tabular,regime
2026-05-13,2026-05-13,Wednesday,2304333.25,2.544437107142857,,
2026-05-13,2026-05-14,Thursday,2797358.5,2.544437107142857,,
2026-05-13,2026-05-15,Friday,2790338.5,2.544437107142857,,
2026-05-13,2026-05-16,Saturday,2220117.0,2.544437107142857,,
2026-05-13,2026-05-17,Sunday,2893694.5,2.544437107142857,,
2026-05-14,2026-05-14 00:00:00,Thursday,2828291.75,2.569428964285714,,
2026-05-14,2026-05-15 00:00:00,Friday,2804044.25,2.569428964285714,,
2026-05-14,2026-05-16 00:00:00,Saturday,2244509.0,2.569428964285714,,
2026-05-14,2026-05-17 00:00:00,Sunday,2904550.75,2.569428964285714,,
2026-05-15,2026-05-15 00:00:00,Friday,2799748.0,2.573782,,
2026-05-15,2026-05-16 00:00:00,Saturday,2270946.0,2.573782,,
2026-05-15,2026-05-17 00:00:00,Sunday,2882843.0,2.573782,,
2026-05-17,2026-05-11 00:00:00,Monday,2622878.5,2.528835857142857,,
2026-05-17,2026-05-12 00:00:00,Tuesday,2109380.0,2.528835857142857,,
2026-05-17,2026-05-13 00:00:00,Wednesday,2336475.5,2.528835857142857,,
2026-05-17,2026-05-14 00:00:00,Thursday,2795759.25,2.528835857142857,,
2026-05-17,2026-05-15 00:00:00,Friday,2783274.0,2.5683661785714285,,
2026-05-17,2026-05-16 00:00:00,Saturday,2275813.25,2.5683661785714285,,
2026-05-17,2026-05-17 00:00:00,Sunday,2856539.0,2.5683661785714285,,
2026-05-18,2026-05-15 00:00:00,Friday,2743712.75,2.5526848928571426,,
2026-05-18,2026-05-16 00:00:00,Saturday,2234261.25,2.5526848928571426,,
2026-05-18,2026-05-17 00:00:00,Sunday,2827883.25,2.5526848928571426,,
2026-05-18,2026-05-18 00:00:00,Monday,2780057.5,2.648434821428572,,
2026-05-18,2026-05-19 00:00:00,Tuesday,2275664.5,2.648434821428572,,
2026-05-18,2026-05-20 00:00:00,Wednesday,2481308.25,2.648434821428572,,
2026-05-18,2026-05-21 00:00:00,Thursday,2883291.25,2.648434821428572,,
2026-05-18,2026-05-22 00:00:00,Friday,2869216.25,2.648434821428572,,
2026-05-18,2026-05-23 00:00:00,Saturday,2462397.25,2.648434821428572,,
2026-05-18,2026-05-24 00:00:00,Sunday,2787108.75,2.648434821428572,,
2026-05-19,2026-05-19 00:00:00,Tuesday,2277074.25,2.64292075,,
2026-05-19,2026-05-20 00:00:00,Wednesday,2480468.0,2.64292075,,
2026-05-19,2026-05-21 00:00:00,Thursday,2872433.0,2.64292075,,
2026-05-19,2026-05-22 00:00:00,Friday,2853474.0,2.64292075,,
2026-05-19,2026-05-23 00:00:00,Saturday,2458577.25,2.64292075,,
2026-05-19,2026-05-24 00:00:00,Sunday,2775840.75,2.64292075,,
2026-05-20,2026-05-20 00:00:00,Wednesday,2429309.75,2.577218,,
2026-05-20,2026-05-21 00:00:00,Thursday,2772053.5,2.577218,,
2026-05-20,2026-05-22 00:00:00,Friday,2739451.5,2.577218,,
2026-05-20,2026-05-23 00:00:00,Saturday,2348351.25,2.577218,,
2026-05-20,2026-05-24 00:00:00,Sunday,2655390.0,2.577218,,
2026-05-21,2026-05-21 00:00:00,Thursday,2928182.5,2.6643795714285714,,
2026-05-21,2026-05-22 00:00:00,Friday,2907872.25,2.6643795714285714,,
2026-05-21,2026-05-23 00:00:00,Saturday,2435947.5,2.6643795714285714,,
2026-05-21,2026-05-24 00:00:00,Sunday,2725419.75,2.6643795714285714,,
2026-05-22,2026-05-18 00:00:00,Monday,2812803.0,2.6626894285714284,,
2026-05-22,2026-05-19 00:00:00,Tuesday,2290529.0,2.653764607142857,,
2026-05-22,2026-05-20 00:00:00,Wednesday,2534642.5,2.6592871785714287,,
2026-05-22,2026-05-21 00:00:00,Thursday,2928182.5,2.6643795714285714,,
2026-05-22,2026-05-22 00:00:00,Friday,2910868.0,2.669263142857143,,
2026-05-22,2026-05-23 00:00:00,Saturday,2437498.75,2.669263142857143,,
2026-05-22,2026-05-24 00:00:00,Sunday,2727397.25,2.669263142857143,,
2026-05-23,2026-05-18 00:00:00,Monday,2812803.0,2.6626894285714284,,
2026-05-23,2026-05-19 00:00:00,Tuesday,2290529.0,2.653764607142857,,
2026-05-23,2026-05-20 00:00:00,Wednesday,2534642.5,2.6592871785714287,,
2026-05-23,2026-05-21 00:00:00,Thursday,2928182.5,2.6643795714285714,,
2026-05-23,2026-05-22 00:00:00,Friday,2910868.0,2.669263142857143,,
2026-05-23,2026-05-23 00:00:00,Saturday,2456116.0,2.681448,,
2026-05-23,2026-05-24 00:00:00,Sunday,2728733.0,2.681448,,
2026-05-24,2026-05-24 00:00:00,Sunday,2718363.75,2.6691468214285714,,
2026-05-25,2026-05-24 00:00:00,Sunday,2543447.5,2.644158785714286,,
2026-05-26,2026-05-25 00:00:00,Monday,2844517.5,2.6324136785714285,,
2026-05-26,2026-05-26 00:00:00,Tuesday,2494842.5,2.628235464285714,,
2026-05-26,2026-05-27 00:00:00,Wednesday,2391060.75,2.628235464285714,,
2026-05-26,2026-05-28 00:00:00,Thursday,2717898.5,2.628235464285714,,
2026-05-26,2026-05-29 00:00:00,Friday,2765497.0,2.628235464285714,,
2026-05-26,2026-05-30 00:00:00,Saturday,2361991.25,2.628235464285714,,
2026-05-26,2026-05-31 00:00:00,Sunday,2847772.25,2.628235464285714,,
2026-05-27,2026-05-27 00:00:00,Wednesday,2393537.5,2.630784464285714,,
2026-05-27,2026-05-28 00:00:00,Thursday,2717206.0,2.630784464285714,,
2026-05-27,2026-05-29 00:00:00,Friday,2767019.5,2.630784464285714,,
2026-05-27,2026-05-30 00:00:00,Saturday,2363318.75,2.630784464285714,,
2026-05-27,2026-05-31 00:00:00,Sunday,2848624.5,2.630784464285714,,
2026-05-28,2026-05-28 00:00:00,Thursday,2696042.0,2.6185771071428574,,
2026-05-28,2026-05-29 00:00:00,Friday,2755619.0,2.6185771071428574,,
2026-05-28,2026-05-30 00:00:00,Saturday,2336485.0,2.6185771071428574,,
2026-05-28,2026-05-31 00:00:00,Sunday,2841178.75,2.6185771071428574,,
2026-05-29,2026-05-29 00:00:00,Friday,2748834.25,2.612751285714286,,
2026-05-29,2026-05-30 00:00:00,Saturday,2339859.5,2.612751285714286,,
2026-05-29,2026-05-31 00:00:00,Sunday,2838803.25,2.612751285714286,,
2026-05-30,2026-05-29 00:00:00,Friday,2740945.25,2.6124126071428573,,
2026-05-30,2026-05-30 00:00:00,Saturday,2336806.5,2.6124126071428573,,
2026-05-30,2026-05-31 00:00:00,Sunday,2847374.5,2.6124126071428573,,
2026-06-01,2026-06-01 00:00:00,Monday,2662531.0,2.564216892857143,,
2026-06-01,2026-06-02 00:00:00,Tuesday,2190626.5,2.564216892857143,,
2026-06-01,2026-06-03 00:00:00,Wednesday,2333339.75,2.564216892857143,,
2026-06-01,2026-06-04 00:00:00,Thursday,2784341.0,2.564216892857143,,
2026-06-01,2026-06-05 00:00:00,Friday,2756294.25,2.564216892857143,,
2026-06-01,2026-06-06 00:00:00,Saturday,2298115.25,2.564216892857143,,
2026-06-01,2026-06-07 00:00:00,Sunday,2924270.5,2.564216892857143,,
2026-06-02,2026-06-02 00:00:00,Tuesday,2197585.25,2.5686644285714286,,
2026-06-02,2026-06-03 00:00:00,Wednesday,2335461.5,2.5686644285714286,,
2026-06-02,2026-06-04 00:00:00,Thursday,2786363.75,2.5686644285714286,,
2026-06-02,2026-06-05 00:00:00,Friday,2758349.25,2.5686644285714286,,
2026-06-02,2026-06-06 00:00:00,Saturday,2301944.75,2.5686644285714286,,
2026-06-02,2026-06-07 00:00:00,Sunday,2926759.5,2.5686644285714286,,
2026-06-03,2026-06-03 00:00:00,Wednesday,2345003.5,2.5756880357142857,,
2026-06-03,2026-06-04 00:00:00,Thursday,2790804.25,2.5756880357142857,,
2026-06-03,2026-06-05 00:00:00,Friday,2761696.25,2.5756880357142857,,
2026-06-03,2026-06-06 00:00:00,Saturday,2309344.25,2.5756880357142857,,
2026-06-03,2026-06-07 00:00:00,Sunday,2930603.0,2.5756880357142857,,
2026-06-04,2026-06-04 00:00:00,Thursday,2809792.71030084,2.5935598514715483,2800808.0,NORMAL
2026-06-04,2026-06-05 00:00:00,Friday,2775570.5,2.5935598514715483,2775570.5,NORMAL
2026-06-04,2026-06-06 00:00:00,Saturday,2335801.5,2.5935598514715483,2335801.5,NORMAL
2026-06-04,2026-06-07 00:00:00,Sunday,2940726.25,2.5935598514715483,2940726.25,NORMAL
2026-06-05,2026-06-05 00:00:00,Friday,2783634.9124128413,2.589830094630406,2770889.0,NORMAL
2026-06-05,2026-06-06 00:00:00,Saturday,2339263.75,2.589830094630406,2339263.75,NORMAL
2026-06-05,2026-06-07 00:00:00,Sunday,2939276.0,2.589830094630406,2939276.0,NORMAL
2026-06-08,2026-06-08 00:00:00,Monday,2795655.698336155,2.682765528333736,2779635.5,NORMAL
2026-06-08,2026-06-09 00:00:00,Tuesday,2322243.75,2.682765528333736,2322243.75,NORMAL
2026-06-08,2026-06-10 00:00:00,Wednesday,2481372.5,2.682765528333736,2481372.5,NORMAL
2026-06-08,2026-06-11 00:00:00,Thursday,2886976.75,2.682765528333736,2886976.75,NORMAL
2026-06-08,2026-06-12 00:00:00,Friday,2882484.25,2.682765528333736,2882484.25,NORMAL
2026-06-08,2026-06-13 00:00:00,Saturday,2484430.5,2.682765528333736,2484430.5,NORMAL
2026-06-08,2026-06-14 00:00:00,Sunday,2926195.25,2.682765528333736,2926195.25,NORMAL
