Date,Volume,pred_autogluon,abs_error
2025-09-30,2005123,1980359.75,24763.25
2025-10-01,2199312,2160944.5,38367.5
2025-10-02,2673111,2693436.75,20325.75
2025-10-03,2697756,2736533.25,38777.25
2025-10-04,2091602,2103877.75,12275.75
2025-10-05,2901606,2846161.0,55445.0
2025-10-06,2686873,2637958.25,48914.75
2025-10-07,2104449,2084104.25,20344.75
2025-10-08,2417075,2235980.0,181095.0
2025-10-09,2975982,2726553.5,249428.5
2025-10-10,3017612,2859183.75,158428.25
2025-10-11,2381106,2321590.5,59515.5
2025-10-12,2951273,2805253.5,146019.5
2025-10-13,2874884,2777676.0,97208.0
2025-10-14,2413133,2386128.5,27004.5
2025-10-15,2438918,2429216.75,9701.25
2025-10-16,2901650,2789284.0,112366.0
2025-10-17,2878950,2860441.5,18508.5
2025-10-18,2268485,2341824.5,73339.5
2025-10-19,2988255,2925806.5,62448.5
2025-10-20,2794820,2847281.0,52461.0
2025-10-21,2141971,2221782.75,79811.75
2025-10-22,2278249,2317021.75,38772.75
2025-10-23,2780271,2800138.5,19867.5
2025-10-24,2773635,2791820.5,18185.5
2025-10-25,2126979,2141764.0,14785.0
2025-10-26,2859222,2844577.0,14645.0
2025-10-27,2636402,2716367.25,79965.25
2025-10-28,1945466,2028894.875,83428.875
2025-10-29,2087383,2145861.25,58478.25
2025-10-30,2532054,2464036.75,68017.25
2025-10-31,2280607,2410314.25,129707.25
2025-11-01,2029708,1941075.0,88633.0
2025-11-02,2678442,2657051.75,21390.25
2025-11-03,2492532,2537591.0,45059.0
2025-11-04,2015706,1951622.125,64083.875
2025-11-05,2162311,2125603.75,36707.25
2025-11-06,2704209,2610200.5,94008.5
2025-11-07,2645578,2685802.25,40224.25
2025-11-08,2080116,2037991.375,42124.625
2025-11-09,2631788,2718239.0,86451.0
2025-11-10,2488335,2681127.0,192792.0
2025-11-11,2054768,2051042.75,3725.25
2025-11-12,1996069,2195549.75,199480.75
2025-11-13,2434496,2554764.75,120268.75
2025-11-14,2456308,2725097.25,268789.25
2025-11-15,1902157,1894712.75,7444.25
2025-11-16,2604321,2681958.75,77637.75
2025-11-17,2349327,2452481.75,103154.75
2025-11-18,1816617,1785012.125,31604.875
2025-11-19,2073637,2072424.875,1212.125
2025-11-20,2493511,2598932.0,105421.0
2025-11-21,2792495,2733467.25,59027.75
2025-11-22,2482593,2320117.5,162475.5
2025-11-23,2617142,2663277.5,46135.5
2025-11-24,2563877,2540843.5,23033.5
2025-11-25,2675261,2660546.75,14714.25
2025-11-26,2753036,2749255.25,3780.75
2025-11-27,1559165,1686710.125,127545.125
2025-11-28,2392036,2367624.75,24411.25
2025-11-29,2696816,2889665.25,192849.25
2025-11-30,3134613,3045404.0,89209.0
2025-12-01,2893451,2845846.25,47604.75
2025-12-02,2233828,2300204.75,66376.75
2025-12-03,2125688,2101492.75,24195.25
2025-12-04,2437542,2412277.5,25264.5
2025-12-05,2456311,2531124.5,74813.5
2025-12-06,1987785,1968797.875,18987.125
2025-12-07,2597892,2628354.0,30462.0
2025-12-08,2470751,2425764.75,44986.25
2025-12-09,1977202,1908095.5,69106.5
2025-12-10,2160994,2087316.5,73677.5
2025-12-11,2584914,2569075.75,15838.25
2025-12-12,2651654,2619968.0,31686.0
2025-12-13,2157148,2085395.5,71752.5
2025-12-14,2586427,2570679.0,15748.0
2025-12-15,2503757,2463267.75,40489.25
2025-12-16,2047653,2159381.5,111728.5
2025-12-17,2271960,2205815.25,66144.75
2025-12-18,2637016,2614671.0,22345.0
2025-12-19,2824905,2806924.5,17980.5
2025-12-20,2748731,2746796.0,1935.0
2025-12-21,2769228,2900233.0,131005.0
2025-12-22,2795090,2822046.5,26956.5
2025-12-23,2822653,2613697.5,208955.5
2025-12-24,2236205,2192525.75,43679.25
2025-12-25,2066118,2207600.0,141482.0
2025-12-26,2716278,2820779.75,104501.75
2025-12-27,2804814,2897449.0,92635.0
2025-12-28,2924593,2935833.75,11240.75
2025-12-29,2811757,2813358.75,1601.75
2025-12-30,2827572,2558724.25,268847.75
2025-12-31,2291360,2339788.75,48428.75
2026-01-01,2334465,2403542.25,69077.25
2026-01-02,2578209,2721249.75,143040.75
2026-01-03,2604749,2651448.5,46699.5
2026-01-04,2817509,2674445.25,143063.75
2026-01-05,2508517,2444902.75,63614.25
2026-01-06,1941589,2131461.0,189872.0
2026-01-07,1900237,1992170.875,91933.875
2026-01-08,2151117,2082668.0,68449.0
2026-01-09,2206079,2102981.75,103097.25
2026-01-10,1971751,1900373.25,71377.75
2026-01-11,2411470,2305245.0,106225.0
2026-01-12,2140851,2170335.0,29484.0
2026-01-13,1688866,1786865.25,97999.25
2026-01-14,1903860,1860804.0,43056.0
2026-01-15,2460511,2290302.75,170208.25
2026-01-16,2608430,2442840.5,165589.5
2026-01-17,2002239,2025644.25,23405.25
2026-01-18,2231469,2163808.5,67660.5
2026-01-19,2556438,2345604.0,210834.0
2026-01-20,1952569,1935582.125,16986.875
2026-01-21,1802833,1792826.0,10007.0
2026-01-22,2235021,2129383.0,105638.0
2026-01-23,2243481,2212523.0,30958.0
2026-01-24,1616945,1831020.75,214075.75
2026-01-25,1313323,2272890.25,959567.25
2026-01-26,1830079,2004474.625,174395.625
2026-01-27,1765468,1697348.375,68119.625
2026-01-28,1879610,1574262.25,305347.75
2026-01-29,2235355,2134354.0,101001.0
2026-01-30,2238006,2230415.0,7591.0
2026-01-31,1729865,1794123.375,64258.375
2026-02-01,2303445,2227537.75,75907.25
2026-02-02,2150084,2088284.875,61799.125
2026-02-03,1666150,1658503.75,7646.25
2026-02-04,1839311,1804777.375,34533.625
2026-02-05,2324236,2220446.25,103789.75
2026-02-06,2351379,2325008.75,26370.25
2026-02-07,1873708,1794041.5,79666.5
2026-02-08,2274639,2213530.75,61108.25
2026-02-09,2386224,2325703.25,60520.75
2026-02-10,1852752,1786076.5,66675.5
2026-02-11,2074130,2025371.5,48758.5
2026-02-12,2701700,2605558.75,96141.25
2026-02-13,2759407,2695744.0,63663.0
2026-02-14,2186932,2206146.25,19214.25
2026-02-15,2536292,2432241.5,104050.5
2026-02-16,2766705,2764984.25,1720.75
2026-02-17,2247910,2308371.0,60461.0
2026-02-18,2229730,2213115.5,16614.5
2026-02-19,2644354,2573045.5,71308.5
2026-02-20,2650675,2670395.25,19720.25
2026-02-21,2284819,2190831.75,93987.25
2026-02-22,2475455,2686014.0,210559.0
2026-02-23,1996320,2489623.25,493303.25
2026-02-24,1958051,1852669.125,105381.875
2026-02-25,2258729,2109573.0,149156.0
2026-02-26,2647330,2561587.25,85742.75
2026-02-27,2625251,2636317.25,11066.25
2026-02-28,2190541,2182088.0,8453.0
2026-03-01,2687408,2605695.75,81712.25
2026-03-02,2432452,2380088.5,52363.5
2026-03-03,1910452,1960879.25,50427.25
2026-03-04,2133462,2196855.0,63393.0
2026-03-05,2615896,2628293.25,12397.25
2026-03-06,2696932,2646446.5,50485.5
2026-03-07,2338542,2232147.5,106394.5
2026-03-08,2781523,2691948.75,89574.25
2026-03-09,2563627,2493794.5,69832.5
2026-03-10,2056174,2135444.75,79270.75
2026-03-11,2372082,2321656.5,50425.5
2026-03-12,2788748,2763089.75,25658.25
2026-03-13,2854704,2792056.75,62647.25
2026-03-14,2568085,2513172.75,54912.25
2026-03-15,2765657,2812009.0,46352.0
2026-03-16,2474964,2634283.5,159319.5
2026-03-17,2424806,2177796.5,247009.5
2026-03-18,2573056,2408471.0,164585.0
2026-03-19,2817785,2750450.25,67334.75
2026-03-20,2766291,2790853.5,24562.5
2026-03-21,2498514,2497897.25,616.75
2026-03-22,2865969,2870354.0,4385.0
2026-03-23,2641500,2648744.5,7244.5
2026-03-24,2193195,2245912.75,52717.75
2026-03-25,2379710,2401380.75,21670.75
2026-03-26,2723798,2814810.0,91012.0
2026-03-27,2744893,2786652.5,41759.5
2026-03-28,2426467,2389046.5,37420.5
2026-03-29,2758600,2802858.25,44258.25
2026-03-30,2533621,2635164.5,101543.5
2026-03-31,2154213,2197873.0,43660.0
2026-04-01,2360739,2328382.25,32356.75
2026-04-02,2710611,2771757.75,61146.75
2026-04-03,2659561,2709913.0,50352.0
2026-04-04,2274101,2242558.5,31542.5
2026-04-05,2561932,2649621.75,87689.75
2026-04-06,2705640,2645986.0,59654.0
2026-04-07,2207180,2236224.5,29044.5
2026-04-08,2278770,2303403.25,24633.25
2026-04-09,2691308,2719500.75,28192.75
2026-04-10,2688395,2766510.0,78115.0
2026-04-11,2269365,2278849.75,9484.75
2026-04-12,2822290,2794998.5,27291.5
2026-04-13,2606811,2553667.25,53143.75
2026-04-14,2044781,2093942.125,49161.125
2026-04-15,2251197,2309296.0,58099.0
2026-04-16,2738409,2724884.5,13524.5
2026-04-17,2705217,2708730.5,3513.5
2026-04-18,2069600,2178189.0,108589.0
2026-04-19,2796984,2740798.25,56185.75
2026-04-20,2571543,2558443.5,13099.5
2026-04-21,2055863,2037606.125,18256.875
2026-04-22,2302381,2265265.5,37115.5
2026-04-23,2740418,2726245.0,14173.0
2026-04-24,2704682,2713460.5,8778.5
2026-04-25,2093949,2180743.0,86794.0
2026-04-26,2768606,2727291.75,41314.25
2026-04-27,2539040,2584002.5,44962.5
2026-04-28,2020266,2035137.25,14871.25
2026-04-29,2264608,2269480.25,4872.25
2026-04-30,2748380,2728002.75,20377.25
2026-05-01,2643938,2681096.25,37158.25
2026-05-02,2042664,2109942.5,67278.5
2026-05-03,2741375,2752410.75,11035.75
2026-05-04,2540806,2570307.0,29501.0
2026-05-05,2040845,2050617.5,9772.5
2026-05-06,2251410,2278169.75,26759.75
2026-05-07,2701890,2736705.5,34815.5
2026-05-08,2569907,2716937.25,147030.25
2026-05-09,2088463,2124880.75,36417.75
2026-05-10,2587640,2671330.5,83690.5
2026-05-11,2661314,2623106.5,38207.5
2026-05-12,2143904,2114657.75,29246.25
2026-05-13,2399389,2316063.5,83325.5
2026-05-14,2858330,2867133.75,8803.75
2026-05-15,2796834,2843657.5,46823.5
2026-05-16,2260950,2289099.0,28149.0
2026-05-17,2887942,2940558.75,52616.75
2026-05-18,2782578,2793907.75,11329.75
2026-05-19,2313392,2285244.25,28147.75
2026-05-20,2557265,2493225.0,64040.0
2026-05-21,2955843,2964494.75,8651.75
2026-05-22,2976209,2979068.0,2859.0
2026-05-23,2380377,2387458.5,7081.5
2026-05-24,2418371,2521302.0,102931.0
2026-05-25,2818586,2876032.25,57446.25
2026-05-26,2507199,2490849.75,16349.25
2026-05-27,2374930,2309245.5,65684.5
2026-05-28,2661047,2701076.5,40029.5
2026-05-29,2689872,2767642.75,77770.75
2026-05-30,2307047,2308266.75,1219.75
2026-05-31,2818994,2848690.5,29696.5
2026-06-01,2674187,2665809.0,8378.0
2026-06-02,2218178,2164174.0,54004.0
2026-06-03,2400663,2315498.25,85164.75
2026-06-04,2773608,2813286.75,39678.75
2026-06-05,2710489,2764475.0,53986.0
2026-06-06,2359070,2303651.25,55418.75
2026-06-07,2865564,2931450.5,65886.5
2026-06-08,2764691,2796006.25,31315.25
2026-06-09,2360445,2300092.25,60352.75
2026-06-10,2517148,2481237.0,35911.0
2026-06-11,2809243,2889206.0,79963.0
2026-06-12,2873210,2863388.0,9822.0
2026-06-13,2534457,2481046.0,53411.0
2026-06-14,2891326,2901902.5,10576.5
2026-06-15,2849377,2825971.0,23406.0
2026-06-16,2482257,2451558.0,30699.0
2026-06-17,2638190,2676042.5,37852.5
2026-06-18,2988204,2965894.25,22309.75
2026-06-19,2881272,2889929.25,8657.25
2026-06-20,2563971,2578229.0,14258.0
2026-06-21,2981485,2981478.75,6.25
2026-06-22,2876770,2919561.0,42791.0
2026-06-23,2571215,2485780.0,85435.0
2026-06-24,2656150,2589251.25,66898.75
2026-06-25,2910453,2927296.5,16843.5
2026-06-26,2904610,2974819.75,70209.75
2026-06-27,2575625,2602859.5,27234.5
2026-06-28,2930672,2970682.75,40010.75
2026-06-29,2690919,2811927.75,121008.75
2026-06-30,2477905,2415936.25,61968.75
2026-07-01,2654017,2681782.25,27765.25
2026-07-02,2901753,2886482.75,15270.25
2026-07-03,2572397,2573875.25,1478.25
2026-07-04,1882467,2315457.0,432990.0
2026-07-05,2914375,2868138.5,46236.5
2026-07-06,2898957,2822621.0,76336.0
2026-07-07,2583561,2421168.0,162393.0
2026-07-08,2533297,2556923.25,23626.25
2026-07-09,2705781,2833639.25,127858.25
2026-07-10,2787804,2876429.5,88625.5
2026-07-11,2502489,2507625.25,5136.25
2026-07-12,2916003,2930743.0,14740.0
2026-07-13,2764785,2809571.75,44786.75
2026-07-14,2443857,2472105.0,28248.0
2026-07-15,2601382,2541049.0,60333.0
2026-07-16,2850229,2894715.75,44486.75
2026-07-17,2834256,2896712.75,62456.75
2026-07-18,2507667,2470674.25,36992.75
2026-07-19,2939611,2962730.5,23119.5
2026-07-20,2856844,2824619.0,32225.0
2026-07-21,2377339,2394969.75,17630.75
2026-07-22,2657138,2495432.25,161705.75
2026-07-23,2903099,2911520.25,8421.25
2026-07-24,2870012,2896270.75,26258.75
2026-07-25,2507361,2518920.0,11559.0
2026-07-26,2924624,2964876.75,40252.75
2026-07-27,2749024,2846020.25,96996.25
2026-07-28,2332028,2321147.0,10881.0
2026-07-29,2638603,2460538.25,178064.75
2026-07-30,2862797,2872286.5,9489.5
2026-07-31,2866606,2895882.25,29276.25
2026-08-01,2599098,2482632.0,116466.0
2026-08-02,2883744,2954923.5,71179.5
2026-08-03,2726966,2808160.75,81194.75
2026-08-04,2381852,2283614.25,98237.75
2026-08-05,2430800,2391079.75,39720.25
2026-08-06,2794275,2833002.5,38727.5
2026-08-07,2719283,2828585.75,109302.75
2026-08-08,2441898,2352422.75,89475.25
2026-08-09,2855622,2906631.25,51009.25
2026-08-10,2690569,2720419.0,29850.0
2026-08-11,2238634,2242470.25,3836.25
2026-08-12,2350055,2344630.75,5424.25
2026-08-13,2708863,2812284.5,103421.5
2026-08-14,2656068,2772406.25,116338.25
2026-08-15,2285991,2274049.5,11941.5
2026-08-16,2766554,2866046.25,99492.25
2026-08-17,2621049,2673167.5,52118.5
2026-08-18,2118686,2161997.25,43311.25
2026-08-19,2207912,2292719.0,84807.0
2026-08-20,2595226,2713872.25,118646.25
2026-08-21,2557929,2662754.5,104825.5
2026-08-22,2149863,2152416.25,2553.25
2026-08-23,2660363,2763908.75,103545.75
2026-08-24,2455847,2631775.0,175928.0
2026-08-25,1938948,2040931.125,101983.125
2026-08-26,2096064,2179241.5,83177.5
2026-08-27,2502263,2660563.0,158300.0
2026-08-28,2487127,2595501.5,108374.5
2026-08-29,1981161,2069514.75,88353.75
2026-08-30,2551084,2695272.75,144188.75
2026-08-31,2338573,2559645.0,221072.0
2026-09-01,1847635,1919696.0,72061.0
2026-09-02,2050689,2063512.375,12823.375
2026-09-03,2702095,2520192.5,181902.5
2026-09-04,2815644,2634953.0,180691.0
2026-09-05,2097779,2068577.5,29201.5
2026-09-06,2149009,2476125.5,327116.5
2026-09-07,2781221,2588045.25,193175.75
2026-09-08,2279729,2165875.5,113853.5
2026-09-09,2025542,1981176.375,44365.625
2026-09-10,2420875,2527640.0,106765.0
2026-09-11,2403791,2582161.25,178370.25
2026-09-12,1964375,1945574.25,18800.75
2026-09-13,2655404,2742022.75,86618.75
2026-09-14,2542694,2499253.75,43440.25
2026-09-15,1948803,1935937.75,12865.25
2026-09-16,2176546,2124741.25,51804.75
2026-09-17,2700658,2732787.25,32129.25
2026-09-18,2669918,2726817.0,56899.0
2026-09-19,2030699,2049113.75,18414.75
2026-09-20,2713974,2829695.75,115721.75
2026-09-21,2566118,2563156.5,2961.5
2026-09-22,2077346,2004087.75,73258.25
2026-09-23,2190871,2191026.5,155.5
2026-09-24,2718551,2726805.25,8254.25
2026-09-25,2686828,2748653.0,61825.0
2026-09-26,1961406,2087975.375,126569.375
2026-09-27,2668686,2801560.25,132874.25
2026-09-28,2590470,2568916.75,21553.25
