Date,Volume,pred_ag_timeseries
2025-06-05,2798927,2774790.5565594602
2025-06-06,2766521,2822438.951358897
2025-06-07,2395746,2405483.0892759473
2025-06-08,2927145,2865619.3323800685
2025-06-09,2833198,2764501.4696678724
2025-06-10,2363770,2405862.5822004057
2025-06-11,2504337,2533458.7240839927
2025-06-12,2887798,2845133.2212972958
2025-06-13,2871959,2896140.018146364
2025-06-14,2517202,2587475.2812629854
2025-06-15,2888821,2918894.910621301
2025-06-16,2844254,2845686.563703722
2025-06-17,2455696,2480662.143624657
2025-06-18,2705355,2616221.0228124172
2025-06-19,2980935,2857473.037225278
2025-06-20,2891240,2906643.5313662095
2025-06-21,2614464,2603002.3427625103
2025-06-22,3096797,2940544.3756378004
2025-06-23,2953905,2930348.2612141455
2025-06-24,2508733,2606299.482856701
2025-06-25,2620696,2697268.6080701654
2025-06-26,2931282,2932769.0391773526
2025-06-27,2988614,2949061.0891949595
2025-06-28,2624407,2655873.59802062
2025-06-29,2959224,2985557.4600054156
2025-06-30,2780012,2875524.283568782
2025-07-01,2402675,2631378.9735467443
2025-07-02,2718537,2681395.5607736907
2025-07-03,2923234,2581657.770233615
2025-07-04,2162755,2507232.589842115
2025-07-05,2457591,2488891.2034121132
2025-07-06,3041954,2881734.088475625
2025-07-07,2917942,2841960.7674111244
2025-07-08,2488332,2546098.496187115
2025-07-09,2554687,2620023.875463498
2025-07-10,2873682,2862543.0887083067
2025-07-11,2885953,2843929.0794780455
2025-07-12,2589889,2597584.567162801
2025-07-13,3007773,2946041.6279678904
2025-07-14,2865292,2875994.4359282325
2025-07-15,2557900,2545938.444766526
2025-07-16,2614183,2674285.648145177
2025-07-17,2998225,2936285.900768664
2025-07-18,2962082,2868041.4106047084
2025-07-19,2603307,2650844.393221676
2025-07-20,3043973,3008157.9005306126
2025-07-21,2886647,2897936.5023465655
2025-07-22,2452271,2546198.994926077
2025-07-23,2630151,2680838.0725689232
2025-07-24,2968866,2943960.0815084577
2025-07-25,2970569,2915197.070122722
2025-07-26,2670276,2609165.5476124645
2025-07-27,3017861,3004687.4711354156
2025-07-28,2929749,2874341.343980392
2025-07-29,2438933,2493327.2534726863
2025-07-30,2574917,2648096.8655767823
2025-07-31,2882829,2922078.5899305036
2025-08-01,2999166,2882079.6196324886
2025-08-02,2640741,2584506.1298395777
2025-08-03,2983755,2941650.461355996
2025-08-04,2855684,2831883.2063277597
2025-08-05,2364019,2464673.371511654
2025-08-06,2447464,2588346.388509222
2025-08-07,2893814,2868440.7010419425
2025-08-08,2854458,2868122.286930863
2025-08-09,2462226,2529166.7824789556
2025-08-10,2960755,2918925.429474029
2025-08-11,2763999,2800430.008773822
2025-08-12,2256579,2336963.582580846
2025-08-13,2331562,2477435.5807594797
2025-08-14,2835968,2821808.812570127
2025-08-15,2796277,2824614.325174881
2025-08-16,2360294,2397197.2707799994
2025-08-17,2907660,2854043.579826411
2025-08-18,2705168,2730720.9412694853
2025-08-19,2187411,2213136.840938203
2025-08-20,2294086,2308108.6990429396
2025-08-21,2731931,2720907.7851815214
2025-08-22,2667258,2708197.787945505
2025-08-23,2185460,2183221.6640362376
2025-08-24,2786648,2763258.4112235503
2025-08-25,2506611,2538467.788645408
2025-08-26,1950994,2020869.3015006846
2025-08-27,2229905,2154745.9132077713
2025-08-28,2833316,2720563.7164225006
2025-08-29,2971455,2846057.78481042
2025-08-30,2223191,2197315.5427965974
2025-08-31,2343216,2383616.560965471
2025-09-01,2836013,2744655.0621886356
2025-09-02,2276201,2250265.592360016
2025-09-03,1965954,2096992.7588297212
2025-09-04,2305882,2395658.4719485343
2025-09-05,2427350,2575181.3437775034
2025-09-06,1923040,1918201.8134864576
2025-09-07,2673762,2782916.4381010733
2025-09-08,2456693,2420246.118684619
2025-09-09,1896803,1892837.4554518373
2025-09-10,2107833,1962963.8571275426
2025-09-11,2610925,2695877.2587549547
2025-09-12,2669713,2735279.8921053717
2025-09-13,2020113,1882914.56119578
2025-09-14,2810804,2885074.335071676
2025-09-15,2590221,2562551.906430986
2025-09-16,2004769,1951218.1856021422
2025-09-17,2219220,2140746.867127043
2025-09-18,2788191,2737166.7814036496
2025-09-19,2788902,2772466.9216339793
2025-09-20,2140805,2086375.936937028
2025-09-21,2848945,2970383.426415529
2025-09-22,2598440,2675674.518646543
2025-09-23,1975026,1989118.9609304043
2025-09-24,2165846,2216656.3976022797
2025-09-25,2739357,2694412.38127522
2025-09-26,2741844,2746811.258728182
2025-09-27,2083134,2097739.0892772404
2025-09-28,2843311,2886894.5526478346
2025-09-29,2577248,2599994.660599873
2025-09-30,2005123,1970338.5908086828
2025-10-01,2199312,2193867.7287468617
2025-10-02,2673111,2711328.2949931384
2025-10-03,2697756,2704856.9889225466
2025-10-04,2091602,2080329.6944715977
2025-10-05,2901606,2881309.168868372
2025-10-06,2686873,2664706.7562926547
2025-10-07,2104449,2010017.4878451368
2025-10-08,2417075,2139329.492681538
2025-10-09,2975982,2781767.4774735346
2025-10-10,3017612,2988527.627844764
2025-10-11,2381106,2323282.9488808587
2025-10-12,2951273,2966579.3136497866
2025-10-13,2874884,2877627.2783580804
2025-10-14,2413133,2375453.654220122
2025-10-15,2438918,2410412.8954782286
2025-10-16,2901650,2907336.5584889757
2025-10-17,2878950,2965146.1419397215
2025-10-18,2268485,2251663.3666208987
2025-10-19,2988255,2972928.2811340205
2025-10-20,2794820,2840334.742773849
2025-10-21,2141971,2135494.2311396846
2025-10-22,2278249,2278345.3485111953
2025-10-23,2780271,2828392.7246952546
2025-10-24,2773635,2857879.179635936
2025-10-25,2126979,2094009.3394839936
2025-10-26,2859222,2853574.3703611023
2025-10-27,2636402,2681654.5012226244
2025-10-28,1945466,2042480.6471090117
2025-10-29,2087383,2035852.665528948
2025-10-30,2532054,2310728.6001600786
2025-10-31,2280607,2258058.7819085596
2025-11-01,2029708,1987439.048215245
2025-11-02,2678442,2609695.013672156
2025-11-03,2492532,2653800.811031239
2025-11-04,2015706,1848581.4122333913
2025-11-05,2162311,2084213.7654851293
2025-11-06,2704209,2771353.0899228556
2025-11-07,2645578,2762342.031928976
2025-11-08,2080116,2083011.8159419352
2025-11-09,2631788,2699546.747390694
2025-11-10,2488335,2693895.557475969
2025-11-11,2054768,1911518.1456598197
2025-11-12,1996069,2109511.7454162245
2025-11-13,2434496,2436677.7160621695
2025-11-14,2456308,2813632.839475474
2025-11-15,1902157,1880523.9664069992
2025-11-16,2604321,2794942.1999038053
2025-11-17,2349327,2514659.8507161997
2025-11-18,1816617,1802974.5679515717
2025-11-19,2073637,1952610.2901827607
2025-11-20,2493511,2631167.8783369614
2025-11-21,2792495,2773587.907039643
2025-11-22,2482593,2535037.6258732853
2025-11-23,2617142,2821208.8622179525
2025-11-24,2563877,2664959.2116954527
2025-11-25,2675261,2583447.5517782234
2025-11-26,2753036,2740273.679244022
2025-11-27,1559165,1844573.0584717458
2025-11-28,2392036,2567333.3400504305
2025-11-29,2696816,2777375.7931286427
2025-11-30,3134613,2971404.929161905
2025-12-01,2893451,2764857.50401333
2025-12-02,2233828,2306970.579370943
2025-12-03,2125688,2010015.011785583
2025-12-04,2437542,2322946.163201074
2025-12-05,2456311,2629377.2543652244
2025-12-06,1987785,2037175.4595892327
2025-12-07,2597892,2566654.5409461353
2025-12-08,2470751,2462860.7476810166
2025-12-09,1977202,1991701.7850137353
2025-12-10,2160994,2122638.1873214194
2025-12-11,2584914,2513379.65657616
2025-12-12,2651654,2595649.53368211
2025-12-13,2157148,2161076.456571567
2025-12-14,2586427,2570771.5314689716
2025-12-15,2503757,2418849.6535443086
2025-12-16,2047653,1969759.9727475238
2025-12-17,2271960,2179286.5816634223
2025-12-18,2637016,2584012.129512094
2025-12-19,2824905,2664928.383188681
2025-12-20,2748731,2624040.9804785666
2025-12-21,2769228,2845658.05090062
2025-12-22,2795090,2837761.922309839
2025-12-23,2822653,2605940.3873628634
2025-12-24,2236205,2258892.1755403234
2025-12-25,2066118,1931989.5535036824
2025-12-26,2716278,2847693.739410417
2025-12-27,2804814,2915043.689199865
2025-12-28,2924593,2861417.337475546
2025-12-29,2811757,2789963.4840287496
2025-12-30,2827572,2413757.8588792803
2025-12-31,2291360,2409271.4942149636
2026-01-01,2334465,2400936.2467701845
2026-01-02,2578209,2736904.606762452
2026-01-03,2604749,2713939.8673634455
2026-01-04,2817509,2661355.159788288
2026-01-05,2508517,2496142.8911923417
2026-01-06,1941589,2182889.631859258
2026-01-07,1900237,2031765.0546460573
2026-01-08,2151117,2222188.604070532
2026-01-09,2206079,2247609.3445282793
2026-01-10,1971751,2017113.724173159
2026-01-11,2411470,2350992.9748622105
2026-01-12,2140851,2147896.2477136534
2026-01-13,1688866,1738487.5001408411
2026-01-14,1903860,1826325.6782195345
2026-01-15,2460511,2302019.1870830217
2026-01-16,2608430,2356777.170314326
2026-01-17,2002239,1906873.792031072
2026-01-18,2231469,2191712.787904719
2026-01-19,2556438,2255790.839348395
2026-01-20,1952569,1840514.0565199775
2026-01-21,1802833,1839509.4962819067
2026-01-22,2235021,2135728.8264653273
2026-01-23,2243481,2256161.378652604
2026-01-24,1616945,1855813.6005101034
2026-01-25,1313323,2315339.9325712044
2026-01-26,1830079,1969800.1647121906
2026-01-27,1765468,1526784.0938632358
2026-01-28,1879610,1661469.5923218445
2026-01-29,2235355,2124751.7950338214
2026-01-30,2238006,2164098.0224404065
2026-01-31,1729865,1697878.2544896884
2026-02-01,2303445,2088702.7218900481
2026-02-02,2150084,2017327.8177798374
2026-02-03,1666150,1527475.0024295275
2026-02-04,1839311,1712452.9154114297
2026-02-05,2324236,2234467.945713831
2026-02-06,2351379,2310619.7401746954
2026-02-07,1873708,1816776.7728284826
2026-02-08,2274639,2297227.6549042603
2026-02-09,2386224,2280909.706839583
2026-02-10,1852752,1747030.5763312513
2026-02-11,2074130,1991956.0593716167
2026-02-12,2701700,2508121.666268148
2026-02-13,2759407,2603783.7847798965
2026-02-14,2186932,2184329.272681241
2026-02-15,2536292,2386750.3590392647
2026-02-16,2766705,2656500.1688819886
2026-02-17,2247910,2266037.91194921
2026-02-18,2229730,2101549.3602332426
2026-02-19,2644354,2465037.194154805
2026-02-20,2650675,2590795.0725402245
2026-02-21,2284819,2182889.557057347
2026-02-22,2475455,2667622.6149688065
2026-02-23,1996320,2450883.980169207
2026-02-24,1958051,1923066.840457164
2026-02-25,2258729,2106064.480533216
2026-02-26,2647330,2589144.7663365877
2026-02-27,2625251,2581561.203097614
2026-02-28,2190541,2110996.5456678863
2026-03-01,2687408,2583327.320795699
2026-03-02,2432452,2373331.682232929
2026-03-03,1910452,1903350.273852043
2026-03-04,2133462,2103246.150105619
2026-03-05,2615896,2638016.288909364
2026-03-06,2696932,2667133.3945167623
2026-03-07,2338542,2332609.6228853213
2026-03-08,2781523,2753129.834793492
2026-03-09,2563627,2544847.0908359066
2026-03-10,2056174,2075623.949356597
2026-03-11,2372082,2345858.843717389
2026-03-12,2788748,2769921.450700392
2026-03-13,2854704,2800399.202258112
2026-03-14,2568085,2561934.594440705
2026-03-15,2765657,2869046.7835336206
2026-03-16,2474964,2686894.5685211737
2026-03-17,2424806,2179060.646683702
2026-03-18,2573056,2462974.1748289354
2026-03-19,2817785,2828447.711290418
2026-03-20,2766291,2814868.3085743245
2026-03-21,2498514,2558373.9948276975
2026-03-22,2865969,2895341.8753524334
2026-03-23,2641500,2712768.51727396
2026-03-24,2193195,2229697.8717271555
2026-03-25,2379710,2423563.1669178614
2026-03-26,2723798,2818525.2663042736
2026-03-27,2744893,2811288.2361768074
2026-03-28,2426467,2392546.0234511066
2026-03-29,2758600,2818459.7094616103
2026-03-30,2533621,2627044.516192021
2026-03-31,2154213,2190068.958775529
2026-04-01,2360739,2330377.1587062003
2026-04-02,2710611,2782513.802666759
2026-04-03,2659561,2736157.5936268773
2026-04-04,2274101,2276159.975490557
2026-04-05,2561932,2617111.4296151893
2026-04-06,2705640,2674248.926086362
2026-04-07,2207180,2213120.676914719
2026-04-08,2278770,2320589.884536616
2026-04-09,2691308,2716311.9115067264
2026-04-10,2688395,2747493.917293959
2026-04-11,2269365,2290878.06555052
2026-04-12,2822290,2792029.420044981
2026-04-13,2606811,2636203.8095014794
2026-04-14,2044781,2153523.33095874
2026-04-15,2251197,2323191.4251348674
2026-04-16,2738409,2785215.549239688
2026-04-17,2705217,2730939.6679487536
2026-04-18,2069600,2174314.970911475
2026-04-19,2796984,2719706.2417664393
2026-04-20,2571543,2680253.920992975
2026-04-21,2055863,2156972.0464839637
2026-04-22,2302381,2279746.822062917
2026-04-23,2740418,2740963.71705179
2026-04-24,2704682,2723790.082936672
2026-04-25,2093949,2187571.4758526143
2026-04-26,2768606,2773884.0567296064
2026-04-27,2539040,2584371.7647079406
2026-04-28,2020266,2051694.506478859
2026-04-29,2264608,2246522.123089336
2026-04-30,2748380,2717864.810497007
2026-05-01,2643938,2659519.991140657
2026-05-02,2042664,2148910.2206776976
2026-05-03,2741375,2768245.0740233
2026-05-04,2540806,2581471.2247374943
2026-05-05,2040845,2069142.7528278248
2026-05-06,2251410,2256832.647519908
2026-05-07,2701890,2730901.732490198
2026-05-08,2569907,2712031.0414999216
2026-05-09,2088463,2137581.710178921
2026-05-10,2587640,2719714.6476143887
2026-05-11,2661314,2648049.9672279684
2026-05-12,2143904,2118173.8824266004
2026-05-13,2399389,2323053.1087339837
2026-05-14,2858330,2823264.6000283523
2026-05-15,2796834,2815082.752882285
2026-05-16,2260950,2274195.0410055798
2026-05-17,2887942,2906703.3316139756
2026-05-18,2782578,2766557.068027971
2026-05-19,2313392,2258229.8841922907
2026-05-20,2557265,2469668.169132374
2026-05-21,2955843,2940460.173274261
2026-05-22,2976209,2961032.7176704556
2026-05-23,2380377,2351310.364388592
2026-05-24,2418371,2533153.7115469184
2026-05-25,2818586,2843107.461927458
2026-05-26,2507199,2511873.3744777255
2026-05-27,2374930,2337330.866089032
2026-05-28,2661047,2680700.8389104493
2026-05-29,2689872,2741751.5897015724
2026-05-30,2307047,2330234.72598958
2026-05-31,2818994,2863440.2175645498
2026-06-01,2674187,2660111.7019193703
2026-06-02,2218178,2224700.1586583583
2026-06-03,2400663,2360025.710401928
