Date,Volume,pred_ag_tabular
2025-06-05,2798927,2791777.5
2025-06-06,2766521,2799194.0
2025-06-07,2395746,2354343.0
2025-06-08,2927145,2878987.75
2025-06-09,2833198,2748083.5
2025-06-10,2363770,2402499.75
2025-06-11,2504337,2516795.75
2025-06-12,2887798,2871650.0
2025-06-13,2871959,2914645.5
2025-06-14,2517202,2573817.75
2025-06-15,2888821,2898194.25
2025-06-16,2844254,2851350.0
2025-06-17,2455696,2489326.25
2025-06-18,2705355,2611925.75
2025-06-19,2980935,2873292.75
2025-06-20,2891240,2909001.25
2025-06-21,2614464,2604427.25
2025-06-22,3096797,2914465.25
2025-06-23,2953905,2914800.5
2025-06-24,2508733,2603291.0
2025-06-25,2620696,2688402.5
2025-06-26,2931282,2913035.25
2025-06-27,2988614,2921881.25
2025-06-28,2624407,2669053.25
2025-06-29,2959224,2900116.5
2025-06-30,2780012,2850863.75
2025-07-01,2402675,2557959.75
2025-07-02,2718537,2674174.0
2025-07-03,2923234,2556239.75
2025-07-04,2162755,2378599.25
2025-07-05,2457591,2473401.75
2025-07-06,3041954,2889095.0
2025-07-07,2917942,2801016.0
2025-07-08,2488332,2547978.25
2025-07-09,2554687,2617568.75
2025-07-10,2873682,2865183.0
2025-07-11,2885953,2763032.25
2025-07-12,2589889,2585300.0
2025-07-13,3007773,2896084.5
2025-07-14,2865292,2875535.0
2025-07-15,2557900,2537956.25
2025-07-16,2614183,2677884.75
2025-07-17,2998225,2905863.5
2025-07-18,2962082,2826839.25
2025-07-19,2603307,2631992.25
2025-07-20,3043973,2929099.75
2025-07-21,2886647,2872454.25
2025-07-22,2452271,2603977.75
2025-07-23,2630151,2696373.0
2025-07-24,2968866,2889098.75
2025-07-25,2970569,2874235.0
2025-07-26,2670276,2633346.75
2025-07-27,3017861,2919893.25
2025-07-28,2929749,2846551.75
2025-07-29,2438933,2503287.5
2025-07-30,2574917,2668230.5
2025-07-31,2882829,2893078.25
2025-08-01,2999166,2844718.5
2025-08-02,2640741,2653586.5
2025-08-03,2983755,2903745.5
2025-08-04,2855684,2796201.25
2025-08-05,2364019,2451384.75
2025-08-06,2447464,2596465.5
2025-08-07,2893814,2865182.25
2025-08-08,2854458,2864627.5
2025-08-09,2462226,2597127.75
2025-08-10,2960755,2887109.0
2025-08-11,2763999,2796677.25
2025-08-12,2256579,2344293.25
2025-08-13,2331562,2446810.0
2025-08-14,2835968,2824349.25
2025-08-15,2796277,2858451.5
2025-08-16,2360294,2448740.0
2025-08-17,2907660,2866495.5
2025-08-18,2705168,2729108.25
2025-08-19,2187411,2197359.0
2025-08-20,2294086,2289781.75
2025-08-21,2731931,2740470.75
2025-08-22,2667258,2723978.25
2025-08-23,2185460,2187804.5
2025-08-24,2786648,2780030.0
2025-08-25,2506611,2512067.0
2025-08-26,1950994,1936699.875
2025-08-27,2229905,2175918.75
2025-08-28,2833316,2794570.25
2025-08-29,2971455,2891912.25
2025-08-30,2223191,2172466.0
2025-08-31,2343216,2284038.5
2025-09-01,2836013,2799812.75
2025-09-02,2276201,2293848.5
2025-09-03,1965954,2028368.5
2025-09-04,2305882,2367443.25
2025-09-05,2427350,2441541.25
2025-09-06,1923040,1969900.5
2025-09-07,2673762,2667219.5
2025-09-08,2456693,2451467.0
2025-09-09,1896803,1910606.875
2025-09-10,2107833,2020481.125
2025-09-11,2610925,2661301.75
2025-09-12,2669713,2673349.5
2025-09-13,2020113,2046342.25
2025-09-14,2810804,2808922.0
2025-09-15,2590221,2617472.25
2025-09-16,2004769,2036840.5
2025-09-17,2219220,2225995.0
2025-09-18,2788191,2743107.0
2025-09-19,2788902,2774651.0
2025-09-20,2140805,2155649.0
2025-09-21,2848945,2884226.5
2025-09-22,2598440,2680688.25
2025-09-23,1975026,2057059.375
2025-09-24,2165846,2204230.25
2025-09-25,2739357,2637831.0
2025-09-26,2741844,2679190.5
2025-09-27,2083134,2095483.625
2025-09-28,2843311,2805817.5
2025-09-29,2577248,2627717.75
2025-09-30,2005123,2003649.625
2025-10-01,2199312,2176757.0
2025-10-02,2673111,2695618.25
2025-10-03,2697756,2719609.0
2025-10-04,2091602,2105540.25
2025-10-05,2901606,2855970.5
2025-10-06,2686873,2667753.25
2025-10-07,2104449,2110433.75
2025-10-08,2417075,2244441.75
2025-10-09,2975982,2744377.0
2025-10-10,3017612,2877589.75
2025-10-11,2381106,2340517.75
2025-10-12,2951273,2824159.5
2025-10-13,2874884,2798461.25
2025-10-14,2413133,2404140.75
2025-10-15,2438918,2466558.0
2025-10-16,2901650,2804445.25
2025-10-17,2878950,2879926.75
2025-10-18,2268485,2374600.75
2025-10-19,2988255,2921432.25
2025-10-20,2794820,2859553.5
2025-10-21,2141971,2225978.25
2025-10-22,2278249,2320651.0
2025-10-23,2780271,2779419.25
2025-10-24,2773635,2798891.25
2025-10-25,2126979,2152335.0
2025-10-26,2859222,2828834.25
2025-10-27,2636402,2719874.5
2025-10-28,1945466,2031197.25
2025-10-29,2087383,2116195.0
2025-10-30,2532054,2443246.75
2025-10-31,2280607,2395659.5
2025-11-01,2029708,1932020.0
2025-11-02,2678442,2629775.0
2025-11-03,2492532,2567953.25
2025-11-04,2015706,1941985.0
2025-11-05,2162311,2103579.0
2025-11-06,2704209,2622706.25
2025-11-07,2645578,2701463.0
2025-11-08,2080116,2074604.375
2025-11-09,2631788,2729906.0
2025-11-10,2488335,2738508.75
2025-11-11,2054768,2100120.5
2025-11-12,1996069,2183245.0
2025-11-13,2434496,2541570.5
2025-11-14,2456308,2721534.0
2025-11-15,1902157,1893132.125
2025-11-16,2604321,2659868.5
2025-11-17,2349327,2446257.5
2025-11-18,1816617,1800759.375
2025-11-19,2073637,2021218.125
2025-11-20,2493511,2593960.75
2025-11-21,2792495,2733162.5
2025-11-22,2482593,2305353.25
2025-11-23,2617142,2679903.25
2025-11-24,2563877,2552266.5
2025-11-25,2675261,2647712.0
2025-11-26,2753036,2714085.75
2025-11-27,1559165,1619581.5
2025-11-28,2392036,2420615.0
2025-11-29,2696816,2849527.25
2025-11-30,3134613,3028809.0
2025-12-01,2893451,2847906.0
2025-12-02,2233828,2349304.5
2025-12-03,2125688,2133806.75
2025-12-04,2437542,2351853.25
2025-12-05,2456311,2562553.0
2025-12-06,1987785,2003395.5
2025-12-07,2597892,2622683.25
2025-12-08,2470751,2393774.0
2025-12-09,1977202,1943376.25
2025-12-10,2160994,2080149.875
2025-12-11,2584914,2491573.5
2025-12-12,2651654,2564541.25
2025-12-13,2157148,2071190.25
2025-12-14,2586427,2597027.5
2025-12-15,2503757,2466380.5
2025-12-16,2047653,2113750.0
2025-12-17,2271960,2199906.25
2025-12-18,2637016,2632459.75
2025-12-19,2824905,2794977.0
2025-12-20,2748731,2707655.75
2025-12-21,2769228,2905486.75
2025-12-22,2795090,2822865.5
2025-12-23,2822653,2539013.75
2025-12-24,2236205,2169259.0
2025-12-25,2066118,2259126.5
2025-12-26,2716278,2813795.25
2025-12-27,2804814,2828174.25
2025-12-28,2924593,2962710.0
2025-12-29,2811757,2835618.0
2025-12-30,2827572,2543100.5
2025-12-31,2291360,2301212.75
2026-01-01,2334465,2406362.5
2026-01-02,2578209,2711700.5
2026-01-03,2604749,2679571.25
2026-01-04,2817509,2715580.25
2026-01-05,2508517,2466843.0
2026-01-06,1941589,2115068.0
2026-01-07,1900237,1988969.25
2026-01-08,2151117,2071276.5
2026-01-09,2206079,2060140.25
2026-01-10,1971751,1906662.0
2026-01-11,2411470,2271970.5
2026-01-12,2140851,2157635.75
2026-01-13,1688866,1753538.625
2026-01-14,1903860,1882592.625
2026-01-15,2460511,2282518.5
2026-01-16,2608430,2453255.25
2026-01-17,2002239,2029084.375
2026-01-18,2231469,2142665.75
2026-01-19,2556438,2403831.5
2026-01-20,1952569,1891206.25
2026-01-21,1802833,1795837.5
2026-01-22,2235021,2158506.0
2026-01-23,2243481,2234029.0
2026-01-24,1616945,1880847.875
2026-01-25,1313323,2291057.25
2026-01-26,1830079,1926462.875
2026-01-27,1765468,1747435.875
2026-01-28,1879610,1651182.5
2026-01-29,2235355,2139754.5
2026-01-30,2238006,2198036.0
2026-01-31,1729865,1746806.5
2026-02-01,2303445,2031354.5
2026-02-02,2150084,2034579.5
2026-02-03,1666150,1662401.0
2026-02-04,1839311,1841045.875
2026-02-05,2324236,2240596.5
2026-02-06,2351379,2335753.75
2026-02-07,1873708,1802842.125
2026-02-08,2274639,2258649.5
2026-02-09,2386224,2312835.0
2026-02-10,1852752,1790313.375
2026-02-11,2074130,2036154.25
2026-02-12,2701700,2586039.0
2026-02-13,2759407,2660990.25
2026-02-14,2186932,2184143.0
2026-02-15,2536292,2416908.75
2026-02-16,2766705,2731223.0
2026-02-17,2247910,2326330.5
2026-02-18,2229730,2191325.75
2026-02-19,2644354,2546286.0
2026-02-20,2650675,2648698.0
2026-02-21,2284819,2194929.5
2026-02-22,2475455,2676627.0
2026-02-23,1996320,2499316.5
2026-02-24,1958051,1873487.625
2026-02-25,2258729,2103062.0
2026-02-26,2647330,2561291.75
2026-02-27,2625251,2611337.5
2026-02-28,2190541,2185886.0
2026-03-01,2687408,2568388.75
2026-03-02,2432452,2307509.75
2026-03-03,1910452,1964154.25
2026-03-04,2133462,2226238.75
2026-03-05,2615896,2645141.0
2026-03-06,2696932,2671885.0
2026-03-07,2338542,2265884.75
2026-03-08,2781523,2702417.5
2026-03-09,2563627,2520287.5
2026-03-10,2056174,2084109.75
2026-03-11,2372082,2289218.25
2026-03-12,2788748,2757688.75
2026-03-13,2854704,2804156.5
2026-03-14,2568085,2533337.5
2026-03-15,2765657,2830787.5
2026-03-16,2474964,2651088.25
2026-03-17,2424806,2162332.75
2026-03-18,2573056,2438758.25
2026-03-19,2817785,2769212.5
2026-03-20,2766291,2806456.75
2026-03-21,2498514,2535422.5
2026-03-22,2865969,2862653.5
2026-03-23,2641500,2629864.5
2026-03-24,2193195,2236027.25
2026-03-25,2379710,2400172.0
2026-03-26,2723798,2787610.75
2026-03-27,2744893,2769932.75
2026-03-28,2426467,2402092.5
2026-03-29,2758600,2798777.0
2026-03-30,2533621,2609051.5
2026-03-31,2154213,2155663.0
2026-04-01,2360739,2310254.25
2026-04-02,2710611,2791431.5
2026-04-03,2659561,2696388.25
2026-04-04,2274101,2255080.75
2026-04-05,2561932,2674918.0
2026-04-06,2705640,2646869.25
2026-04-07,2207180,2234754.0
2026-04-08,2278770,2290020.75
2026-04-09,2691308,2725095.25
2026-04-10,2688395,2781507.25
2026-04-11,2269365,2281861.5
2026-04-12,2822290,2806887.0
2026-04-13,2606811,2573547.25
2026-04-14,2044781,2093406.25
2026-04-15,2251197,2290829.75
2026-04-16,2738409,2787176.75
2026-04-17,2705217,2672408.0
2026-04-18,2069600,2152834.0
2026-04-19,2796984,2674390.0
2026-04-20,2571543,2638576.0
2026-04-21,2055863,2061023.75
2026-04-22,2302381,2252299.25
2026-04-23,2740418,2727089.0
2026-04-24,2704682,2738797.5
2026-04-25,2093949,2149764.0
2026-04-26,2768606,2796242.25
2026-04-27,2539040,2563581.5
2026-04-28,2020266,2014233.0
2026-04-29,2264608,2263989.5
2026-04-30,2748380,2722266.0
2026-05-01,2643938,2691532.0
2026-05-02,2042664,2088639.0
2026-05-03,2741375,2736389.75
2026-05-04,2540806,2555920.5
2026-05-05,2040845,2027650.5
2026-05-06,2251410,2273642.25
2026-05-07,2701890,2745619.0
2026-05-08,2569907,2725892.25
2026-05-09,2088463,2094366.75
2026-05-10,2587640,2696321.5
2026-05-11,2661314,2630448.75
2026-05-12,2143904,2118592.0
2026-05-13,2399389,2295839.25
2026-05-14,2858330,2882327.0
2026-05-15,2796834,2844776.75
2026-05-16,2260950,2281522.0
2026-05-17,2887942,2917869.75
2026-05-18,2782578,2805833.75
2026-05-19,2313392,2284001.25
2026-05-20,2557265,2501050.5
2026-05-21,2955843,2969575.5
2026-05-22,2976209,2979177.0
2026-05-23,2380377,2359750.75
2026-05-24,2418371,2518843.0
2026-05-25,2818586,2858316.75
2026-05-26,2507199,2490584.75
2026-05-27,2374930,2310972.5
2026-05-28,2661047,2694548.75
2026-05-29,2689872,2751488.25
2026-05-30,2307047,2303422.5
2026-05-31,2818994,2833397.25
2026-06-01,2674187,2646445.25
2026-06-02,2218178,2209760.0
2026-06-03,2400663,2346264.0
