Date,Volume,pred_anchor_master
2022-01-01,1616850,
2022-01-02,2026176,
2022-01-03,1921966,
2022-01-04,1673499,
2022-01-05,1501170,
2022-01-06,1543985,
2022-01-07,1518098,
2022-01-08,1450135,
2022-01-09,1706857,
2022-01-10,1453110,
2022-01-11,1129725,
2022-01-12,1234827,
2022-01-13,1543648,
2022-01-14,1741376,
2022-01-15,1421612,
2022-01-16,1438492,
2022-01-17,1704328,
2022-01-18,1301256,
2022-01-19,1201589,
2022-01-20,1470973,
2022-01-21,1514895,
2022-01-22,1246901,
2022-01-23,1649090,
2022-01-24,1399342,
2022-01-25,1063856,
2022-01-26,1200998,
2022-01-27,1560893,
2022-01-28,1634225,
2022-01-29,1070815,
2022-01-30,1716055,
2022-01-31,1539356,
2022-02-01,1203689,
2022-02-02,1196728,
2022-02-03,1342502,
2022-02-04,1583678,
2022-02-05,1399603,
2022-02-06,1786681,
2022-02-07,1592651,
2022-02-08,1239137,
2022-02-09,1390835,
2022-02-10,1786323,
2022-02-11,1918436,
2022-02-12,1538874,
2022-02-13,1821279,
2022-02-14,1737532,
2022-02-15,1541222,
2022-02-16,1670550,
2022-02-17,1986581,
2022-02-18,2244042,
2022-02-19,1826833,
2022-02-20,2068827,
2022-02-21,2222002,
2022-02-22,1785417,
2022-02-23,1755527,
2022-02-24,1988432,
2022-02-25,2104233,
2022-02-26,1842536,
2022-02-27,2150118,
2022-02-28,1984773,
2022-03-01,1638699,
2022-03-02,1740923,
2022-03-03,2053525,
2022-03-04,2139036,
2022-03-05,1831741,
2022-03-06,2184096,
2022-03-07,2019553,
2022-03-08,1657723,
2022-03-09,1850986,
2022-03-10,2185904,
2022-03-11,2299583,
2022-03-12,1998129,
2022-03-13,2293374,
2022-03-14,2203639,
2022-03-15,1870647,
2022-03-16,2000210,
2022-03-17,2231375,
2022-03-18,2319876,
2022-03-19,2108715,
2022-03-20,2379182,
2022-03-21,2177240,
2022-03-22,1859077,
2022-03-23,1971979,
2022-03-24,2255090,
2022-03-25,2304825,
2022-03-26,2022231,
2022-03-27,2313481,
2022-03-28,2141002,
2022-03-29,1747597,
2022-03-30,1887509,
2022-03-31,2219675,
2022-04-01,2287653,
2022-04-02,1922516,
2022-04-03,2206569,
2022-04-04,2141153,
2022-04-05,1850647,
2022-04-06,1982006,
2022-04-07,2227151,
2022-04-08,2327849,
2022-04-09,1959523,
2022-04-10,2300909,
2022-04-11,2188196,
2022-04-12,1883285,
2022-04-13,2053892,
2022-04-14,2354474,
2022-04-15,2315430,
2022-04-16,1903886,
2022-04-17,2214376,
2022-04-18,2292729,
2022-04-19,1988681,
2022-04-20,2034403,
2022-04-21,2288508,
2022-04-22,2309474,
2022-04-23,1915707,
2022-04-24,2298561,
2022-04-25,2189296,
2022-04-26,1870392,
2022-04-27,1999806,
2022-04-28,2267171,
2022-04-29,2286852,
2022-04-30,1885701,
2022-05-01,2279287,
2022-05-02,2146993,
2022-05-03,1827782,
2022-05-04,1962832,
2022-05-05,2240816,
2022-05-06,2292080,
2022-05-07,1884883,
2022-05-08,2255547,
2022-05-09,2244645,
2022-05-10,1908906,
2022-05-11,2030630,
2022-05-12,2337876,
2022-05-13,2358444,
2022-05-14,1984654,
2022-05-15,2399801,
2022-05-16,2282944,
2022-05-17,2042144,
2022-05-18,2117010,
2022-05-19,2366865,
2022-05-20,2356404,
2022-05-21,1999651,
2022-05-22,2364240,
2022-05-23,2339945,
2022-05-24,2034843,
2022-05-25,2165771,
2022-05-26,2399579,
2022-05-27,2397928,
2022-05-28,2000335,
2022-05-29,2103022,
2022-05-30,2319237,
2022-05-31,2114935,
2022-06-01,2023231,
2022-06-02,2228271,
2022-06-03,2347283,
2022-06-04,1992251,
2022-06-05,2396442,
2022-06-06,2286429,
2022-06-07,2067274,
2022-06-08,2175579,
2022-06-09,2396538,
2022-06-10,2443671,
2022-06-11,2153865,
2022-06-12,2456971,
2022-06-13,2389152,
2022-06-14,2139865,
2022-06-15,2238873,
2022-06-16,2387496,
2022-06-17,2454485,
2022-06-18,2186387,
2022-06-19,2398687,
2022-06-20,2431925,
2022-06-21,2158912,
2022-06-22,2197876,
2022-06-23,2453936,
2022-06-24,2471808,
2022-06-25,2198435,
2022-06-26,2469720,
2022-06-27,2374892,
2022-06-28,2147125,
2022-06-29,2237932,
2022-06-30,2455588,
2022-07-01,2501366,
2022-07-02,2169068,
2022-07-03,2102878,
2022-07-04,2086854,
2022-07-05,2209031,
2022-07-06,2136035,
2022-07-07,2245980,
2022-07-08,2288984,
2022-07-09,2145996,
2022-07-10,2443836,
2022-07-11,2318551,
2022-07-12,2072335,
2022-07-13,2188234,
2022-07-14,2402480,
2022-07-15,2449536,
2022-07-16,2196011,
2022-07-17,2453236,
2022-07-18,2363728,
2022-07-19,2142454,
2022-07-20,2226450,
2022-07-21,2440027,
2022-07-22,2464194,
2022-07-23,2190483,
2022-07-24,2494885,
2022-07-25,2386005,
2022-07-26,2146087,
2022-07-27,2238047,
2022-07-28,2414062,
2022-07-29,2464079,
2022-07-30,2211091,
2022-07-31,2486969,
2022-08-01,2373400,
2022-08-02,2053497,
2022-08-03,2117390,
2022-08-04,2360671,
2022-08-05,2406372,
2022-08-06,2178405,
2022-08-07,2438788,
2022-08-08,2340305,
2022-08-09,2049473,
2022-08-10,2112967,
2022-08-11,2340082,
2022-08-12,2361142,
2022-08-13,2058033,
2022-08-14,2360307,
2022-08-15,2276507,
2022-08-16,2016730,
2022-08-17,2051652,
2022-08-18,2335005,
2022-08-19,2358565,
2022-08-20,2014843,
2022-08-21,2348153,
2022-08-22,2260555,
2022-08-23,1960482,
2022-08-24,1997252,
2022-08-25,2263665,
2022-08-26,2284831,
2022-08-27,1888903,
2022-08-28,2319869,
2022-08-29,2100205,
2022-08-30,1768473,
2022-08-31,2009736,
2022-09-01,2324033,
2022-09-02,2479578,
2022-09-03,1903950,
2022-09-04,1979923,
2022-09-05,2409938,
2022-09-06,2088456,
2022-09-07,1835889,
2022-09-08,2120200,
2022-09-09,2224222,
2022-09-10,1828963,
2022-09-11,2340559,
2022-09-12,2230866,
2022-09-13,1816435,
2022-09-14,1976151,
2022-09-15,2357970,
2022-09-16,2375510,
2022-09-17,1888228,
2022-09-18,2349493,
2022-09-19,2227301,
2022-09-20,1898568,
2022-09-21,1960592,
2022-09-22,2335489,
2022-09-23,2405872,
2022-09-24,1914884,
2022-09-25,2362292,
2022-09-26,2229901,
2022-09-27,1842212,
2022-09-28,1724121,
2022-09-29,2000766,
2022-09-30,2143343,
2022-10-01,1868495,
2022-10-02,2279898,
2022-10-03,2099505,
2022-10-04,1802567,
2022-10-05,1996446,
2022-10-06,2376101,
2022-10-07,2473989,
2022-10-08,2018002,
2022-10-09,2425613,
2022-10-10,2330624,
2022-10-11,2046661,
2022-10-12,2119772,
2022-10-13,2413700,
2022-10-14,2412403,
2022-10-15,2036937,
2022-10-16,2475395,
2022-10-17,2294755,
2022-10-18,2003403,
2022-10-19,2110090,
2022-10-20,2429402,
2022-10-21,2375559,
2022-10-22,2005659,
2022-10-23,2416107,
2022-10-24,2322585,
2022-10-25,1981651,
2022-10-26,2057463,
2022-10-27,2310460,
2022-10-28,2312356,
2022-10-29,1830454,
2022-10-30,2241429,
2022-10-31,1925032,
2022-11-01,1978549,
2022-11-02,1897396,
2022-11-03,2253501,
2022-11-04,2272855,
2022-11-05,1924975,
2022-11-06,2396744,
2022-11-07,2168053,
2022-11-08,1896916,
2022-11-09,1945183,
2022-11-10,2203214,
2022-11-11,2309163,
2022-11-12,1945373,
2022-11-13,2411406,
2022-11-14,2229804,
2022-11-15,1892613,
2022-11-16,2034880,
2022-11-17,2326100,
2022-11-18,2458089,
2022-11-19,2214717,
2022-11-20,2385400,
2022-11-21,2201022,
2022-11-22,2370351,
2022-11-23,2465337,
2022-11-24,1426195,
2022-11-25,1984980,
2022-11-26,2336633,
2022-11-27,2639616,
2022-11-28,2389672,
2022-11-29,1954785,
2022-11-30,1893497,
2022-12-01,2113719,
2022-12-02,2132571,
2022-12-03,1788666,
2022-12-04,2261227,
2022-12-05,2134176,
2022-12-06,1752091,
2022-12-07,1883346,
2022-12-08,2220053,
2022-12-09,2295917,
2022-12-10,1886068,
2022-12-11,2293624,
2022-12-12,2167861,
2022-12-13,1810814,
2022-12-14,1993063,
2022-12-15,2298485,
2022-12-16,2453178,
2022-12-17,2233861,
2022-12-18,2357086,
2022-12-19,2264761,
2022-12-20,2216373,
2022-12-21,2428528,
2022-12-22,2366608,
2022-12-23,2096506,
2022-12-24,1834551,
2022-12-25,1800463,
2022-12-26,2218145,
2022-12-27,2178719,
2022-12-28,2153682,
2022-12-29,2178433,
2022-12-30,2383422,
2022-12-31,1935413,
2023-01-01,2046950,
2023-01-02,2368194,
2023-01-03,2212528,
2023-01-04,1985965,
2023-01-05,2031976,
2023-01-06,2043547,1883512.287871397
2023-01-07,1917290,1824668.597010529
2023-01-08,2226917,2163269.5342606627
2023-01-09,2009868,1883770.0664803963
2023-01-10,1678250,1485261.483536923
2023-01-11,1723117,1650873.6488555649
2023-01-12,2189475,2078600.393090309
2023-01-13,2316713,2366759.052826974
2023-01-14,1803651,1930418.315910764
2023-01-15,2038119,1944280.8722991648
2023-01-16,2244873,2338661.3425363665
2023-01-17,1803155,1780361.337536717
2023-01-18,1674129,1634769.7782637782
2023-01-19,1997346,2003558.0729501408
2023-01-20,2089417,2056449.2568839462
2023-01-21,1662736,1699340.460731908
2023-01-22,2141703,2257848.5150099695
2023-01-23,1970280,1900348.4576428425
2023-01-24,1567069,1454383.673058192
2023-01-25,1677909,1651228.8716407479
2023-01-26,2097825,2146662.0061442913
2023-01-27,2122066,2242373.0889424905
2023-01-28,1653401,1460419.046331475
2023-01-29,2144644,2385786.9844368882
2023-01-30,1932983,2126697.432647135
2023-01-31,1534786,1644085.1836705364
2023-02-01,1608110,1609271.3176411707
2023-02-02,2042277,1796986.42845033
2023-02-03,2102998,2152345.2528467774
2023-02-04,1669806,1904198.160186682
2023-02-05,2202873,2366322.116343206
2023-02-06,2040256,2104239.0904686977
2023-02-07,1626257,1636152.134861805
2023-02-08,1796332,1835692.2560120267
2023-02-09,2158573,2344303.614013284
2023-02-10,2254803,2455447.5584907294
2023-02-11,1809116,1943095.093057496
2023-02-12,2113837,2279953.6059172214
2023-02-13,2073820,2159578.044554089
2023-02-14,1674639,1900666.6310759806
2023-02-15,2017144,2017250.3121498115
2023-02-16,2339970,2376591.4938598284
2023-02-17,2509923,2658979.441445323
2023-02-18,2065901,2145416.8419166445
2023-02-19,2319072,2417800.028313168
2023-02-20,2479184,2582406.4816318974
2023-02-21,2116450,2054731.5829108502
2023-02-22,2006058,2030871.8845724312
2023-02-23,2322309,2280949.9684135313
2023-02-24,2425335,2409707.2921446864
2023-02-25,2057210,2114808.933905504
2023-02-26,2402716,2461799.78900373
2023-02-27,2235417,2269703.9844120597
2023-02-28,1890744,1872796.4870487093
2023-03-01,2066150,1987441.7731339901
2023-03-02,2316735,2351658.0814839005
2023-03-03,2375579,2439032.8523677904
2023-03-04,2040488,2081132.217939715
2023-03-05,2422425,2480020.326402101
2023-03-06,2265014,2291017.6398407253
2023-03-07,1908536,1880061.6104049445
2023-03-08,2130141,2097236.0746554257
2023-03-09,2417279,2469846.6133930753
2023-03-10,2562561,2589956.9787705033
2023-03-11,2279320,2249227.904277536
2023-03-12,2539093,2588663.9529155865
2023-03-13,2393346,2486400.756018121
2023-03-14,2026905,2102642.3316024016
2023-03-15,2284299,2232172.5425935145
2023-03-16,2483683,2485827.1581366877
2023-03-17,2517226,2585100.624268507
2023-03-18,2278805,2342717.911583662
2023-03-19,2608462,2627947.6160617336
2023-03-20,2414648,2402018.499126238
2023-03-21,2038001,2054389.58736907
2023-03-22,2203488,2178766.414935051
2023-03-23,2451051,2484523.8054829305
2023-03-24,2508221,2532624.764532117
2023-03-25,2208541,2221377.1223570635
2023-03-26,2522600,2540962.415079301
2023-03-27,2383816,2349438.742195813
2023-03-28,2039138,1919636.8898079968
2023-03-29,2210676,2089623.2688212409
2023-03-30,2487147,2470068.820909602
2023-03-31,2536088,2553278.1635531746
2023-04-01,2253892,2150507.9765607845
2023-04-02,2545494,2489745.573057302
2023-04-03,2404966,2431564.751284871
2023-04-04,2080546,2103996.0119085126
2023-04-05,2209680,2246884.472144954
2023-04-06,2532778,2512998.122551475
2023-04-07,2475896,2633165.134152415
2023-04-08,2093075,2207134.6647735354
2023-04-09,2387558,2568014.997448718
2023-04-10,2523060,2415774.9943576525
2023-04-11,2132314,2086232.7912316767
2023-04-12,2168441,2274975.292505152
2023-04-13,2443213,2588196.407874966
2023-04-14,2532863,2519081.8901788346
2023-04-15,2150251,2075999.6638039788
2023-04-16,2589787,2424773.241380276
2023-04-17,2455406,2539559.960713393
2023-04-18,2070303,2185023.746758603
2023-04-19,2227164,2213802.991766585
2023-04-20,2534751,2452325.886477029
2023-04-21,2585925,2531280.1642429847
2023-04-22,2057354,2116504.7495173346
2023-04-23,2570184,2484733.5954836914
2023-04-24,2425693,2400220.457222991
2023-04-25,2015155,2046580.9722418939
2023-04-26,2183316,2191219.058200581
2023-04-27,2522454,2489412.0234717573
2023-04-28,2507149,2516366.7380969375
2023-04-29,2021030,2070977.2005743221
2023-04-30,2517228,2499490.005992167
2023-05-01,2432660,2348171.734620156
2023-05-02,1998688,2006143.4761212568
2023-05-03,2167265,2159882.2442968483
2023-05-04,2509080,2468877.6232893597
2023-05-05,2508503,2527568.2399958633
2023-05-06,2043895,2077010.262998337
2023-05-07,2590391,2488682.06824982
2023-05-08,2476280,2487536.233686095
2023-05-09,2089430,2109946.0324426694
2023-05-10,2261499,2245562.155029443
2023-05-11,2598784,2588681.6212751777
2023-05-12,2605959,2609619.6830504863
2023-05-13,2114178,2198388.2340604593
2023-05-14,2509333,2653597.70143376
2023-05-15,2597124,2499234.34198225
2023-05-16,2173966,2242381.751105158
2023-05-17,2312740,2317155.143701579
2023-05-18,2641296,2585272.1423679003
2023-05-19,2656058,2574574.813257076
2023-05-20,2213613,2190553.622107922
2023-05-21,2673457,2600450.009960766
2023-05-22,2592466,2591195.1706092805
2023-05-23,2272281,2247960.9101552786
2023-05-24,2435811,2404283.8673372716
2023-05-25,2672648,2671681.4944759384
2023-05-26,2744596,2669496.7022834225
2023-05-27,2206475,2232089.8543768874
2023-05-28,2257797,2347890.0363706504
2023-05-29,2596978,2578584.2334466483
2023-05-30,2349003,2352816.4910911336
2023-05-31,2259502,2252001.3030939666
2023-06-01,2477726,2479944.5972160213
2023-06-02,2534892,2611760.9930462153
2023-06-03,2221890,2202414.4854634036
2023-06-04,2657217,2652456.831902645
2023-06-05,2560508,2536912.9319451675
2023-06-06,2233160,2294389.207536554
2023-06-07,2355913,2406463.33973592
2023-06-08,2641522,2640826.1212611385
2023-06-09,2675115,2689849.525923691
2023-06-10,2322170,2371120.5461483835
2023-06-11,2732330,2694799.971657985
2023-06-12,2636399,2623436.4987962274
2023-06-13,2343000,2345578.0140408576
2023-06-14,2465528,2456275.692297891
2023-06-15,2745743,2622470.0671135406
2023-06-16,2785332,2709290.6225887164
2023-06-17,2436004,2424497.1251949957
2023-06-18,2640349,2667876.668698765
2023-06-19,2742546,2701796.7098309016
2023-06-20,2449389,2403770.475608464
2023-06-21,2502239,2458223.291803311
2023-06-22,2737829,2756511.7085670773
2023-06-23,2771672,2769532.3628614233
2023-06-24,2456148,2461942.5477270395
2023-06-25,2769270,2768858.415694353
2023-06-26,2687481,2667621.7399662705
2023-06-27,2391503,2414067.135715712
2023-06-28,2539399,2512912.3066856917
2023-06-29,2759141,2758506.8187520504
2023-06-30,2884783,2810120.4378864267
2023-07-01,2588334,2444247.190353471
2023-07-02,2529730,2388673.200219081
2023-07-03,2288645,2391636.1962243025
2023-07-04,2007441,2522779.1196967997
2023-07-05,2492923,2386681.779465057
2023-07-06,2540237,2517885.094270836
2023-07-07,2555001,2568544.696939416
2023-07-08,2431155,2400433.301493601
2023-07-09,2644639,2720833.1986083062
2023-07-10,2688266,2553068.791530746
2023-07-11,2382030,2295468.223893796
2023-07-12,2458378,2474703.844131715
2023-07-13,2726021,2706589.029556588
2023-07-14,2738461,2761109.5367146945
2023-07-15,2486503,2473750.9188986467
2023-07-16,2741762,2759630.2948683454
2023-07-17,2747357,2661677.6501258677
2023-07-18,2410972,2416590.384875063
2023-07-19,2519328,2518405.006490049
2023-07-20,2754386,2759654.1740758456
2023-07-21,2782146,2785517.309133544
2023-07-22,2485646,2479070.1481929338
2023-07-23,2800368,2824263.7439382295
2023-07-24,2695657,2704482.598865281
2023-07-25,2358536,2424467.989423366
2023-07-26,2510210,2520060.368429606
2023-07-27,2724438,2715915.790222877
2023-07-28,2787676,2771750.7062694933
2023-07-29,2457943,2488384.847718954
2023-07-30,2815068,2792241.837820892
2023-07-31,2697794,2667671.904289555
2023-08-01,2370591,2308105.525214866
2023-08-02,2431864,2392357.030371347
2023-08-03,2671674,2674131.926345225
2023-08-04,2690858,2726785.4414756964
2023-08-05,2403611,2465224.978475353
2023-08-06,2743779,2756108.0324231065
2023-08-07,2602015,2643471.3207106856
2023-08-08,2387917,2309315.2988279564
2023-08-09,2407319,2386456.759065053
2023-08-10,2654716,2642001.898734919
2023-08-11,2648556,2666720.7582173273
2023-08-12,2322724,2324559.308843109
2023-08-13,2684914,2672511.057966846
2023-08-14,2548291,2580581.156820676
2023-08-15,2266285,2286649.329195803
2023-08-16,2298936,2316785.848492546
2023-08-17,2599098,2631050.9262254154
2023-08-18,2601291,2651822.387738139
2023-08-19,2252655,2261071.8231986454
2023-08-20,2535369,2633667.0689721885
2023-08-21,2487458,2520723.82274538
2023-08-22,2101467,2182092.965848831
2023-08-23,2169394,2208752.4801645745
2023-08-24,2501995,2493153.3115486116
2023-08-25,2509342,2513140.5238373275
2023-08-26,2063356,2075725.932968251
2023-08-27,2538318,2541683.6320349546
2023-08-28,2349783,2301554.80348431
2023-08-29,1888361,1941026.2244509328
2023-08-30,2014332,2202249.3904469274
2023-08-31,2619753,2521676.61526169
2023-09-01,2742962,2696382.4358057487
2023-09-02,2090550,2071988.5543517764
2023-09-03,2081144,2154714.407261338
2023-09-04,2645012,2611336.8925249674
2023-09-05,2243518,2258711.7498162747
2023-09-06,1966818,1986762.5014688943
2023-09-07,2283466,2307240.096303083
2023-09-08,2405867,2408490.02458953
2023-09-09,1986960,1975556.4398942264
2023-09-10,2584116,2525282.458959928
2023-09-11,2402206,2418449.751137235
2023-09-12,1991959,1963764.3256039112
2023-09-13,2113134,2141966.9350257977
2023-09-14,2594681,2559337.7070060414
2023-09-15,2583450,2581938.4528632597
2023-09-16,1978051,2052459.12343785
2023-09-17,2648872,2542412.3312644707
2023-09-18,2495564,2419267.598852301
2023-09-19,1992774,2070982.0016941677
2023-09-20,2207680,2128872.760657203
2023-09-21,2651017,2551440.521843046
2023-09-22,2684773,2639580.976155924
2023-09-23,2065137,2107585.982978789
2023-09-24,2673136,2606327.765442066
2023-09-25,2543611,2462656.6800010623
2023-09-26,2058961,2040905.2711683344
2023-09-27,2138667,1921876.3336862964
2023-09-28,2616213,2260067.6679477794
2023-09-29,2602713,2466558.903548045
2023-09-30,2140656,2173259.0014026356
2023-10-01,2682443,2671580.2082307907
2023-10-02,2473560,2471543.705449424
2023-10-03,2001087,2130861.9597887625
2023-10-04,2213969,2361676.640819509
2023-10-05,2697601,2780761.40868767
2023-10-06,2762717,2855750.740375441
2023-10-07,2232660,2311147.3090074244
2023-10-08,2690153,2770813.50833043
2023-10-09,2681432,2646385.3872915343
2023-10-10,2293858,2319200.060460006
2023-10-11,2372544,2404308.329264689
2023-10-12,2717399,2732683.277391707
2023-10-13,2673246,2718127.3395304033
2023-10-14,2226278,2288047.68356634
2023-10-15,2797326,2774212.391251982
2023-10-16,2627942,2573571.096317036
2023-10-17,2213819,2244177.371318302
2023-10-18,2333408,2360330.864040679
2023-10-19,2695224,2714295.813064453
2023-10-20,2672262,2648982.7013591505
2023-10-21,2161735,2240042.1806454957
2023-10-22,2770224,2693334.997785797
2023-10-23,2607835,2594821.0698865876
2023-10-24,2138741,2208434.754252901
2023-10-25,2251047,2285866.8906542617
2023-10-26,2630523,2562976.8907166636
2023-10-27,2615422,2572064.8379206667
2023-10-28,2015907,2038136.3620307907
2023-10-29,2520086,2501099.5116572864
2023-10-30,2292796,2143795.785653048
2023-10-31,1665839,2218197.246520344
2023-11-01,2157473,2072922.5087695522
2023-11-02,2415581,2472724.402307053
2023-11-03,2502391,2477773.7955732024
2023-11-04,2045614,2092003.0737404507
2023-11-05,2669284,2595198.764529037
2023-11-06,2491545,2343655.3825262804
2023-11-07,2019225,2044440.321572273
2023-11-08,2209479,2135935.5516317347
2023-11-09,2658959,2421326.380226908
2023-11-10,2591818,2570640.7029958717
2023-11-11,2025517,2169104.4920360656
2023-11-12,2683745,2680302.122822271
2023-11-13,2533300,2477654.687125082
2023-11-14,2035761,2098082.2939449945
2023-11-15,2224646,2269790.5869115796
2023-11-16,2550045,2582876.9919962087
2023-11-17,2692471,2705692.678083441
2023-11-18,2379699,2431929.7443966526
2023-11-19,2608680,2627433.052208471
2023-11-20,2532525,2419288.9843525356
2023-11-21,2647461,2608685.4123486127
2023-11-22,2741610,2725901.5241984623
2023-11-23,1547419,1578572.980970871
2023-11-24,2199057,2188934.2878504638
2023-11-25,2605387,2578580.367192438
2023-11-26,2908785,2927740.029814667
2023-11-27,2633263,2651715.9237015396
2023-11-28,2171943,2158634.63615295
2023-11-29,1948492,2091611.1011058614
2023-11-30,2276703,2315187.0315292603
2023-12-01,2308362,2333251.503714825
2023-12-02,1864999,1952184.9010480843
2023-12-03,2321965,2450958.84645697
2023-12-04,2266792,2294801.2086014734
2023-12-05,1834118,1873609.3244180987
2023-12-06,1998620,1999427.2238522538
2023-12-07,2385629,2360695.1060949764
2023-12-08,2431077,2440228.8244566293
2023-12-09,1975896,1998182.49882477
2023-12-10,2419762,2427155.346186552
2023-12-11,2313610,2297188.082657041
2023-12-12,1954074,1918126.157945387
2023-12-13,2129193,2115559.4718770613
2023-12-14,2502604,2443523.2407297506
2023-12-15,2622770,2611935.202094503
2023-12-16,2252933,2379810.976434943
2023-12-17,2495579,2500519.6535476134
2023-12-18,2366275,2405173.2949760826
2023-12-19,2291458,2348214.0444582235
2023-12-20,2514171,2562002.4770644535
2023-12-21,2650811,2487884.4602451413
2023-12-22,2775193,2212416.263383754
2023-12-23,2606577,1991495.5642859363
2023-12-24,1972309,2040218.3133183047
2023-12-25,2028266,2523320.225344937
2023-12-26,2665034,2443758.959178898
2023-12-27,2663517,2461298.662833063
2023-12-28,2633264,2539509.798770054
2023-12-29,2636605,2805255.83096629
2023-12-30,2563962,2240662.3356188815
2023-12-31,2116715,2343684.615810889
2024-01-01,2303507,2727302.412614974
2024-01-02,2555447,2556016.4759926507
2024-01-03,2418600,2287712.507470151
2024-01-04,2281402,2346426.899115667
2024-01-05,2279609,2343598.1759458045
2024-01-06,2198958,2190476.984776169
2024-01-07,2380127,2492194.4733143
2024-01-08,2193524,2252451.5146065406
2024-01-09,1774066,1906730.5477929064
2024-01-10,1934765,1934885.9274002658
2024-01-11,2300884,2433006.40238625
2024-01-12,2326842,2549791.207853268
2024-01-13,1914063,1961904.1302982655
2024-01-14,2116540,2187298.133933859
2024-01-15,2214409,2402516.3175699892
2024-01-16,1864219,1912826.8313471046
2024-01-17,1857915,1767272.871886454
2024-01-18,2104712,2100656.549579388
2024-01-19,2094212,2194442.6953942305
2024-01-20,1753693,1741287.2076069764
2024-01-21,2243155,2236649.4941394757
2024-01-22,2053656,2058198.3300507981
2024-01-23,1610765,1643205.4851025376
2024-01-24,1815119,1757273.5271867695
2024-01-25,2232670,2189442.8501172895
2024-01-26,2278406,2217526.899619447
2024-01-27,1772563,1741602.391405534
2024-01-28,2261245,2263091.650149077
2024-01-29,2077644,2041764.85952583
2024-01-30,1617523,1629185.679390791
2024-01-31,1817011,1711711.3848211118
2024-02-01,2203945,2184004.2215580516
2024-02-02,2208138,2253180.962018816
2024-02-03,1752024,1787372.9745012592
2024-02-04,2281882,2353000.444614526
2024-02-05,2160140,2175208.9553656722
2024-02-06,1695022,1732066.3668042931
2024-02-07,1880126,1911914.8246000381
2024-02-08,2305984,2278880.1534746783
2024-02-09,2369929,2378423.833748669
2024-02-10,1883035,1907457.4930476444
2024-02-11,2196980,2225448.7259086203
2024-02-12,2283725,2183206.7925987695
2024-02-13,1754659,1770676.9433364884
2024-02-14,2021114,2133545.2651040144
2024-02-15,2515629,2457808.0465652086
2024-02-16,2615463,2637642.6243835017
2024-02-17,2159328,2168887.5424206825
2024-02-18,2474646,2435386.3209920703
2024-02-19,2606125,2611852.4727434563
2024-02-20,2206877,2219478.5769011076
2024-02-21,2162956,2102792.729514416
2024-02-22,2513429,2452567.8220741875
2024-02-23,2555082,2563849.7579611777
2024-02-24,2106561,2177012.722676453
2024-02-25,2561682,2536888.5879960726
2024-02-26,2405209,2361554.853135096
2024-02-27,1935225,2000584.7354180566
2024-02-28,2140789,2181244.0776120294
2024-02-29,2551534,2438712.0361340856
2024-03-01,2602686,2506417.5661943466
2024-03-02,2132092,2163580.352882793
2024-03-03,2566870,2573239.8013098277
2024-03-04,2405790,2404232.5503737098
2024-03-05,1983750,2023919.969697682
2024-03-06,2211599,2261887.6391057875
2024-03-07,2578074,2564844.1810266967
2024-03-08,2720377,2709696.3438360966
2024-03-09,2342497,2403453.9256414203
2024-03-10,2719857,2673561.4985797163
2024-03-11,2563158,2522966.885052445
2024-03-12,2199126,2138082.455465062
2024-03-13,2388007,2422767.031755336
2024-03-14,2568962,2636464.3227599384
2024-03-15,2722855,2660330.887536636
2024-03-16,2410078,2411816.991904437
2024-03-17,2734318,2768784.2750178515
2024-03-18,2582796,2557226.820923075
2024-03-19,2205546,2158472.23155968
2024-03-20,2413710,2335535.2598319952
2024-03-21,2690138,2612817.3575375574
2024-03-22,2732493,2690427.7552690892
2024-03-23,2422106,2372098.8665414313
2024-03-24,2755433,2722923.8039009203
2024-03-25,2607498,2584127.1789641343
2024-03-26,2243576,2216234.149856615
2024-03-27,2462360,2407219.5373353167
2024-03-28,2786223,2716786.5759605938
2024-03-29,2693787,2781040.0302526196
2024-03-30,2320632,2464788.9882266824
2024-03-31,2595625,2766037.148541445
2024-04-01,2658016,2595402.886710325
2024-04-02,2261390,2249344.284389983
2024-04-03,2266046,2386479.1202172283
2024-04-04,2640572,2710226.29370694
2024-04-05,2703180,2628094.5970625086
2024-04-06,2324739,2227621.7293888694
2024-04-07,2675829,2559842.5917052454
2024-04-08,2487391,2730589.4246035325
2024-04-09,2212961,2278314.924980565
2024-04-10,2316545,2303644.3055640147
2024-04-11,2641708,2674625.673149472
2024-04-12,2714741,2734648.18238166
2024-04-13,2180816,2298295.9521512548
2024-04-14,2689549,2688300.153768913
2024-04-15,2532672,2549858.209916124
2024-04-16,2148436,2111423.970908095
2024-04-17,2351694,2285869.060028536
2024-04-18,2695566,2662613.9117144137
2024-04-19,2722053,2713445.473035152
2024-04-20,2221738,2153133.5582611556
2024-04-21,2756922,2703537.065471803
2024-04-22,2579973,2556321.7995610647
2024-04-23,2144330,2133604.979345089
2024-04-24,2308366,2318429.390263601
2024-04-25,2686172,2678178.3606547685
2024-04-26,2675321,2661244.3176700715
2024-04-27,2138255,2147717.281431798
2024-04-28,2646469,2672656.3044659575
2024-04-29,2506141,2578831.9586717114
2024-04-30,2151933,2112522.5902369116
2024-05-01,2358798,2295340.1535475883
2024-05-02,2648857,2666636.9148216303
2024-05-03,2675921,2663396.5632882523
2024-05-04,2175786,2170756.690791066
2024-05-05,2717249,2751747.372718396
2024-05-06,2647929,2628517.2446697135
2024-05-07,2244683,2225771.227347869
2024-05-08,2452419,2409147.5858768644
2024-05-09,2797162,2769262.8739853823
2024-05-10,2789715,2782644.4784537824
2024-05-11,2295451,2258442.9149012626
2024-05-12,2677001,2687244.899182688
2024-05-13,2717876,2786568.6427700394
2024-05-14,2343094,2328821.8714633947
2024-05-15,2463627,2478296.1497612875
2024-05-16,2807609,2824139.859133886
2024-05-17,2855596,2837108.5745133967
2024-05-18,2365492,2365916.2631653245
2024-05-19,2843144,2853419.1797437794
2024-05-20,2751841,2767110.3282398614
2024-05-21,2442301,2428071.388797155
2024-05-22,2591593,2602172.290353613
2024-05-23,2897421,2853497.9365458256
2024-05-24,2951859,2936233.638626485
2024-05-25,2429201,2360895.1945682843
2024-05-26,2413165,2423445.153225423
2024-05-27,2771700,2788928.9516585944
2024-05-28,2555425,2525111.6013530474
2024-05-29,2446571,2432208.5768467626
2024-05-30,2653600,2672533.7825991362
2024-05-31,2775176,2731614.3085041125
2024-06-01,2415153,2399390.4288195902
2024-06-02,2822822,2867270.1105931727
2024-06-03,2719030,2761299.3848229684
2024-06-04,2397066,2407192.2016635877
2024-06-05,2551287,2536259.714384823
2024-06-06,2829183,2845018.9231668413
2024-06-07,2842268,2880341.615400249
2024-06-08,2499204,2492596.984585995
2024-06-09,2915830,2928445.393875057
2024-06-10,2815125,2826703.680968362
2024-06-11,2487316,2513435.6984821926
2024-06-12,2599257,2640554.773410254
2024-06-13,2859994,2931387.378865555
2024-06-14,2929467,2963995.4358165786
2024-06-15,2617341,2587210.0838305335
2024-06-16,2858844,2802970.882073845
2024-06-17,2790851,2916834.154162167
2024-06-18,2537934,2590921.8049894148
2024-06-19,2686866,2638583.536583825
2024-06-20,2833516,2891353.6246482674
2024-06-21,2873390,2922879.294290648
2024-06-22,2624783,2585126.5407441156
2024-06-23,2996495,2912679.892086758
2024-06-24,2944001,2827481.3152927323
2024-06-25,2612478,2535023.4722624826
2024-06-26,2722125,2707014.6698572068
2024-06-27,2921687,2942014.6273514773
2024-06-28,2938292,3083650.58792149
2024-06-29,2648476,2760254.7192735625
2024-06-30,2835019,2683849.9075864027
2024-07-01,2754690,2438456.4183472805
2024-07-02,2537986,2168346.824184533
2024-07-03,2786534,2746750.7181836236
2024-07-04,2222431,2812484.3341589067
2024-07-05,2431240,2774947.9866651087
2024-07-06,2617154,2620143.711534477
2024-07-07,3013622,2863823.892169586
2024-07-08,2785721,2919632.030847452
2024-07-09,2580105,2546491.6129636015
2024-07-10,2627735,2586193.40695217
2024-07-11,2839251,2855167.579962917
2024-07-12,2829067,2909382.975566866
2024-07-13,2583704,2661425.9526456064
2024-07-14,2937845,2926203.410381064
2024-07-15,2860799,2911449.4518752787
2024-07-16,2536991,2546316.1729563125
2024-07-17,2641325,2640176.0741965123
2024-07-18,2957170,2876499.476998621
2024-07-19,2716304,2927601.694075579
2024-07-20,2606097,2604040.5282724896
2024-07-21,2909267,2934225.3268651795
2024-07-22,2864584,2809559.7123373924
2024-07-23,2603647,2464432.709867225
2024-07-24,2718954,2636260.8427409986
2024-07-25,2924478,2871005.2001828365
2024-07-26,2877017,2939816.308391521
2024-07-27,2582953,2604740.1434672363
2024-07-28,2922306,2984649.7408683877
2024-07-29,2795317,2857858.189554898
2024-07-30,2437121,2505099.8617471633
2024-07-31,2618705,2551247.5244054226
2024-08-01,2871907,2803157.629640171
2024-08-02,2803445,2823755.223012069
2024-08-03,2555713,2528443.349188835
2024-08-04,2800099,2890459.417325672
2024-08-05,2701321,2735677.762772672
2024-08-06,2413736,2509566.086578974
2024-08-07,2555693,2520496.15339623
2024-08-08,2808911,2774349.8416897524
2024-08-09,2756793,2762749.1681691594
2024-08-10,2475459,2423170.770969508
2024-08-11,2850074,2802641.0674429424
2024-08-12,2705415,2671218.2693557004
2024-08-13,2266346,2381997.8415315365
2024-08-14,2380580,2412402.1247524526
2024-08-15,2732713,2718390.1553992117
2024-08-16,2748819,2717540.665561697
2024-08-17,2344279,2357476.7673105844
2024-08-18,2796821,2646008.018926399
2024-08-19,2686909,2610753.080898382
2024-08-20,2252171,2211451.9669401543
2024-08-21,2310258,2300677.909747534
2024-08-22,2654402,2660447.7733118385
2024-08-23,2660166,2670652.6363976966
2024-08-24,2185822,2197639.082123172
2024-08-25,2702492,2707507.8611183246
2024-08-26,2463227,2498203.8975700317
2024-08-27,1980342,2001410.80976792
2024-08-28,2221120,2133072.0005671824
2024-08-29,2746266,2787755.9715339476
2024-08-30,2913547,2915437.65747726
2024-08-31,2163592,2222693.4090383155
2024-09-01,2219496,2207676.5676610065
2024-09-02,2748226,2803846.673605388
2024-09-03,2272637,2374005.7415416143
2024-09-04,1965339,2071798.7522515068
2024-09-05,2277401,2379671.708417025
2024-09-06,2404754,2492024.2166179353
2024-09-07,1944006,2043547.3418900524
2024-09-08,2635080,2638907.9372913414
2024-09-09,2447809,2440011.3168982374
2024-09-10,1947530,2018142.6642896265
2024-09-11,1999757,2130235.6560724876
2024-09-12,2630964,2592794.539670745
2024-09-13,2629323,2583347.5745854587
2024-09-14,2039797,1979121.6951919273
2024-09-15,2751418,2663054.50885534
2024-09-16,2568141,2511594.20809499
2024-09-17,2047363,2006948.0342356116
2024-09-18,2204592,2234366.1144148307
2024-09-19,2720369,2695882.5728400256
2024-09-20,2746884,2735179.715687535
2024-09-21,2113564,2106159.6211260688
2024-09-22,2834755,2727320.3100661347
2024-09-23,2624958,2602896.9769854336
2024-09-24,2063662,2108174.028853994
2024-09-25,2245707,2186113.092657556
2024-09-26,2550227,2693534.7722130143
2024-09-27,2584954,2664666.618489517
2024-09-28,2090971,2184340.7660060083
2024-09-29,2744939,2721912.018139023
2024-09-30,2544480,2546994.7579704216
2024-10-01,1999352,2047260.8010916703
2024-10-02,2151683,2193951.2908577695
2024-10-03,2640399,2637915.221008569
2024-10-04,2668729,2645915.397286506
2024-10-05,2107910,2096309.0133500115
2024-10-06,2830443,2655968.5524866604
2024-10-07,2650717,2666207.9206344606
2024-10-08,2092902,2269796.6632199045
2024-10-09,2104384,2323216.3447278915
2024-10-10,2515514,2628401.7862222223
2024-10-11,2840414,2569237.122041813
2024-10-12,2245955,2163479.8262831233
2024-10-13,2759322,2737470.60460103
2024-10-14,2753893,2553246.817270506
2024-10-15,2331229,2164167.5347578563
2024-10-16,2380635,2314692.013364467
2024-10-17,2790733,2710217.861609561
2024-10-18,2810221,2718140.3357372833
2024-10-19,2244829,2201287.5778092295
2024-10-20,2934025,2835055.8255884605
2024-10-21,2756016,2686929.845373128
2024-10-22,2162389,2209025.286563605
2024-10-23,2283293,2321799.818408962
2024-10-24,2734510,2720133.4466162445
2024-10-25,2757296,2712954.8932561893
2024-10-26,2138621,2091155.6117772611
2024-10-27,2797199,2622682.3891821043
2024-10-28,2571459,2404043.1946751773
2024-10-29,1956344,1759742.3968676156
2024-10-30,2160195,2318356.833028252
2024-10-31,2161429,2591635.878635919
2024-11-01,2565724,2642340.2769227587
2024-11-02,1997801,2153175.166349953
2024-11-03,2646807,2784632.282975039
2024-11-04,2403233,2567616.3611170435
2024-11-05,1910059,2046783.6655670432
2024-11-06,2106444,2189166.4808325125
2024-11-07,2597660,2618636.736041263
2024-11-08,2662635,2568232.0194739373
2024-11-09,2112678,2006100.0427426405
2024-11-10,2660472,2673369.5404048003
2024-11-11,2697567,2515933.7090550563
2024-11-12,2085620,2037877.875450227
2024-11-13,2088739,2234849.955710372
2024-11-14,2561968,2554342.8115553777
2024-11-15,2636505,2711338.4537180737
2024-11-16,1949769,2383001.563002804
2024-11-17,2663030,2547855.02090435
2024-11-18,2455375,2482266.6500858776
2024-11-19,1885832,2571821.602803232
2024-11-20,2070826,1871910.188540563
2024-11-21,2550762,1415275.7630567998
2024-11-22,2754798,2179627.4253464313
2024-11-23,2493313,2663216.8226875532
2024-11-24,2659301,3004271.0786660835
2024-11-25,2506373,2688562.756267582
2024-11-26,2694504,2207842.9053450283
2024-11-27,2726845,2086807.6863227647
2024-11-28,1551896,2600705.5897709923
2024-11-29,2377911,2411005.977721255
2024-11-30,2811101,1911754.6791489269
2024-12-01,3088836,2538765.160484778
2024-12-02,2829000,2583547.0298913037
2024-12-03,2283750,2153628.892935362
2024-12-04,2120703,2374255.9563760203
2024-12-05,2443620,2777278.6438260954
2024-12-06,2522641,2869612.18209592
2024-12-07,2012382,2323081.7076124456
2024-12-08,2603322,2738823.078431193
2024-12-09,2438070,2573366.753180095
2024-12-10,2013749,2143204.469888043
2024-12-11,2148651,2281660.7963814586
2024-12-12,2588225,2645319.129621828
2024-12-13,2655019,2797867.7259267825
2024-12-14,2146894,2397028.6989724417
2024-12-15,2599354,2605421.8314994313
2024-12-16,2401238,2367186.474097862
2024-12-17,2122028,1939858.9868553174
2024-12-18,2351328,2530468.003252369
2024-12-19,2651437,2641460.959169563
2024-12-20,2845856,2754978.4477548534
2024-12-21,2773545,2589982.372971272
2024-12-22,2800962,1982351.8784264768
2024-12-23,2758299,2127348.9600024526
2024-12-24,2068817,2901034.6497412827
2024-12-25,2039342,2845408.649716505
2024-12-26,2743795,2755597.535445407
2024-12-27,2848156,2769824.1885258267
2024-12-28,2741872,2710906.3406879543
2024-12-29,2805401,2245237.6375598526
2024-12-30,2765740,2507942.5016009924
2024-12-31,2172902,2312099.94339471
2025-01-01,2317817,2577055.1578705967
2025-01-02,2612162,2473002.7033088123
2025-01-03,2563751,2501112.2909133695
2025-01-04,2543303,2427144.9323566384
2025-01-05,2579257,2651893.7802171926
2025-01-06,2222167,2376303.2507373276
2025-01-07,1915448,1881006.1234797086
2025-01-08,1885768,2083602.9302444567
2025-01-09,2033464,2493402.2059887634
2025-01-10,2000526,2455892.330498083
2025-01-11,1858186,1817503.1826560954
2025-01-12,2322779,2273991.6064662687
2025-01-13,2063978,2217107.2754025985
2025-01-14,1651244,1841480.9239635929
2025-01-15,1844782,1797321.120227261
2025-01-16,2369562,2041457.626019763
2025-01-17,2526699,2077342.794666881
2025-01-18,1939355,1799622.751524624
2025-01-19,2113340,2327191.7535237614
2025-01-20,2467069,2093709.1125658802
2025-01-21,1758401,1690031.1505781454
2025-01-22,1710944,1939687.9507295177
2025-01-23,2158274,2373671.716010636
2025-01-24,2257772,2393345.794379299
2025-01-25,1785853,1832315.5207896759
2025-01-26,2302281,2318889.6438077604
2025-01-27,2088851,2141155.5094825802
2025-01-28,1599434,1640508.599220151
2025-01-29,1792651,1830161.7004354917
2025-01-30,2219044,2228548.8257433823
2025-01-31,2273071,2234457.2198427063
2025-02-01,1791123,1771406.6160952437
2025-02-02,2331440,2305499.946907968
2025-02-03,2102830,2187512.2013190044
2025-02-04,1649904,1701820.964716691
2025-02-05,1821551,1879413.547496758
2025-02-06,2211186,2302822.4206591113
2025-02-07,2338385,2355663.9119707034
2025-02-08,1828477,1864031.2880226374
2025-02-09,2186024,2162341.3664299864
2025-02-10,2323951,2240734.8475362076
2025-02-11,1753906,1729356.9865396607
2025-02-12,1990225,1997428.0876666254
2025-02-13,2563360,2489737.2627937915
2025-02-14,2626024,2603928.5179954087
2025-02-15,2160974,2151914.0941013913
2025-02-16,2394991,2471648.9224207555
2025-02-17,2721332,2592873.797210861
2025-02-18,2243788,2205007.8766005044
2025-02-19,2122519,2166913.2506969622
2025-02-20,2466484,2518014.0197866326
2025-02-21,2553110,2552242.7925277622
2025-02-22,2162478,2103939.684459036
2025-02-23,2594617,2568182.5767462244
2025-02-24,2399600,2422445.8884726474
2025-02-25,1917007,1939765.8437848086
2025-02-26,2124463,2140135.146370163
2025-02-27,2579759,2553865.699767794
2025-02-28,2630825,2611737.0629073847
2025-03-01,2158850,2142160.846356167
2025-03-02,2599903,2576413.0165998577
2025-03-03,2366161,2417446.8505752175
2025-03-04,1875355,1987747.924970318
2025-03-05,2136554,2202822.184331671
2025-03-06,2576928,2560563.2138792127
2025-03-07,2643053,2700233.076522264
2025-03-08,2281542,2314997.4162988225
2025-03-09,2663677,2674611.607232463
2025-03-10,2463857,2510392.817803279
2025-03-11,2027490,2147305.551377469
2025-03-12,2297329,2322448.1998750586
2025-03-13,2708449,2495522.7523042867
2025-03-14,2767748,2661800.125548089
2025-03-15,2487259,2366429.4172281907
2025-03-16,2789837,2700866.212743048
2025-03-17,2699013,2561501.5354660475
2025-03-18,2270253,2207900.826461518
2025-03-19,2408377,2445423.0266461507
2025-03-20,2768538,2736549.9061732474
2025-03-21,2771173,2775274.620379711
2025-03-22,2501942,2462081.845508327
2025-03-23,2832539,2776355.52459051
2025-03-24,2617185,2624424.098935187
2025-03-25,2153871,2240267.4887114265
2025-03-26,2339528,2429039.59125717
2025-03-27,2703280,2647991.625773969
2025-03-28,2715766,2726149.5908722216
2025-03-29,2348454,2412893.367266983
2025-03-30,2700604,2701703.5208451897
2025-03-31,2555126,2552333.1326629985
2025-04-01,2181917,2159262.37516384
2025-04-02,2179265,2360527.8892394025
2025-04-03,2619950,2641576.5576120717
2025-04-04,2657802,2701781.1808185014
2025-04-05,2240401,2275898.227730166
2025-04-06,2735362,2676068.6024898286
2025-04-07,2532641,2507360.7879686207
2025-04-08,2087676,2117390.5296462234
2025-04-09,2302933,2292942.7109458363
2025-04-10,2720572,2610518.8326785937
2025-04-11,2743057,2696230.283242472
2025-04-12,2271278,2171581.366954709
2025-04-13,2747565,2699563.039537759
2025-04-14,2565091,2540747.576103307
2025-04-15,2114573,2156977.466842108
2025-04-16,2359864,2371104.0744984187
2025-04-17,2821542,2722969.491575819
2025-04-18,2658132,2757704.471990215
2025-04-19,2156119,2243468.38744811
2025-04-20,2591393,2766171.665451918
2025-04-21,2783476,2563769.6295995554
2025-04-22,2266040,2147273.08076076
2025-04-23,2343680,2333621.572771106
2025-04-24,2757877,2719932.3554995074
2025-04-25,2766258,2703755.1840063524
2025-04-26,2203462,2173652.0690892707
2025-04-27,2829787,2704304.4130886258
2025-04-28,2601001,2593990.321934896
2025-04-29,2067463,2220515.6358585237
2025-04-30,2300084,2411558.546122127
2025-05-01,2744098,2696341.761961121
2025-05-02,2659193,2725471.0845739543
2025-05-03,2102342,2208881.9090091707
2025-05-04,2762463,2742082.978949617
2025-05-05,2588956,2664265.1329859328
2025-05-06,2106907,2240323.5414931444
2025-05-07,2288927,2435374.430412355
2025-05-08,2730456,2761139.5132693695
2025-05-09,2711847,2734771.751479101
2025-05-10,2125020,2242072.7626408455
2025-05-11,2646042,2597674.8420157665
2025-05-12,2657759,2624728.144248699
2025-05-13,2131356,2259311.020072312
2025-05-14,2366860,2365754.4866286446
2025-05-15,2847916,2702201.360869957
2025-05-16,2834508,2756975.0863863714
2025-05-17,2311326,2288239.269136341
2025-05-18,2929839,2764620.1160911336
2025-05-19,2793452,2687538.679952606
2025-05-20,2321388,2395960.337404633
2025-05-21,2510246,2553021.402041777
2025-05-22,2960413,2858975.5801806664
2025-05-23,3010183,2918079.5829348364
2025-05-24,2389262,2410420.29822319
2025-05-25,2456295,2399442.5927099474
2025-05-26,2863596,2754730.5966755114
2025-05-27,2509320,2547590.2095078896
2025-05-28,2325817,2450642.0989542017
2025-05-29,2626367,2652919.685457279
2025-05-30,2698137,2764509.3575255233
2025-05-31,2352801,2393983.220874343
2025-06-01,2825055,2795415.298695758
2025-06-02,2642700,2686299.202661911
2025-06-03,2213336,2351994.11879305
2025-06-04,2364375,2487700.225496657
2025-06-05,2798927,2749428.2567047616
2025-06-06,2766521,2759725.7607847424
2025-06-07,2395746,2423982.621500987
2025-06-08,2927145,2822031.624292682
2025-06-09,2833198,2724389.0281598493
2025-06-10,2363770,2413449.9233072195
2025-06-11,2504337,2526522.6101743584
2025-06-12,2887798,2790639.466819768
2025-06-13,2871959,2865444.9293314302
2025-06-14,2517202,2562378.178146938
2025-06-15,2888821,2798753.080149672
2025-06-16,2844254,2734577.3857980575
2025-06-17,2455696,2492751.8426605677
2025-06-18,2705355,2646312.4085494694
2025-06-19,2980935,2807845.055649573
2025-06-20,2891240,2863151.0123970374
2025-06-21,2614464,2623885.031556876
2025-06-22,3096797,3007828.2097562123
2025-06-23,2953905,2963597.7836569147
2025-06-24,2508733,2625842.5959041663
2025-06-25,2620696,2734881.0725373235
2025-06-26,2931282,2923348.2149636517
2025-06-27,2988614,2926190.7056862176
2025-06-28,2624407,2642686.1717114868
2025-06-29,2959224,2829531.490021737
2025-06-30,2780012,2754297.3522561947
2025-07-01,2402675,2538366.911045607
2025-07-02,2718537,2781975.731936331
2025-07-03,2923234,2219711.067659063
2025-07-04,2162755,2514715.70380862
2025-07-05,2457591,2668381.915159317
2025-07-06,3041954,3053795.1760825645
2025-07-07,2917942,2812278.8091595946
2025-07-08,2488332,2616716.2393817217
2025-07-09,2554687,2669624.0041776104
2025-07-10,2873682,2884287.875730143
2025-07-11,2885953,2794916.094467656
2025-07-12,2589889,2584025.866511599
2025-07-13,3007773,2956339.4144427925
2025-07-14,2865292,2881202.991266922
2025-07-15,2557900,2543790.656990455
2025-07-16,2614183,2663214.404221302
2025-07-17,2998225,2987532.933521129
2025-07-18,2962082,2724166.19864682
2025-07-19,2603307,2643760.5671191737
2025-07-20,3043973,2954732.5609264076
2025-07-21,2886647,2917978.826516214
2025-07-22,2452271,2651072.2923673037
2025-07-23,2630151,2750185.7413877067
2025-07-24,2968866,2951636.2759992145
2025-07-25,2970569,2904299.925142595
2025-07-26,2670276,2594345.8450051304
2025-07-27,3017861,2946955.0473706187
2025-07-28,2929749,2815985.5042631007
2025-07-29,2438933,2467115.857408962
2025-07-30,2574917,2664762.2457819437
2025-07-31,2882829,2926205.44411462
2025-08-01,2999166,2852781.4199982253
2025-08-02,2640741,2608220.457707511
2025-08-03,2983755,2859891.514409465
2025-08-04,2855684,2768556.9102015356
2025-08-05,2364019,2478826.1591124013
2025-08-06,2447464,2621945.3932550154
2025-08-07,2893814,2874363.182824014
2025-08-08,2854458,2828831.9035776854
2025-08-09,2462226,2532421.905791647
2025-08-10,2960755,2902647.8896146705
2025-08-11,2763999,2749014.2107362766
2025-08-12,2256579,2293902.8954165457
2025-08-13,2331562,2412825.6690869853
2025-08-14,2835968,2774985.0447862237
2025-08-15,2796277,2795604.7140849815
2025-08-16,2360294,2377145.9552774634
2025-08-17,2907660,2837346.526669574
2025-08-18,2705168,2724296.7787587107
2025-08-19,2187411,2277567.258501911
2025-08-20,2294086,2330594.1352204774
2025-08-21,2731931,2683463.0162341343
2025-08-22,2667258,2687103.708465864
2025-08-23,2185460,2203202.980886051
2025-08-24,2786648,2722575.456489605
2025-08-25,2506611,2479116.600240616
2025-08-26,1950994,1994905.6937594167
2025-08-27,2229905,2239744.8145547584
2025-08-28,2833316,2773773.2948938506
2025-08-29,2971455,2942960.0596701107
2025-08-30,2223191,2189032.7223314103
2025-08-31,2343216,2252454.803264763
2025-09-01,2836013,2796421.566047788
2025-09-02,2276201,2316945.129420497
2025-09-03,1965954,2008136.5188037688
2025-09-04,2305882,2326640.1487442665
2025-09-05,2427350,2451457.054539079
2025-09-06,1923040,1980196.2800620422
2025-09-07,2673762,2674056.8555364646
2025-09-08,2456693,2473675.104075471
2025-09-09,1896803,1962308.4884630265
2025-09-10,2107833,2009242.6250090783
2025-09-11,2610925,2659865.1120989313
2025-09-12,2669713,2650708.9010790735
2025-09-13,2020113,2057287.5547739854
2025-09-14,2810804,2772741.865953004
2025-09-15,2590221,2587497.7754297024
2025-09-16,2004769,2062544.145953787
2025-09-17,2219220,2220779.14337969
2025-09-18,2788191,2728797.329392238
2025-09-19,2788902,2764549.637008828
2025-09-20,2140805,2127455.709614258
2025-09-21,2848945,2860997.348113383
2025-09-22,2598440,2644582.505228588
2025-09-23,1975026,2074798.366760462
2025-09-24,2165846,2252258.510635821
2025-09-25,2739357,2541961.4925749055
2025-09-26,2741844,2593677.740680357
2025-09-27,2083134,2109211.6863142014
2025-09-28,2843311,2765049.1451323493
2025-09-29,2577248,2571312.9852939514
2025-09-30,2005123,2024916.6454704453
2025-10-01,2199312,2189628.0419500633
2025-10-02,2673111,2702131.9834918827
2025-10-03,2697756,2714979.55609732
2025-10-04,2091602,2134457.46192149
2025-10-05,2901606,2863582.4320764965
2025-10-06,2686873,2680453.959764345
2025-10-07,2104449,2117771.4845263
2025-10-08,2417075,2132453.881284424
2025-10-09,2975982,2590186.4610139467
2025-10-10,3017612,2977475.9323793887
2025-10-11,2381106,2365168.8485037754
2025-10-12,2951273,2927595.2296861038
2025-10-13,2874884,2935516.8354605604
2025-10-14,2413133,2493345.310450665
2025-10-15,2438918,2554653.1881333925
2025-10-16,2901650,2962730.661219633
2025-10-17,2878950,2947945.9287858102
2025-10-18,2268485,2347701.012413035
2025-10-19,2988255,3056297.2642650437
2025-10-20,2794820,2857338.5983406827
2025-10-21,2141971,2235916.5311772395
2025-10-22,2278249,2350626.7436070265
2025-10-23,2780271,2798063.5609667185
2025-10-24,2773635,2804023.1424873816
2025-10-25,2126979,2168165.011016654
2025-10-26,2859222,2827101.1292439583
2025-10-27,2636402,2596782.46175083
2025-10-28,1945466,1976726.457950809
2025-10-29,2087383,2181282.328638099
2025-10-30,2532054,2173062.5224899594
2025-10-31,2280607,2624848.557234144
2025-11-01,2029708,2015352.5236720685
2025-11-02,2678442,2675683.031683242
2025-11-03,2492532,2426778.3923544367
2025-11-04,2015706,1931985.65973573
2025-11-05,2162311,2145941.3629533625
2025-11-06,2704209,2662761.571523784
2025-11-07,2645578,2698727.0664828513
2025-11-08,2080116,2161207.6047847723
2025-11-09,2631788,2713168.5836346503
2025-11-10,2488335,2743081.3655097596
2025-11-11,2054768,2093230.9286387074
2025-11-12,1996069,2082282.3179253258
2025-11-13,2434496,2536501.550402599
2025-11-14,2456308,2573493.094855313
2025-11-15,1902157,1894040.7484334186
2025-11-16,2604321,2581999.1471678657
2025-11-17,2349327,2376007.464595222
2025-11-18,1816617,1827105.4726789335
2025-11-19,2073637,1997361.9146060133
2025-11-20,2493511,2469497.116367459
2025-11-21,2792495,2669648.2829990233
2025-11-22,2482593,2436489.9444196885
2025-11-23,2617142,2604402.1644405094
2025-11-24,2563877,2455754.6384828463
2025-11-25,2675261,2663403.3410422914
2025-11-26,2753036,2703377.7084771674
2025-11-27,1559165,1541822.7899460797
2025-11-28,2392036,2371702.6700399667
2025-11-29,2696816,2806960.9578941525
2025-11-30,3134613,3072605.72743334
2025-12-01,2893451,2824800.1133675147
2025-12-02,2233828,2284092.082183102
2025-12-03,2125688,2118909.276590946
2025-12-04,2437542,2439967.7824685248
2025-12-05,2456311,2518449.48124081
2025-12-06,1987785,2001003.663945838
2025-12-07,2597892,2594959.8007489513
2025-12-08,2470751,2427250.39771241
2025-12-09,1977202,2002578.6625794687
2025-12-10,2160994,2136881.487269163
2025-12-11,2584914,2574613.5517459894
2025-12-12,2651654,2640958.2990966584
2025-12-13,2157148,2140126.568419107
2025-12-14,2586427,2598215.6448761327
2025-12-15,2503757,2398354.3952567256
2025-12-16,2047653,2126307.454161904
2025-12-17,2271960,2148903.7573496606
2025-12-18,2637016,2639630.7728420906
2025-12-19,2824905,2831874.8422042066
2025-12-20,2748731,2759662.2030429672
2025-12-21,2769228,2783602.205332513
2025-12-22,2795090,2738938.105875414
2025-12-23,2822653,2048652.8513086485
2025-12-24,2236205,2114606.7253901283
2025-12-25,2066118,2884480.815622163
2025-12-26,2716278,2912815.45473155
2025-12-27,2804814,2791117.056565451
2025-12-28,2924593,2865372.7469243812
2025-12-29,2811757,2841966.4711459745
2025-12-30,2827572,2232039.678782905
2025-12-31,2291360,2490591.7811830956
2026-01-01,2334465,2652508.5950923385
2026-01-02,2578209,2630374.396145073
2026-01-03,2604749,2622488.57982177
2026-01-04,2817509,2661985.1439123666
2026-01-05,2508517,2309496.3962336765
2026-01-06,1941589,2016215.7425542353
2026-01-07,1900237,1918071.3870024316
2026-01-08,2151117,2075162.5872869445
2026-01-09,2206079,2087291.6482675262
2026-01-10,1971751,1962458.2798616197
2026-01-11,2411470,2463308.8462726213
2026-01-12,2140851,2178242.5016444195
2026-01-13,1688866,1729462.2778263676
2026-01-14,1903860,1920888.6515850904
2026-01-15,2460511,2477690.2075053863
2026-01-16,2608430,2646567.9511910696
2026-01-17,2002239,2019976.3949619564
2026-01-18,2231469,2196000.5976545014
2026-01-19,2556438,2565373.5052211774
2026-01-20,1952569,1824228.5665114825
2026-01-21,1802833,1793057.9105451808
2026-01-22,2235021,2268685.972907431
2026-01-23,2243481,2371423.601224955
2026-01-24,1616945,1864465.4685118163
2026-01-25,1313323,2367513.108641937
2026-01-26,1830079,2029449.2522723607
2026-01-27,1765468,1523728.2935334777
2026-01-28,1879610,1710329.8322545667
2026-01-29,2235355,2116985.649928729
2026-01-30,2238006,2160810.312551623
2026-01-31,1729865,1699012.268831135
2026-02-01,2303445,2220731.195710751
2026-02-02,2150084,2080938.6030650302
2026-02-03,1666150,1654582.711614261
2026-02-04,1839311,1806243.3337887328
2026-02-05,2324236,2182215.9685502974
2026-02-06,2351379,2318163.8231496164
2026-02-07,1873708,1816771.2662287038
2026-02-08,2274639,2190513.768262113
2026-02-09,2386224,2367374.7655534386
2026-02-10,1852752,1793989.5056314818
2026-02-11,2074130,2041943.9247273002
2026-02-12,2701700,2637279.846701689
2026-02-13,2759407,2705504.3424144285
2026-02-14,2186932,2239033.510585576
2026-02-15,2536292,2481440.862028483
2026-02-16,2766705,2829057.4130800576
2026-02-17,2247910,2330175.142301522
2026-02-18,2229730,2193066.6884715743
2026-02-19,2644354,2552890.7409962476
2026-02-20,2650675,2648193.1846301565
2026-02-21,2284819,2242252.949722469
2026-02-22,2475455,2703135.266699681
2026-02-23,1996320,2471395.4156601937
2026-02-24,1958051,1932140.6084214977
2026-02-25,2258729,2143239.5207833205
2026-02-26,2647330,2606956.1634467365
2026-02-27,2625251,2645515.380735092
2026-02-28,2190541,2159963.8781855283
2026-03-01,2687408,2591303.5757892216
2026-03-02,2432452,2374321.363672778
2026-03-03,1910452,1916499.471394241
2026-03-04,2133462,2183795.778916796
2026-03-05,2615896,2615090.4797499427
2026-03-06,2696932,2675711.7771118646
2026-03-07,2338542,2313484.4504492367
2026-03-08,2781523,2701414.246029635
2026-03-09,2563627,2506739.0493066027
2026-03-10,2056174,2075697.4293311604
2026-03-11,2372082,2350560.916696083
2026-03-12,2788748,2777678.4936149362
2026-03-13,2854704,2842465.4463403695
2026-03-14,2568085,2559037.8272356587
2026-03-15,2765657,2873536.6968236114
2026-03-16,2474964,2763871.789521756
2026-03-17,2424806,2292470.956318951
2026-03-18,2573056,2446979.418797481
2026-03-19,2817785,2826959.3418962494
2026-03-20,2766291,2826782.9321361235
2026-03-21,2498514,2543055.619668822
2026-03-22,2865969,2868311.526496559
2026-03-23,2641500,2653089.8114966224
2026-03-24,2193195,2200200.100295057
2026-03-25,2379710,2379267.894191996
2026-03-26,2723798,2735307.6225618105
2026-03-27,2744893,2743872.247111197
2026-03-28,2426467,2374266.966037157
2026-03-29,2758600,2739010.316044734
2026-03-30,2533621,2595683.90439264
2026-03-31,2154213,2217032.3650883683
2026-04-01,2360739,2203673.0039131558
2026-04-02,2710611,2666349.6932477644
2026-04-03,2659561,2712656.3564839778
2026-04-04,2274101,2284682.815948357
2026-04-05,2561932,2785932.2083428395
2026-04-06,2705640,2554740.587389268
2026-04-07,2207180,2123846.4965367937
2026-04-08,2278770,2360033.657221313
2026-04-09,2691308,2762458.7090510298
2026-04-10,2688395,2772477.826895679
2026-04-11,2269365,2289555.862102693
2026-04-12,2822290,2763283.546222583
2026-04-13,2606811,2601712.226993593
2026-04-14,2044781,2135848.1718978165
2026-04-15,2251197,2362632.9545065514
2026-04-16,2738409,2655944.9971322594
2026-04-17,2705217,2676935.6060007103
2026-04-18,2069600,2245059.8991301693
2026-04-19,2796984,2721957.63399936
2026-04-20,2571543,2557224.4803159684
2026-04-21,2055863,2068795.0888305875
2026-04-22,2302381,2243387.9192222627
2026-04-23,2740418,2676531.1584720295
2026-04-24,2704682,2652059.66389093
2026-04-25,2093949,2138842.5724577163
2026-04-26,2768606,2639227.9828232545
2026-04-27,2539040,2532483.7672230457
2026-04-28,2020266,2053895.4571915087
2026-04-29,2264608,2271937.638733076
2026-04-30,2748380,2680798.6566979135
2026-05-01,2643938,2601863.1704377765
2026-05-02,2042664,2059010.4417567994
2026-05-03,2741375,2711803.8093700577
2026-05-04,2540806,2539212.0424101376
2026-05-05,2040845,2070477.9312392601
2026-05-06,2251410,2251051.7625219095
2026-05-07,2701890,2685113.5860679364
2026-05-08,2569907,2663506.0972843003
2026-05-09,2088463,2076345.6449383528
2026-05-10,2587640,2590330.9586103177
2026-05-11,2661314,2598208.185568845
2026-05-12,2143904,2088886.1139530172
2026-05-13,2399389,2329581.6712552407
2026-05-14,2858330,2813106.5954534602
2026-05-15,2796834,2803727.127715128
2026-05-16,2260950,2294170.9431760563
2026-05-17,2887942,2907326.685729998
2026-05-18,2782578,2773537.9313137373
2026-05-19,2313392,2304565.208702388
2026-05-20,2557265,2491630.93939885
2026-05-21,2955843,2942430.0075447336
2026-05-22,2976209,2991115.218389962
2026-05-23,2380377,2377024.430298708
2026-05-24,2418371,2448665.11970915
2026-05-25,2818586,2854872.743459392
2026-05-26,2507199,2497850.6130021987
2026-05-27,2374930,2315356.2391641075
2026-05-28,2661047,2615620.3611994097
2026-05-29,2689872,2691435.772559111
2026-05-30,2307047,2349355.6194588086
2026-05-31,2818994,2816958.0991113754
2026-06-01,2674187,2639191.054330758
2026-06-02,2218178,2216951.021216165
2026-06-03,2400663,2369235.4938319502
2026-06-04,2773608,2802944.821542397
2026-06-05,2710489,2764257.4607260893
2026-06-06,2359070,2389424.537657858
2026-06-07,2865564,2919697.913828278
2026-06-08,2764691,2820623.1159526124
2026-06-09,2360445,2344856.0125512993
2026-06-10,2517148,2483427.2620393652
2026-06-11,2809243,2859787.58583805
2026-06-12,2873210,2836359.0516199563
2026-06-13,2534457,2491055.5889576986
2026-06-14,2891326,2866659.395074985
2026-06-15,2849377,2828433.8297837926
2026-06-16,2482257,2447340.635089102
2026-06-17,2638190,2699804.2494574958
2026-06-18,2988204,2963536.847129144
2026-06-19,2881272,2883153.214143194
2026-06-20,2563971,2607307.0763328252
2026-06-21,2981485,3080484.9217962185
2026-06-22,2876770,2926698.084188609
2026-06-23,2571215,2479002.4280039584
2026-06-24,2656150,2594791.235090936
2026-06-25,2910453,2913363.6140204975
2026-06-26,2904610,2969198.0126605583
2026-06-27,2575625,2599474.784128778
2026-06-28,2930672,2929427.9695513365
2026-06-29,2690919,2758411.1184589574
2026-06-30,2477905,2380648.7666990897
2026-07-01,2654017,2696624.9246651293
2026-07-02,2901753,2889637.4519941034
2026-07-03,2572397,2137320.7040243354
2026-07-04,1882467,2490176.4683017298
2026-07-05,2914375,3005107.0716795586
2026-07-06,2898957,2873504.6775274724
2026-07-07,2583561,2457558.480484753
2026-07-08,2533297,2525597.2941312864
2026-07-09,2705781,2843485.354284376
2026-07-10,2787804,2838236.4779353216
2026-07-11,2502489,2492956.1159794694
2026-07-12,2916003,2949994.767076051
2026-07-13,2764785,2811797.14708645
2026-07-14,2443857,2503164.2098184396
2026-07-15,2601382,2533170.060170475
2026-07-16,2850229,2907690.362946081
2026-07-17,2834256,2872021.19071909
2026-07-18,2507667,2506808.21120407
2026-07-19,2939611,2945307.1998126907
2026-07-20,2856844,2792621.553552162
2026-07-21,2377339,2377796.7286113407
2026-07-22,2657138,2549175.151209714
2026-07-23,2903099,2883023.5527161066
2026-07-24,2870012,2894876.523952681
2026-07-25,2507361,2604552.5076893573
2026-07-26,2924624,2934723.5047475207
2026-07-27,2749024,2849932.8943585255
2026-07-28,2332028,2359233.916087123
2026-07-29,2638603,2487648.2453319174
2026-07-30,2862797,2791134.1730170683
2026-07-31,2866606,2911184.948892769
2026-08-01,2599098,2560668.0118283518
2026-08-02,2883744,2907379.838158504
2026-08-03,2726966,2781946.118621288
2026-08-04,2381852,2304569.4531423245
2026-08-05,2430800,2399923.1838354864
2026-08-06,2794275,2827892.497546411
2026-08-07,2719283,2781283.8215101906
2026-08-08,2441898,2397553.6660520593
2026-08-09,2855622,2888958.9038602626
2026-08-10,2690569,2696144.4410262387
2026-08-11,2238634,2207040.659784599
2026-08-12,2350055,2279114.12574696
2026-08-13,2708863,2774864.1249274113
2026-08-14,2656068,2730674.869641818
2026-08-15,2285991,2303959.105253146
2026-08-16,2766554,2830848.1262867367
2026-08-17,2621049,2629419.6201753914
2026-08-18,2118686,2126005.012826004
2026-08-19,2207912,2222452.0278831776
2026-08-20,2595226,2632983.4219755093
2026-08-21,2557929,2568316.688674543
2026-08-22,2149863,2106595.98596081
2026-08-23,2660363,2689461.243205185
2026-08-24,2455847,2639357.345134054
2026-08-25,1938948,2147206.7835310707
2026-08-26,2096064,2240502.940452544
2026-08-27,2502263,2686361.675203533
2026-08-28,2487127,2614144.4372803387
2026-08-29,1981161,2142850.7813434144
2026-08-30,2551084,2654290.8317782287
2026-08-31,2338573,2688930.44024105
2026-09-01,1847635,2117147.394141454
2026-09-02,2050689,1787625.6773202165
2026-09-03,2702095,2123449.745130483
2026-09-04,2815644,2313836.686430462
2026-09-05,2097779,1900441.8052450707
2026-09-06,2149009,2699093.529112935
2026-09-07,2781221,2405689.571512353
2026-09-08,2279729,1918808.6008546748
2026-09-09,2025542,2219615.5930059273
2026-09-10,2420875,2730842.3181360248
2026-09-11,2403791,2734629.4737858623
2026-09-12,1964375,2023743.8312629794
2026-09-13,2655404,2790649.3374712644
2026-09-14,2542694,2596230.4158230126
2026-09-15,1948803,1989284.499015236
2026-09-16,2176546,2163622.0508313365
2026-09-17,2700658,2719123.142427064
2026-09-18,2669918,2716367.7509045852
2026-09-19,2030699,2085601.5675335117
2026-09-20,2713974,2759039.38431408
2026-09-21,2566118,2528020.1466589523
