Date,Volume,pred_ag_tabular,pred_ag_timeseries,pred_anchor_master,pred_yoy_delta
2025-06-05,2798927.0,2791777.5,2740800.25,2749428.2567047616,2819995.0
2025-06-06,2766521.0,2799194.0,2777212.5,2759725.7607847424,2792301.6
2025-06-07,2395746.0,2354343.0,2340779.0,2423982.621500987,2441334.6
2025-06-08,2927145.0,2878987.75,2841304.75,2822031.624292682,2926242.4
2025-06-09,2833198.0,2748083.5,2654678.0,2724389.0281598493,2772440.2
2025-06-10,2363770.0,2402499.75,2349555.5,2413449.9233072195,2331111.0
2025-06-11,2504337.0,2516795.75,2457819.75,2526522.6101743584,2425576.6
2025-06-12,2887798.0,2871650.0,2746454.5,2790639.466819768,2830342.6
2025-06-13,2871959.0,2914645.5,2807337.25,2865444.9293314302,2853461.6
2025-06-14,2517202.0,2573817.75,2574232.25,2562378.178146938,2522104.2
2025-06-15,2888821.0,2898194.25,2801983.0,2798753.080149672,2868342.6
2025-06-16,2844254.0,2851350.0,2774572.25,2734577.385798057,2790043.4
2025-06-17,2455696.0,2489326.25,2401787.5,2492751.842660568,2402351.2
2025-06-18,2705355.0,2611925.75,2567249.0,2646312.4085494694,2573547.6
2025-06-19,2980935.0,2873292.75,2714639.0,2807845.055649573,2849708.0
2025-06-20,2891240.0,2909001.25,2894035.25,2863151.0123970374,2812234.2
2025-06-21,2614464.0,2604427.25,2634114.0,2623885.031556876,2523980.2
2025-06-22,3096797.0,2914465.25,2897886.25,3007828.2097562123,3022739.6
2025-06-23,2953905.0,2914800.5,2779447.25,2963597.7836569147,2990338.0
2025-06-24,2508733.0,2603291.0,2557364.5,2625842.5959041663,2521978.4
2025-06-25,2620696.0,2688402.5,2684961.25,2734881.0725373235,2717932.2
2025-06-26,2931282.0,2913035.25,2870878.25,2923348.214963652,3045183.0
2025-06-27,2988614.0,2921881.25,2820208.75,2926190.7056862176,2941070.4
2025-06-28,2624407.0,2669053.25,2644322.5,2642686.1717114868,2620193.0
2025-06-29,2959224.0,2900116.5,2863641.75,2829531.490021737,2921256.0
2025-06-30,2780012.0,2850863.75,2711874.25,2754297.3522561947,2773293.8000000003
2025-07-01,2402675.0,2557959.75,2496699.5,2538366.911045607,2438542.4
2025-07-02,2718537.0,2674174.0,2649512.75,2781975.731936331,2709088.6
2025-07-03,2923234.0,2556239.75,2358138.25,2219711.067659063,2259590.8
2025-07-04,2162755.0,2378599.25,2620074.0,2514715.70380862,2475067.6
2025-07-05,2457591.0,2473401.75,2704281.75,2668381.915159317,2595835.0
2025-07-06,3041954.0,2889095.0,2913141.75,3053795.1760825645,3133046.4
2025-07-07,2917942.0,2801016.0,2804007.25,2812278.8091595946,2807959.4
2025-07-08,2488332.0,2547978.25,2516596.75,2616716.2393817217,2451107.2
2025-07-09,2554687.0,2617568.75,2602080.75,2669624.0041776104,2553051.6
2025-07-10,2873682.0,2865183.0,2872667.5,2884287.875730143,3401812.4
2025-07-11,2885953.0,2763032.25,2753981.0,2794916.094467656,2624343.4
2025-07-12,2589889.0,2585300.0,2595037.25,2584025.866511599,2451239.8000000003
2025-07-13,3007773.0,2896084.5,2949401.25,2956339.4144427925,2985351.6
2025-07-14,2865292.0,2875535.0,2798182.5,2881202.991266922,2971640.2
2025-07-15,2557900.0,2537956.25,2515983.75,2543790.656990455,2436510.4
2025-07-16,2614183.0,2677884.75,2658517.0,2663214.404221302,2569287.2
2025-07-17,2998225.0,2905863.5,2955188.25,2987532.933521129,3124875.4
2025-07-18,2962082.0,2826839.25,2775595.0,2724166.19864682,2708115.8
2025-07-19,2603307.0,2631992.25,2696311.75,2643760.5671191737,2579132.4
2025-07-20,3043973.0,2929099.75,2963614.0,2954732.560926408,2970875.8
2025-07-21,2886647.0,2872454.25,2828848.75,2917978.826516214,2894622.6
2025-07-22,2452271.0,2603977.75,2569109.25,2651072.292367304,2602019.6
2025-07-23,2630151.0,2696373.0,2664011.0,2750185.7413877067,2682630.8
2025-07-24,2968866.0,2889098.75,2918764.75,2951636.2759992145,2964208.2
2025-07-25,2970569.0,2874235.0,2901725.0,2904299.925142595,3085016.6
2025-07-26,2670276.0,2633346.75,2588383.25,2594345.8450051304,2581958.0
2025-07-27,3017861.0,2919893.25,2930862.75,2946955.0473706187,3044056.4
2025-07-28,2929749.0,2846551.75,2762251.75,2815985.5042631007,2813866.0
2025-07-29,2438933.0,2503287.5,2464612.0,2467115.857408962,2320202.0
2025-07-30,2574917.0,2668230.5,2602305.5,2664762.245781944,2542234.2
2025-07-31,2882829.0,2893078.25,2902623.5,2926205.44411462,2915628.4
2025-08-01,2999166.0,2844718.5,2821566.75,2852781.4199982253,2927442.2
2025-08-02,2640741.0,2653586.5,2586722.25,2608220.457707511,2625013.4
2025-08-03,2983755.0,2903745.5,2851308.75,2859891.514409465,2903484.2
2025-08-04,2855684.0,2796201.25,2769795.0,2768556.910201536,2813279.2
2025-08-05,2364019.0,2451384.75,2479151.75,2478826.1591124013,2384910.4
2025-08-06,2447464.0,2596465.5,2573964.25,2621945.3932550154,2502902.0
2025-08-07,2893814.0,2865182.25,2874943.5,2874363.182824014,2826526.2
2025-08-08,2854458.0,2864627.5,2864885.75,2828831.9035776854,2932080.2
2025-08-09,2462226.0,2597127.75,2555529.5,2532421.905791647,2560946.0
2025-08-10,2960755.0,2887109.0,2903013.5,2902647.8896146705,3016109.8
2025-08-11,2763999.0,2796677.25,2726906.75,2749014.2107362766,2855791.8
2025-08-12,2256579.0,2344293.25,2408654.5,2293902.8954165457,2226934.8
2025-08-13,2331562.0,2446810.0,2455652.0,2412825.6690869853,2285239.2
2025-08-14,2835968.0,2824349.25,2829931.5,2774985.044786224,2802819.8
2025-08-15,2796277.0,2858451.5,2854720.75,2795604.714084981,2866095.2
2025-08-16,2360294.0,2448740.0,2449858.0,2377145.9552774634,2350698.2
2025-08-17,2907660.0,2866495.5,2838740.25,2837346.526669574,2922097.0
2025-08-18,2705168.0,2729108.25,2706742.5,2724296.7787587107,2764648.8000000003
2025-08-19,2187411.0,2197359.0,2340200.0,2277567.258501911,2234414.0
2025-08-20,2294086.0,2289781.75,2332476.25,2330594.1352204774,2249397.8000000003
2025-08-21,2731931.0,2740470.75,2749216.25,2683463.0162341343,2753986.6
2025-08-22,2667258.0,2723978.25,2778660.0,2687103.708465864,2717665.4
2025-08-23,2185460.0,2187804.5,2282694.5,2203202.980886051,2195987.4
2025-08-24,2786648.0,2780030.0,2766530.75,2722575.456489605,2813299.4000000004
2025-08-25,2506611.0,2512067.0,2543503.5,2479116.600240616,2489551.0
2025-08-26,1950994.0,1936699.875,2244067.0,1994905.6937594167,1926580.6
2025-08-27,2229905.0,2175918.75,2247263.75,2239744.8145547584,2198378.8
2025-08-28,2833316.0,2794570.25,2755004.75,2773773.2948938506,2828940.2
2025-08-29,2971455.0,2891912.25,2993849.0,2942960.0596701107,2928712.2
2025-08-30,2223191.0,2172466.0,2212858.25,2189032.7223314103,2166505.4
2025-08-31,2343216.0,2284038.5,2281527.25,2252454.803264763,2308988.6
2025-09-01,2836013.0,2799812.75,2780981.5,2796421.566047788,2786585.0
2025-09-02,2276201.0,2293848.5,2294218.0,2316945.129420497,2236206.6
2025-09-03,1965954.0,2028368.5,2119329.5,2008136.5188037688,1969132.6
2025-09-04,2305882.0,2367443.25,2393095.25,2326640.1487442665,2362546.8
2025-09-05,2427350.0,2441541.25,2551601.5,2451457.054539079,2452498.8
2025-09-06,1923040.0,1969900.5,2064326.75,1980196.2800620424,1991612.8
2025-09-07,2673762.0,2667219.5,2722403.0,2674056.8555364646,2750887.2
2025-09-08,2456693.0,2451467.0,2453209.5,2473675.104075471,2526715.4
2025-09-09,1896803.0,1910606.875,2030896.125,1962308.4884630265,1944511.6
2025-09-10,2107833.0,2020481.125,2010793.5,2009242.6250090783,2002006.0
2025-09-11,2610925.0,2661301.75,2749050.0,2659865.112098932,2671158.8
2025-09-12,2669713.0,2673349.5,2743692.0,2650708.901079073,2658981.4
2025-09-13,2020113.0,2046342.25,2019622.75,2057287.5547739852,2034944.0
2025-09-14,2810804.0,2808922.0,2805481.75,2772741.865953004,2807107.6
2025-09-15,2590221.0,2617472.25,2554179.5,2587497.7754297024,2592805.6
2025-09-16,2004769.0,2036840.5,2034429.5,2062544.145953787,2007494.2
2025-09-17,2219220.0,2225995.0,2101172.75,2220779.14337969,2291175.8
2025-09-18,2788191.0,2743107.0,2767847.25,2728797.329392238,2710034.0
2025-09-19,2788902.0,2774651.0,2805389.5,2764549.637008828,2783715.2
2025-09-20,2140805.0,2155649.0,2104261.75,2127455.709614258,2093623.6
2025-09-21,2848945.0,2884226.5,2878127.25,2860997.348113383,2890000.2
2025-09-22,2598440.0,2680688.25,2628613.25,2644582.505228588,2644398.8
2025-09-23,1975026.0,2057059.375,2013746.25,2074798.366760462,2019441.4
2025-09-24,2165846.0,2204230.25,2134351.0,2252258.510635821,2279024.6
2025-09-25,2739357.0,2637831.0,2654220.0,2541961.492574905,2600476.8000000003
2025-09-26,2741844.0,2679190.5,2731694.5,2593677.740680357,2626646.4
2025-09-27,2083134.0,2095483.625,2090141.25,2109211.686314201,2108827.0
2025-09-28,2843311.0,2805817.5,2824686.5,2765049.1451323493,2768168.2
2025-09-29,2577248.0,2627717.75,2611122.364063463,2571312.985293952,2527681.6
2025-09-30,2005123.0,2003649.625,1975676.3023120568,2024916.6454704453,1919924.4
2025-10-01,2199312.0,2176757.0,2151571.6290322584,2189628.041950064,2090719.8
2025-10-02,2673111.0,2695618.25,2731046.301326404,2702131.9834918827,2805267.4
2025-10-03,2697756.0,2719609.0,2708147.295716178,2714979.55609732,2802644.6
2025-10-04,2091602.0,2105540.25,2075719.8019777944,2134457.46192149,2107088.6
2025-10-05,2901606.0,2855970.5,2866317.3534027985,2863582.4320764965,2911978.6
2025-10-06,2686873.0,2667753.25,2637378.468486174,2680453.959764345,2671627.8
2025-10-07,2104449.0,2110433.75,2006340.574717685,2117771.4845263,2079791.6
2025-10-08,2417075.0,2244441.75,2145224.536035602,2132453.881284424,2126515.0
2025-10-09,2975982.0,2744377.0,2756852.059665588,2590186.4610139467,2579509.6
2025-10-10,3017612.0,2877589.75,2892495.1097092503,2977475.9323793887,2895013.6
2025-10-11,2381106.0,2340517.75,2270070.8859746465,2365168.8485037754,2231341.2
2025-10-12,2951273.0,2824159.5,2910319.823632564,2927595.229686104,2835926.8
2025-10-13,2874884.0,2798461.25,2836389.156201083,2935516.8354605604,2789371.4
2025-10-14,2413133.0,2404140.75,2351112.585873221,2493345.310450665,2341620.8000000003
2025-10-15,2438918.0,2466558.0,2441706.7680958905,2554653.1881333925,2640313.6
2025-10-16,2901650.0,2804445.25,2905388.0140332,2962730.661219633,3165649.8
2025-10-17,2878950.0,2879926.75,2963484.0801664065,2947945.9287858102,2957784.8
2025-10-18,2268485.0,2374600.75,2324841.671103848,2347701.012413035,2349688.2
2025-10-19,2988255.0,2921432.25,2958750.93350993,3056297.264265044,3101818.4
2025-10-20,2794820.0,2859553.5,2836721.9405375062,2857338.5983406827,2860040.0
2025-10-21,2141971.0,2225978.25,2252238.0350750308,2235916.5311772395,2230221.6
2025-10-22,2278249.0,2320651.0,2343075.305778016,2350626.7436070265,2392457.6
2025-10-23,2780271.0,2779419.25,2817109.8530092654,2798063.5609667185,2915337.2
2025-10-24,2773635.0,2798891.25,2806091.472116659,2804023.1424873816,2847718.8000000003
2025-10-25,2126979.0,2152335.0,2175085.0151495533,2168165.011016654,2184576.0
2025-10-26,2859222.0,2828834.25,2852534.8250679607,2827101.1292439583,2878973.2
2025-10-27,2636402.0,2719874.5,2674342.472280224,2596782.46175083,2626700.4000000004
2025-10-28,1945466.0,2031197.25,2034456.758446908,1976726.457950809,1956390.4
2025-10-29,2087383.0,2116195.0,2109810.10483871,2181282.328638099,2167816.4
2025-10-30,2532054.0,2443246.75,2352400.669842459,2173062.5224899594,2220221.2
2025-10-31,2280607.0,2395659.5,2371735.687490943,2624848.557234144,2592541.0
2025-11-01,2029708.0,1932020.0,1996066.965489957,2015352.5236720685,1993218.6
2025-11-02,2678442.0,2629775.0,2629546.7077472294,2675683.031683242,2707271.4
2025-11-03,2492532.0,2567953.25,2556846.7264178614,2426778.3923544367,2462948.2
2025-11-04,2015706.0,1941985.0,1907820.7910619737,1931985.65973573,1897273.0
2025-11-05,2162311.0,2103579.0,2115343.219122146,2145941.3629533625,2047185.6
2025-11-06,2704209.0,2622706.25,2649344.7903918787,2662761.571523784,2903312.2
2025-11-07,2645578.0,2701463.0,2608515.1466585067,2698727.0664828517,2437809.2
2025-11-08,2080116.0,2074604.375,2046701.8211267567,2161207.6047847723,2135875.2
2025-11-09,2631788.0,2729906.0,2600048.365438913,2713168.5836346503,2698184.6
2025-11-10,2488335.0,2738508.75,2650642.4660038524,2743081.36550976,2781994.8000000003
2025-11-11,2054768.0,2100120.5,2015121.940663205,2093230.9286387076,2167962.0
2025-11-12,1996069.0,2183245.0,2145167.0268817204,2082282.3179253256,2118870.2
2025-11-13,2434496.0,2541570.5,2548266.375635021,2536501.550402599,2721332.2
2025-11-14,2456308.0,2721534.0,2704436.234865201,2573493.094855313,2565836.0
2025-11-15,1902157.0,1893132.125,1913861.593005173,1894040.7484334183,1930100.8
2025-11-16,2604321.0,2659868.5,2672578.492344625,2581999.1471678657,2646409.8
2025-11-17,2349327.0,2446257.5,2445276.89574043,2376007.464595222,2305849.2
2025-11-18,1816617.0,1800759.375,1848910.16805914,1827105.4726789333,1882279.8
2025-11-19,2073637.0,2021218.125,1985131.2015531068,1997361.914606013,2007863.4
2025-11-20,2493511.0,2593960.75,2551794.548192009,2469497.116367459,2470094.2
2025-11-21,2792495.0,2733162.5,2653957.4678333323,2669648.282999024,2607229.0
2025-11-22,2482593.0,2305353.25,2362750.2634720374,2436489.9444196885,2448711.0
2025-11-23,2617142.0,2679903.25,2683633.7697319826,2604402.1644405094,2606597.0
2025-11-24,2563877.0,2552266.5,2517078.2500498425,2455754.6384828463,2379688.2
2025-11-25,2675261.0,2647712.0,2337069.7565200995,2663403.3410422914,2632961.6
2025-11-26,2753036.0,2714085.75,2557267.91285429,2703377.7084771674,2710559.8
2025-11-27,1559165.0,1619581.5,1947199.041637048,1541822.7899460795,1480600.8
2025-11-28,2392036.0,2420615.0,2398076.5887511084,2371702.6700399667,2372029.2
2025-11-29,2696816.0,2849527.25,2718367.308809112,2806960.9578941525,2793002.6
2025-11-30,3134613.0,3028809.0,2882413.1305336514,3072605.72743334,3043367.0
2025-12-01,2893451.0,2847906.0,2746085.087957575,2824800.1133675147,2853793.6
2025-12-02,2233828.0,2349304.5,2414872.7057602587,2284092.082183102,2254512.6
2025-12-03,2125688.0,2133806.75,2215687.7928127386,2118909.276590946,2142218.0
2025-12-04,2437542.0,2351853.25,2259916.2434926685,2439967.7824685248,2437985.0
2025-12-05,2456311.0,2562553.0,2575037.1425071293,2518449.48124081,2541480.4
2025-12-06,1987785.0,2003395.5,2175253.544809348,2001003.663945838,1918810.0
2025-12-07,2597892.0,2622683.25,2763501.001372679,2594959.8007489517,2631511.8000000003
2025-12-08,2470751.0,2393774.0,2564897.587874917,2427250.39771241,2501131.6
2025-12-09,1977202.0,1943376.25,1994254.3224482965,2002578.6625794687,1969962.8
2025-12-10,2160994.0,2080149.875,2087471.5244014724,2136881.487269163,2157877.2
2025-12-11,2584914.0,2491573.5,2564979.2562947306,2574613.5517459894,2584816.4
2025-12-12,2651654.0,2564541.25,2611125.9157183934,2640958.2990966584,2604780.0
2025-12-13,2157148.0,2071190.25,2209651.0529189464,2140126.568419107,2104359.4
2025-12-14,2586427.0,2597027.5,2567387.374467821,2598215.6448761327,2604165.4
2025-12-15,2503757.0,2466380.5,2525872.364247312,2398354.3952567256,2440273.0
2025-12-16,2047653.0,2113750.0,2127087.0467118328,2126307.454161904,2082806.0
2025-12-17,2271960.0,2199906.25,2239663.258070471,2148903.7573496606,2159522.4
2025-12-18,2637016.0,2632459.75,2624763.3726251232,2639630.7728420906,2647572.6
2025-12-19,2824905.0,2794977.0,2714631.7030614056,2831874.8422042066,2829898.0
2025-12-20,2748731.0,2707655.75,2579807.149507014,2759662.2030429672,2776828.8000000003
2025-12-21,2769228.0,2905486.75,2749435.5783006884,2783602.205332513,2789534.4
2025-12-22,2795090.0,2822865.5,2709952.663280244,2738938.105875414,2846850.4000000004
2025-12-23,2822653.0,2539013.75,2277359.7177419355,2048652.8513086485,2002007.6
2025-12-24,2236205.0,2169259.0,2372683.981588093,2114606.7253901283,1978316.2
2025-12-25,2066118.0,2259126.5,2167559.46709104,2884480.815622163,2731596.0
2025-12-26,2716278.0,2813795.25,2715116.540539996,2912815.45473155,2830722.2
2025-12-27,2804814.0,2828174.25,2814284.0996174733,2791117.056565451,2724071.6
2025-12-28,2924593.0,2962710.0,2823946.387606642,2865372.746924381,2777428.4
2025-12-29,2811757.0,2835618.0,2756903.566718905,2841966.4711459745,2815676.6
2025-12-30,2827572.0,2543100.5,2532086.24118201,2232039.678782905,2761095.8
2025-12-31,2291360.0,2301212.75,2454267.752746958,2490591.781183096,2560216.8
2026-01-01,2334465.0,2406362.5,2202869.009623928,2652508.5950923385,2067136.2
2026-01-02,2578209.0,2711700.5,2652662.0953901764,2630374.396145073,2454058.4
2026-01-03,2604749.0,2679571.25,2671994.131635924,2622488.57982177,2588693.8000000003
2026-01-04,2817509.0,2715580.25,2683908.3939973474,2661985.1439123666,2668263.8000000003
2026-01-05,2508517.0,2466843.0,2501022.2366781626,2309496.3962336765,2266338.8000000003
2026-01-06,1941589.0,2115068.0,2263650.784820233,2016215.7425542355,2589951.2
2026-01-07,1900237.0,1988969.25,2034666.2722732208,1918071.387002432,1903975.0
2026-01-08,2151117.0,2071276.5,2185008.591577621,2075162.5872869445,1675771.0
2026-01-09,2206079.0,2060140.25,2208053.5533509967,2087291.6482675264,1985716.8
2026-01-10,1971751.0,1906662.0,2062624.04902298,1962458.27986162,1919931.2
2026-01-11,2411470.0,2271970.5,2401156.9172196253,2463308.8462726213,2537219.0
2026-01-12,2140851.0,2157635.75,2243844.1938799,2178242.5016444195,2302261.4
2026-01-13,1688866.0,1753538.625,1840215.048936696,1729462.2778263676,1803090.8
2026-01-14,1903860.0,1882592.625,1905734.8838006463,1920888.6515850904,1851065.8
2026-01-15,2460511.0,2282518.5,2317589.978846272,2477690.2075053863,2408145.0
2026-01-16,2608430.0,2453255.25,2383578.494406383,2646567.9511910696,2694033.0
2026-01-17,2002239.0,2029084.375,1951343.67879748,2019976.3949619564,2042496.2
2026-01-18,2231469.0,2142665.75,2256242.298248748,2196000.597654501,2231943.2
2026-01-19,2556438.0,2403831.5,2345300.155089504,2565373.5052211774,2585837.4
2026-01-20,1952569.0,1891206.25,1840747.0674236272,1824228.5665114825,1793726.8
2026-01-21,1802833.0,1795837.5,1826645.091335429,1793057.9105451808,1761100.2
2026-01-22,2235021.0,2158506.0,2289300.7768817204,2268685.972907431,2254563.8000000003
2026-01-23,2243481.0,2234029.0,2221802.5,2371423.601224955,2364267.4
2026-01-24,1616945.0,1880847.875,1915273.75,1864465.4685118163,1858873.2
2026-01-25,1313323.0,2291057.25,2269641.25,2367513.108641937,2414522.4000000004
2026-01-26,1830079.0,1926462.875,2111625.0,2029449.2522723607,2175720.8000000003
2026-01-27,1765468.0,1747435.875,1747747.0,1523728.2935334777,1762292.7999999998
2026-01-28,1879610.0,1651182.5,1662426.125,1710329.8322545667,1877977.8
2026-01-29,2235355.0,2139754.5,2216149.5,2116985.649928729,2298631.4
2026-01-30,2238006.0,2198036.0,2249799.0,2160810.312551623,2277984.4000000004
2026-01-31,1729865.0,1746806.5,1756832.625,1699012.268831135,1668573.4
2026-02-01,2303445.0,2031354.5,1927183.625,2220731.195710751,1563899.4
2026-02-02,2150084.0,2034579.5,1936886.375,2080938.6030650304,1913686.2
2026-02-03,1666150.0,1662401.0,1697439.0,1654582.711614261,1821564.8
2026-02-04,1839311.0,1841045.875,1808415.75,1806243.3337887328,1909496.0
2026-02-05,2324236.0,2240596.5,2261330.75,2182215.9685502974,2239584.2
2026-02-06,2351379.0,2335753.75,2315783.25,2318163.8231496164,2307474.8
2026-02-07,1873708.0,1802842.125,1791747.25,1816771.266228704,1745689.0
2026-02-08,2274639.0,2258649.5,2214457.0,2190513.768262113,1965836.4
2026-02-09,2386224.0,2312835.0,2279981.75,2367374.7655534386,2309999.8000000003
2026-02-10,1852752.0,1790313.375,1826380.125,1793989.5056314818,1800109.6
2026-02-11,2074130.0,2036154.25,2009112.5,2041943.9247273,2021824.8
2026-02-12,2701700.0,2586039.0,2605822.75,2637279.846701689,2657062.2
2026-02-13,2759407.0,2660990.25,2669396.0,2705504.3424144285,2629406.2
2026-02-14,2186932.0,2184143.0,2132013.75,2239033.510585576,2184907.2
2026-02-15,2536292.0,2416908.75,2441656.5,2481440.862028483,2460284.0
2026-02-16,2766705.0,2731223.0,2759086.75,2829057.4130800576,2780601.2
2026-02-17,2247910.0,2326330.5,2241861.0,2330175.142301522,2326114.0
2026-02-18,2229730.0,2191325.75,2150055.5,2193066.6884715743,2193195.0
2026-02-19,2644354.0,2546286.0,2541022.0,2552890.740996248,2599766.0
2026-02-20,2650675.0,2648698.0,2665816.75,2648193.1846301565,2662415.2
2026-02-21,2284819.0,2194929.5,2193159.5,2242252.949722469,2192290.6
2026-02-22,2475455.0,2676627.0,2713964.25,2703135.266699681,2725380.8
2026-02-23,1996320.0,2499316.5,2482191.25,2471395.4156601937,2448353.0
2026-02-24,1958051.0,1873487.625,1949377.75,1932140.6084214975,1940073.8
2026-02-25,2258729.0,2103062.0,2136415.75,2143239.5207833205,2227012.8
2026-02-26,2647330.0,2561291.75,2653993.0,2606956.1634467365,2749723.0
2026-02-27,2625251.0,2611337.5,2675263.25,2645515.380735092,2735553.6
2026-02-28,2190541.0,2185886.0,2200985.5,2159963.8781855283,2261914.4
2026-03-01,2687408.0,2568388.75,2626309.0,2591303.5757892216,2532833.6
2026-03-02,2432452.0,2307509.75,2333520.0,2374321.363672778,2052611.6
2026-03-03,1910452.0,1964154.25,1945814.75,1916499.471394241,1909014.6
2026-03-04,2133462.0,2226238.75,2194536.0,2183795.778916796,2265409.0
2026-03-05,2615896.0,2645141.0,2601450.25,2615090.4797499427,2666558.8
2026-03-06,2696932.0,2671885.0,2654667.5,2675711.7771118646,2658106.8
2026-03-07,2338542.0,2265884.75,2213833.25,2313484.4504492367,2331363.0
2026-03-08,2781523.0,2702417.5,2702266.5,2701414.246029635,2709848.6
2026-03-09,2563627.0,2520287.5,2463528.75,2506739.0493066027,2436233.8
2026-03-10,2056174.0,2084109.75,2059960.625,2075697.4293311604,2063776.4
2026-03-11,2372082.0,2289218.25,2254439.75,2350560.916696083,2321708.6
2026-03-12,2788748.0,2757688.75,2731290.5,2777678.493614936,2753137.6
2026-03-13,2854704.0,2804156.5,2813579.5,2842465.446340369,2809736.4000000004
2026-03-14,2568085.0,2533337.5,2520434.25,2559037.8272356587,2539197.2
2026-03-15,2765657.0,2830787.5,2905557.0,2873536.6968236114,2901614.8
2026-03-16,2474964.0,2651088.25,2738473.75,2763871.789521756,2792087.2
2026-03-17,2424806.0,2162332.75,2207626.0,2292470.956318951,2300219.6
2026-03-18,2573056.0,2438758.25,2384600.75,2446979.418797481,2467561.0
2026-03-19,2817785.0,2769212.5,2859224.0,2826959.341896249,2840570.8000000003
2026-03-20,2766291.0,2806456.75,2889164.0,2826782.9321361235,2851513.6
2026-03-21,2498514.0,2535422.5,2556240.0,2543055.619668822,2578002.8
2026-03-22,2865969.0,2862653.5,2929769.0,2868311.526496559,2836764.2
2026-03-23,2641500.0,2629864.5,2664353.5,2653089.8114966224,2457899.8
2026-03-24,2193195.0,2236027.25,2214300.25,2200200.100295057,2283250.2
2026-03-25,2379710.0,2400172.0,2425487.25,2379267.894191996,2486221.8000000003
2026-03-26,2723798.0,2787610.75,2770967.25,2735307.6225618105,2758737.4
2026-03-27,2744893.0,2769932.75,2802861.0,2743872.247111197,2729251.6
2026-03-28,2426467.0,2402092.5,2391363.25,2374266.966037157,2361876.8000000003
2026-03-29,2758600.0,2798777.0,2805215.0,2739010.316044734,2722512.0
2026-03-30,2533621.0,2609051.5,2658600.5,2595683.90439264,2529768.2
2026-03-31,2154213.0,2155663.0,2246333.0,2217032.3650883683,2244286.8000000003
2026-04-01,2360739.0,2310254.25,2288489.0,2203673.003913156,2244346.4
2026-04-02,2710611.0,2791431.5,2722877.25,2666349.6932477644,2646213.8
2026-04-03,2659561.0,2696388.25,2707736.0,2712656.3564839778,2680127.2
2026-04-04,2274101.0,2255080.75,2314863.5,2284682.815948357,2302125.8
2026-04-05,2561932.0,2674918.0,2733676.5,2785932.2083428395,2788444.8
2026-04-06,2705640.0,2646869.25,2607809.25,2554740.587389268,2520300.0
2026-04-07,2207180.0,2234754.0,2204268.25,2123846.4965367937,2073377.6
2026-04-08,2278770.0,2290020.75,2285217.25,2360033.657221313,2456148.6
2026-04-09,2691308.0,2725095.25,2758541.75,2762458.7090510298,2797204.4
2026-04-10,2688395.0,2781507.25,2822517.75,2772477.826895679,2750289.6
2026-04-11,2269365.0,2281861.5,2229245.0,2289555.862102693,2313840.6
2026-04-12,2822290.0,2806887.0,2810329.5,2763283.546222583,2620420.2
2026-04-13,2606811.0,2573547.25,2614380.75,2601712.226993593,2699189.2
2026-04-14,2044781.0,2093406.25,2172702.25,2135848.1718978165,2204635.4000000004
2026-04-15,2251197.0,2290829.75,2366935.5,2362632.9545065514,2376828.4
2026-04-16,2738409.0,2787176.75,2771801.75,2655944.9971322594,2664982.0
2026-04-17,2705217.0,2672408.0,2755482.75,2676935.6060007103,2657051.7
2026-04-18,2069600.0,2152834.0,2176745.75,2245059.8991301693,2261049.1
2026-04-19,2796984.0,2674390.0,2785582.75,2721957.63399936,2774006.5
2026-04-20,2571543.0,2638576.0,2625389.5,2557224.4803159684,2628774.3
2026-04-21,2055863.0,2061023.75,2140622.0,2068795.0888305877,2065358.7
2026-04-22,2302381.0,2252299.25,2336484.75,2243387.9192222627,2204163.8
2026-04-23,2740418.0,2727089.0,2796092.75,2676531.158472029,2659975.8000000003
2026-04-24,2704682.0,2738797.5,2783602.75,2652059.66389093,2727860.6
2026-04-25,2093949.0,2149764.0,2256607.75,2138842.5724577163,2117212.2
2026-04-26,2768606.0,2796242.25,2793598.75,2639227.9828232545,2883670.3
2026-04-27,2539040.0,2563581.5,2619051.25,2532483.7672230457,2462155.1
2026-04-28,2020266.0,2014233.0,2166091.0,2053895.4571915087,1937031.5
2026-04-29,2264608.0,2263989.5,2367857.25,2271937.638733076,2273120.9
2026-04-30,2748380.0,2722266.0,2790056.75,2680798.656697913,2713504.2
2026-05-01,2643938.0,2691532.0,2680997.5,2601863.1704377765,2619349.2
2026-05-02,2042664.0,2088639.0,2221494.25,2059010.4417567996,1997427.8
2026-05-03,2741375.0,2736389.75,2799452.5,2711803.8093700577,2754636.4000000004
2026-05-04,2540806.0,2555920.5,2617922.75,2539212.0424101376,2497000.6
2026-05-05,2040845.0,2027650.5,2033274.375,2070477.93123926,2027114.0
2026-05-06,2251410.0,2273642.25,2321144.25,2251051.762521909,2252286.4000000004
2026-05-07,2701890.0,2745619.0,2786908.75,2685113.5860679364,2730389.8000000003
2026-05-08,2569907.0,2725892.25,2759073.0,2663506.0972843003,2687327.8
2026-05-09,2088463.0,2094366.75,2186196.0,2076345.6449383528,2055375.0
2026-05-10,2587640.0,2696321.5,2672867.25,2590330.9586103177,2616935.4
2026-05-11,2661314.0,2630448.75,2611607.75,2598208.185568845,2606846.8
2026-05-12,2143904.0,2118592.0,2066484.375,2088886.1139530167,2069067.0
2026-05-13,2399389.0,2295839.25,2302459.0,2329581.6712552407,2329751.2
2026-05-14,2858330.0,2882327.0,2872641.0,2813106.59545346,2825919.6
2026-05-15,2796834.0,2844776.75,2860191.0,2803727.127715128,2717905.0
2026-05-16,2260950.0,2281522.0,2162197.5,2294170.9431760563,2270144.8
2026-05-17,2887942.0,2917869.75,2944993.5,2907326.685729998,2878899.8
2026-05-18,2782578.0,2805833.75,2820495.75,2773537.9313137373,2786666.0
2026-05-19,2313392.0,2284001.25,2328719.7718518344,2304565.208702388,2318214.0
2026-05-20,2557265.0,2501050.5,2531610.6930594384,2491630.93939885,2528765.8000000003
2026-05-21,2955843.0,2969575.5,3005462.168107786,2942430.0075447336,2963031.0
2026-05-22,2976209.0,2979177.0,2985885.8963153088,2991115.218389962,2951655.8
2026-05-23,2380377.0,2359750.75,2373012.107988629,2377024.430298708,2341649.8000000003
2026-05-24,2418371.0,2518843.0,2470259.241434637,2448665.11970915,2411097.0
2026-05-25,2818586.0,2858316.75,2829866.0,2854872.743459392,2855607.8
2026-05-26,2507199.0,2490584.75,2502267.373011409,2497850.6130021987,2505432.8000000003
2026-05-27,2374930.0,2310972.5,2344785.752897323,2315356.2391641075,2369938.0
2026-05-28,2661047.0,2694548.75,2746970.045145209,2615620.3611994097,2624793.8
2026-05-29,2689872.0,2751488.25,2705316.4144818094,2691435.772559111,2663423.0
2026-05-30,2307047.0,2303422.5,2387442.902741621,2349355.619458809,2335617.8
2026-05-31,2818994.0,2833397.25,2776969.69961356,2816958.0991113754,2786336.4
2026-06-01,2674187.0,2646445.25,2632044.8942947453,2639191.054330758,2604517.2
2026-06-02,2218178.0,2209760.0,2160695.971009055,2216951.021216165,2210040.0
2026-06-03,2400663.0,2346264.0,2427538.5569283008,2369235.4938319502,2413069.2
2026-06-04,2773608.0,2803013.75,2806016.0765711246,2802944.821542397,2825757.0
2026-06-05,2710489.0,2758098.75,2789312.630865056,2764257.4607260893,2753114.2
2026-06-06,2359070.0,2316518.0,2325058.3089342434,2389424.537657858,2357365.8
2026-06-07,2865564.0,2912374.5,2894541.765841429,2919697.913828278,2914711.4000000004
2026-06-08,2764691.0,2785853.0,2773510.236072739,2820623.1159526124,2849385.6
2026-06-09,2360445.0,2317881.5,2307139.073368325,2344856.0125512998,2367219.4
2026-06-10,2517148.0,2492596.25,2504150.744010239,2483427.262039365,2543190.0
2026-06-11,2809243.0,2896747.25,2907347.608572374,2859787.58583805,2874478.8
2026-06-12,2873210.0,2880694.0,2791000.3493823595,2836359.0516199563,2825480.4
2026-06-13,2534457.0,2497698.0,2500931.4845725773,2491055.5889576986,2478710.4000000004
2026-06-14,2891326.0,2904878.0,2925101.3008149844,2866659.395074985,2838344.0
2026-06-15,2849377.0,2820752.75,2844100.8102188404,2828433.8297837926,2795745.8
2026-06-16,2482257.0,2451582.75,2456995.2575358087,2447340.635089102,2454004.4
2026-06-17,2638190.0,2620646.5,2686713.581485977,2699804.249457496,2722861.4
2026-06-18,2988204.0,2969765.0,2880775.508711916,2963536.847129144,2913027.2
2026-06-19,2881272.0,2910815.0,2898904.002893676,2883153.214143194,2881034.4
2026-06-20,2563971.0,2559140.0,2583081.091806293,2607307.076332825,2620932.8
2026-06-21,2981485.0,2966456.75,3067731.840642339,3080484.9217962185,3086484.8
2026-06-22,2876770.0,2908488.25,2978814.371874432,2926698.084188609,2944302.0
2026-06-23,2571215.0,2504401.5,2534382.9904843285,2479002.4280039584,2529316.8
2026-06-24,2656150.0,2580008.75,2668990.31211354,2594791.235090936,2569526.2
2026-06-25,2910453.0,2930444.5,3015872.9973308924,2913363.614020497,2921386.2
2026-06-26,2904610.0,2959476.0,2909656.2425436163,2969198.0126605583,2980889.8000000003
2026-06-27,2575625.0,2598957.5,2581396.1026023314,2599474.784128778,2587463.6
2026-06-28,2930672.0,2986277.0,2936439.7221295508,2929427.9695513365,2867475.4
2026-06-29,2690919.0,2800990.75,2758015.907063716,2758411.1184589574,2719328.6
2026-06-30,2477905.0,2404163.25,2441143.312716058,2380648.7666990897,2457972.8000000003
2026-07-01,2654017.0,2633953.25,2655709.3967125155,2696624.9246651293,2733467.2
2026-07-02,2901753.0,2882194.0,2928692.693485137,2889637.4519941034,2908024.6
2026-07-03,2572397.0,2579953.0,2715188.5196593693,2137320.7040243354,2093558.2
2026-07-04,1882467.0,2296949.75,2345873.411172485,2490176.4683017298,2408466.8
2026-07-05,2914375.0,2893383.25,2794473.807676539,3005107.0716795586,2996050.0
2026-07-06,2898957.0,2824948.0,2836964.0899341125,2873504.6775274724,2831240.6
2026-07-07,2583561.0,2427512.75,2494354.3131437474,2457558.480484753,2561012.4
2026-07-08,2533297.0,2536943.75,2534690.5628231904,2525597.2941312864,2510161.8
2026-07-09,2705781.0,2831838.0,2916308.467834017,2843485.354284376,2852331.4000000004
2026-07-10,2787804.0,2891146.25,2696820.75,2838236.4779353216,3196865.8000000003
2026-07-11,2502489.0,2511884.25,2329109.5,2492956.1159794694,2120033.4
2026-07-12,2916003.0,2947458.25,3024242.196900473,2949994.767076051,2899999.4
2026-07-13,2764785.0,2797957.75,2745345.115120244,2811797.14708645,2832285.4
2026-07-14,2443857.0,2464350.5,2580744.4502529493,2503164.20981844,2649129.2
2026-07-15,2601382.0,2522561.0,2590696.625211228,2533170.060170475,2584167.0
2026-07-16,2850229.0,2905764.0,2875301.967533841,2907690.362946081,2859608.0
2026-07-17,2834256.0,2893651.0,2886888.7328408943,2872021.19071909,2965491.2
2026-07-18,2507667.0,2504799.5,2543278.960769448,2506808.21120407,2418362.2
2026-07-19,2939611.0,2959925.75,2983921.8559750933,2945307.1998126907,2945041.2
2026-07-20,2856844.0,2827211.0,2866027.6468627523,2792621.553552162,2802444.4
2026-07-21,2377339.0,2414423.5,2470806.0290358006,2377796.7286113407,2380082.4
2026-07-22,2657138.0,2493697.75,2580145.7987950845,2549175.151209714,2615632.2
2026-07-23,2903099.0,2914693.5,2950133.6756194504,2883023.552716106,2816889.0
2026-07-24,2870012.0,2897968.0,2944560.808013404,2894876.523952681,2848678.4000000004
2026-07-25,2507361.0,2501670.5,2580276.7562136897,2604552.5076893573,2576284.0
2026-07-26,2924624.0,2975904.0,3039312.46365832,2934723.5047475207,2916017.4
2026-07-27,2749024.0,2872101.75,2882125.2017261577,2849932.894358525,2885805.2
2026-07-28,2332028.0,2353352.5,2402789.1319867484,2359233.916087123,2356178.8
2026-07-29,2638603.0,2551762.0,2605192.384317944,2487648.2453319174,2593946.4
2026-07-30,2862797.0,2873119.25,2878308.938909266,2791134.1730170683,2800616.2
2026-07-31,2866606.0,2882176.5,2881433.513849217,2911184.948892769,2893155.2
2026-08-01,2599098.0,2515972.75,2549163.239965764,2560668.011828352,2491281.0
2026-08-02,2883744.0,2952167.25,3001125.3792436286,2907379.838158504,2888293.0
2026-08-03,2726966.0,2828423.25,2795329.974366412,2781946.118621288,2705143.4
2026-08-04,2381852.0,2316955.0,2320104.531382566,2304569.4531423245,2263508.6
2026-08-05,2430800.0,2465522.25,2587344.7128901896,2399923.1838354864,2503810.2
2026-08-06,2794275.0,2834894.25,2837652.7768483846,2827892.497546411,2864635.0
2026-08-07,2719283.0,2826831.0,2842105.339240831,2781283.8215101906,2728298.6
2026-08-08,2441898.0,2400992.75,2478669.362801596,2397553.6660520597,2396328.6
2026-08-09,2855622.0,2917088.5,2914054.362842792,2888958.9038602626,2862098.8000000003
2026-08-10,2690569.0,2748290.0,2707291.1011810056,2696144.4410262387,2624879.6
2026-08-11,2238634.0,2261639.5,2294206.151025,2207040.659784599,2249464.4
2026-08-12,2350055.0,2355140.75,2382050.497683767,2279114.12574696,2330968.0
2026-08-13,2708863.0,2819154.25,2778379.8842958733,2774864.124927412,2752330.4
2026-08-14,2656068.0,2782694.25,2724661.9113356555,2730674.869641818,2661625.0
2026-08-15,2285991.0,2296987.25,2390763.8390727304,2303959.105253146,2335703.0
2026-08-16,2766554.0,2891745.5,2854012.8617782383,2830848.1262867367,2803551.4
2026-08-17,2621049.0,2704699.75,2675372.2697446914,2629419.6201753914,2620680.4
2026-08-18,2118686.0,2165635.5,2224000.2153259483,2126005.012826004,2176621.6
2026-08-19,2207912.0,2246023.25,2293018.183200464,2222452.0278831776,2305547.6
2026-08-28,2487127.0,2562828.25,2701407.1222596504,2614144.4372803387,2616262.5
2026-08-29,1981161.0,2069964.5,2110419.394245759,2142850.7813434144,2229538.8
2026-08-30,2551084.0,2645943.25,2617496.7950121704,2654290.8317782287,2717904.8
2026-08-31,2338573.0,2565340.5,2612091.268555405,2688930.44024105,2836013.0
2026-09-01,1847635.0,1900284.375,2063453.8674403224,2117147.394141454,2276201.0
2026-09-02,2050689.0,2050706.875,2104549.7877925774,1787625.6773202163,1965954.0
2026-09-03,2702095.0,2466322.75,2758176.4427715507,2123449.745130483,2305882.0
2026-09-04,2815644.0,2592117.0,2813570.4118669955,2313836.686430462,2427350.0
2026-09-05,2097779.0,2072071.0,2292848.615846949,1900441.8052450707,1923040.0
2026-09-06,2149009.0,2450098.25,2576502.5472298404,2699093.529112935,2673762.0
2026-09-07,2781221.0,2538581.0,2508471.134423374,2405689.571512353,2456693.0
2026-09-08,2279729.0,2164527.5,2144176.161438424,1918808.6008546748,1896803.0
2026-09-09,2025542.0,1976343.375,1957189.342347448,2219615.5930059277,2107833.0
2026-09-10,2420875.0,2505898.75,2663648.133221218,2730842.3181360248,2610925.0
2026-09-11,2403791.0,2588440.25,2725848.557969547,2734629.4737858623,2669713.0
2026-09-12,1964375.0,1934113.0,1933854.5757932733,2023743.8312629797,2020113.0
2026-09-13,2655404.0,2732117.25,2451525.9746144884,2790649.3374712644,2810804.0
2026-09-14,2542694.0,2530985.0,2664448.423008468,2596230.4158230126,2590221.0
2026-09-15,1948803.0,1932476.875,1965341.898412998,1989284.499015236,2004769.0
2026-09-16,2176546.0,2090180.25,2004383.526352489,2163622.0508313365,2219220.0
2026-09-17,2700658.0,2728279.25,2610523.613552425,2719123.142427064,2788191.0
2026-09-18,2669918.0,2736824.5,2584135.745770884,2716367.750904585,2788902.0
2026-09-19,2030699.0,2045222.625,1998781.9209088995,2085601.567533512,2140805.0
2026-09-20,2713974.0,2839382.75,2793732.8961360897,2759039.38431408,2848945.0
2026-09-21,2566118.0,2562170.75,2597334.828658222,2528020.1466589523,2598440.0
