Date,Volume,pred_prophet
2022-02-05,1399603.0,968751.9735633247
2022-02-06,1786681.0,824700.6960258638
2022-02-07,1592651.0,94297.17667471198
2022-02-08,1239137.0,-1036494.9790579784
2022-02-09,1390835.0,-2013889.252522598
2022-02-10,1786323.0,-3001996.7889732462
2022-02-11,1918436.0,-4418302.375218163
2022-02-12,1538874.0,1914062.414394439
2022-02-13,1821279.0,2438915.5332356016
2022-02-14,1737532.0,2762684.8291015658
2022-02-15,1541222.0,2928373.20261242
2022-02-16,1670550.0,3572762.785298171
2022-02-17,1986581.0,4575447.647182936
2022-02-18,2244042.0,5707391.374726057
2022-02-19,1826833.0,2112318.4209001367
2022-02-20,2068827.0,2602168.5318263075
2022-02-21,2222002.0,2723019.8168489872
2022-02-22,1785417.0,2662190.2339770705
2022-02-23,1755527.0,3092036.5916178394
2022-02-24,1988432.0,3724409.195170773
2022-02-25,2104233.0,4265156.52077504
2022-02-26,1842536.0,1724266.2413056684
2022-02-27,2150118.0,1902239.3166917628
2022-02-28,1984773.0,1606905.1926586295
2022-03-01,1638699.0,1016238.6791181993
2022-03-02,1740923.0,726855.1333801076
2022-03-03,2053525.0,589494.3238208131
2022-03-04,2139036.0,259592.35446556448
2022-03-05,1831741.0,1874390.4653399724
2022-03-06,2184096.0,2299400.0787548297
2022-03-07,2019553.0,2306895.363977214
2022-03-08,1657723.0,2262067.0133019355
2022-03-09,1850986.0,2483305.9885662952
2022-03-10,2185904.0,3205894.793788813
2022-03-11,2299583.0,3789077.0270565934
2022-03-12,1998129.0,2010039.3580885571
2022-03-13,2293374.0,2410895.2513765367
2022-03-14,2203639.0,2316635.69467197
2022-03-15,1870647.0,1992944.9914243154
2022-03-16,2000210.0,2049959.4645088124
2022-03-17,2231375.0,2207644.1013038447
2022-03-18,2319876.0,2356926.8490998875
2022-03-19,2108715.0,1974589.862600076
2022-03-20,2379182.0,2222606.3565900815
2022-03-21,2177240.0,1987305.5066141107
2022-03-22,1859077.0,1524540.127899621
2022-03-23,1971979.0,1438375.2336483956
2022-03-24,2255090.0,1547102.6055208738
2022-03-25,2304825.0,1475405.898002983
2022-03-26,2022231.0,2066852.9062831528
2022-03-27,2313481.0,2425792.878315731
2022-03-28,2141002.0,2384962.376895796
2022-03-29,1747597.0,2137477.090183792
2022-03-30,1887509.0,2328593.7217823593
2022-03-31,2219675.0,2770743.763139407
2022-04-01,2287653.0,3095368.253337799
2022-04-02,1922516.0,2002947.4064469016
2022-04-03,2206569.0,2353491.336890286
2022-04-04,2141153.0,2253408.9370885896
2022-04-05,1850647.0,1938706.5315690562
2022-04-06,1982006.0,2071594.8803068148
2022-04-07,2227151.0,2378324.1789449425
2022-04-08,2327849.0,2525543.151860987
2022-04-09,1959523.0,2028491.6673419103
2022-04-10,2300909.0,2342179.5414421866
2022-04-11,2188196.0,2216773.5996206347
2022-04-12,1883285.0,1822551.7860999862
2022-04-13,2053892.0,1882749.386287087
2022-04-14,2354474.0,2074249.8644206289
2022-04-15,2315430.0,2115516.4337239303
2022-04-16,1903886.0,2057243.4788578628
2022-04-17,2214376.0,2353260.9416251453
2022-04-18,2292729.0,2195350.4006305747
2022-04-19,1988681.0,1848568.0893301363
2022-04-20,2034403.0,1888776.0958704774
2022-04-21,2288508.0,2104547.9320309456
2022-04-22,2309474.0,2142606.2532198937
2022-04-23,1915707.0,1958038.377339384
2022-04-24,2298561.0,2221984.1209396548
2022-04-25,2189296.0,2073866.7969297296
2022-04-26,1870392.0,1670574.0767144088
2022-04-27,1999806.0,1680827.7537326096
2022-04-28,2267171.0,1872571.6849332275
2022-04-29,2286852.0,1888664.825852148
2022-04-30,1885701.0,1970893.6090811417
2022-05-01,2279287.0,2293293.3942584824
2022-05-02,2146993.0,2198303.959626304
2022-05-03,1827782.0,1897372.6383269324
2022-05-04,1962832.0,2011760.731069071
2022-05-05,2240816.0,2320788.2913532737
2022-05-06,2292080.0,2465254.0683245724
2022-05-07,1884883.0,2064605.353518075
2022-05-08,2255547.0,2443673.5084742913
2022-05-09,2244645.0,2321041.557855103
2022-05-10,1908906.0,2065579.067495887
2022-05-11,2030630.0,2246291.3561727717
2022-05-12,2337876.0,2620243.1668185894
2022-05-13,2358444.0,2825939.5128894653
2022-05-14,1984654.0,2196791.9975756737
2022-05-15,2399801.0,2585452.8739440576
2022-05-16,2282944.0,2567230.79093278
2022-05-17,2042144.0,2297993.15587646
2022-05-18,2117010.0,2453808.0748659885
2022-05-19,2366865.0,2789750.963252581
2022-05-20,2356404.0,2908293.9572529937
2022-05-21,1999651.0,1981142.285899447
2022-05-22,2364240.0,2281322.771796925
2022-05-23,2339945.0,2118971.5983738676
2022-05-24,2034843.0,1698837.6122876746
2022-05-25,2165771.0,1684118.339667729
2022-05-26,2399579.0,1837827.7408993328
2022-05-27,2397928.0,1790985.6948102845
2022-05-28,2000335.0,1964476.9747876409
2022-05-29,2103022.0,2229521.7300245417
2022-05-30,2319237.0,2071288.6446704594
2022-05-31,2114935.0,1663203.3238678705
2022-06-01,2023231.0,1671494.0766512086
2022-06-02,2228271.0,1854559.623754757
2022-06-03,2347283.0,1845511.0423668553
2022-06-04,1992251.0,2069242.7935605654
2022-06-05,2396442.0,2432726.407729003
2022-06-06,2286429.0,2418775.38197645
2022-06-07,2067274.0,2168178.983152397
2022-06-08,2175579.0,2340552.251223053
2022-06-09,2396538.0,2713054.7479613996
2022-06-10,2443671.0,2887687.4773148675
2022-06-11,2153865.0,2291489.3789758068
2022-06-12,2456971.0,2705292.5640590466
2022-06-13,2389152.0,2734114.2466319506
2022-06-14,2139865.0,2528193.245655319
2022-06-15,2238873.0,2735613.681608842
2022-06-16,2387496.0,3132097.5015521846
2022-06-17,2454485.0,3351291.853651711
2022-06-18,2186387.0,2061321.4023085334
2022-06-19,2398687.0,2305049.2333606966
2022-06-20,2431925.0,2130508.4009279883
2022-06-21,2158912.0,1689251.3127233912
2022-06-22,2197876.0,1624527.2464421652
2022-06-23,2453936.0,1710574.94988709
2022-06-24,2471808.0,1592766.3087901543
2022-06-25,2198435.0,2025126.2073798701
2022-06-26,2469720.0,2264600.3004196137
2022-06-27,2374892.0,2102887.6839421503
2022-06-28,2147125.0,1671392.7325684885
2022-06-29,2237932.0,1639919.3192893448
2022-06-30,2455588.0,1775747.8538272525
2022-07-01,2501366.0,1720538.6780236587
2022-07-02,2169068.0,2314703.876617306
2022-07-03,2102878.0,2719161.0493818065
2022-07-04,2086854.0,2759334.953738843
2022-07-05,2209031.0,2585190.556898894
2022-07-06,2136035.0,2831523.3880904783
2022-07-07,2245980.0,3281385.4934024718
2022-07-08,2288984.0,3578045.891251988
2022-07-09,2145996.0,2065242.94153735
2022-07-10,2443836.0,2400765.1344111967
2022-07-11,2318551.0,2374475.6735191243
2022-07-12,2072335.0,2137832.906278952
2022-07-13,2188234.0,2286127.662862064
2022-07-14,2402480.0,2623270.0358639555
2022-07-15,2449536.0,2793775.4182322305
2022-07-16,2196011.0,2372330.7729675453
2022-07-17,2453236.0,2771393.960342549
2022-07-18,2363728.0,2805368.0085988967
2022-07-19,2142454.0,2630670.525421806
2022-07-20,2226450.0,2836638.8790963744
2022-07-21,2440027.0,3222637.0549584245
2022-07-22,2464194.0,3434440.7635148587
2022-07-23,2190483.0,2037810.5424019801
2022-07-24,2494885.0,2247016.541151809
2022-07-25,2386005.0,2059477.5329525962
2022-07-26,2146087.0,1631073.7980753714
2022-07-27,2238047.0,1547583.3334739665
2022-07-28,2414062.0,1611340.7837922885
2022-07-29,2464079.0,1472438.7757326018
2022-07-30,2211091.0,2018031.2411183324
2022-07-31,2486969.0,2240847.853534253
2022-08-01,2373400.0,2076159.417833833
2022-08-02,2053497.0,1687795.2954794448
2022-08-03,2117390.0,1658041.1801798674
2022-08-04,2360671.0,1788723.5451639527
2022-08-05,2406372.0,1717124.6305292393
2022-08-06,2178405.0,2198907.1422389573
2022-08-07,2438788.0,2583722.0510812346
2022-08-08,2340305.0,2618352.0328728836
2022-08-09,2049473.0,2465006.8750687987
2022-08-10,2112967.0,2708612.2075464837
2022-08-11,2340082.0,3151237.2264465904
2022-08-12,2361142.0,3449435.7539949985
2022-08-13,2058033.0,2184879.3145599067
2022-08-14,2360307.0,2537585.4557400574
2022-08-15,2276507.0,2525219.570556067
2022-08-16,2016730.0,2315772.1056551263
2022-08-17,2051652.0,2488006.1341866544
2022-08-18,2335005.0,2842433.4252848057
2022-08-19,2358565.0,3028435.9724692972
2022-08-20,2014843.0,2178653.9910814837
2022-08-21,2348153.0,2526394.6952321404
2022-08-22,2260555.0,2501712.413111321
2022-08-23,1960482.0,2274799.2232353156
2022-08-24,1997252.0,2419693.26700282
2022-08-25,2263665.0,2740777.972515077
2022-08-26,2284831.0,2880915.067845822
2022-08-27,1888903.0,1865664.3060292313
2022-08-28,2319869.0,2086096.4161280475
2022-08-29,2100205.0,1909674.9533193123
2022-08-30,1768473.0,1506167.8179154303
2022-08-31,2009736.0,1449577.9897979884
2022-09-01,2324033.0,1547582.0425062454
2022-09-02,2479578.0,1441710.8723757071
2022-09-03,1903950.0,1944677.8091058503
2022-09-04,1979923.0,2221883.551890071
2022-09-05,2409938.0,2107392.351614531
2022-09-06,2088456.0,1782024.6442306228
2022-09-07,1835889.0,1824094.7727654993
2022-09-08,2120200.0,2033019.6896888553
2022-09-09,2224222.0,2054693.4743405734
2022-09-10,1828963.0,1857229.8181109782
2022-09-11,2340559.0,2124955.377121594
2022-09-12,2230866.0,2024631.6858612988
2022-09-13,1816435.0,1700475.7430250938
2022-09-14,1976151.0,1738158.4248613534
2022-09-15,2357970.0,1955840.1380364816
2022-09-16,2375510.0,1990082.8653273853
2022-09-17,1888228.0,2145884.533097825
2022-09-18,2349493.0,2524795.470432508
2022-09-19,2227301.0,2543440.1466977205
2022-09-20,1898568.0,2351455.085546635
2022-09-21,1960592.0,2541728.9470069055
2022-09-22,2335489.0,2927224.28826171
2022-09-23,2405872.0,3147331.4289025455
2022-09-24,1914884.0,2149448.749538956
2022-09-25,2362292.0,2506529.9610506655
2022-09-26,2229901.0,2491468.04392057
2022-09-27,1842212.0,2257937.0497691617
2022-09-28,1724121.0,2399106.7330008587
2022-09-29,2000766.0,2730290.7059782306
2022-09-30,2143343.0,2874661.2233845317
2022-10-01,1868495.0,1803543.9630328054
2022-10-02,2279898.0,2090062.7150213472
2022-10-03,2099505.0,1994048.5005172582
2022-10-04,1802567.0,1673765.8530908283
2022-10-05,1996446.0,1721539.5711685487
2022-10-06,2376101.0,1961616.673195654
2022-10-07,2473989.0,2014684.7002891721
2022-10-08,2018002.0,2062712.817850059
2022-10-09,2425613.0,2411408.5767799653
2022-10-10,2330624.0,2375984.033174957
2022-10-11,2046661.0,2120986.574793243
2022-10-12,2119772.0,2238728.1628772444
2022-10-13,2413700.0,2549207.8705691793
2022-10-14,2412403.0,2670692.9375144094
2022-10-15,2036937.0,2225299.3820575853
2022-10-16,2475395.0,2575083.4845891288
2022-10-17,2294755.0,2534677.8806887274
2022-10-18,2003403.0,2272400.601104669
2022-10-19,2110090.0,2379075.9995862413
2022-10-20,2429402.0,2676027.9635211416
2022-10-21,2375559.0,2773820.2374441745
2022-10-22,2005659.0,2040568.448992089
2022-10-23,2416107.0,2320335.59951804
2022-10-24,2322585.0,2216348.088978485
2022-10-25,1981651.0,1880054.1606473695
2022-10-26,2057463.0,1909880.4938353137
2022-10-27,2310460.0,2119350.3593156277
2022-10-28,2312356.0,2145272.4153214567
2022-10-29,1830454.0,1926580.9340531274
2022-10-30,2241429.0,2210108.1642835625
2022-10-31,1925032.0,2093259.2362050484
2022-11-01,1978549.0,1755517.8942294237
2022-11-02,1897396.0,1788590.8542281853
2022-11-03,2253501.0,2007603.1007916275
2022-11-04,2272855.0,2040380.6792362975
2022-11-05,1924975.0,1950773.7930089803
2022-11-06,2396744.0,2301951.1755846
2022-11-07,2168053.0,2258240.227224293
2022-11-08,1896916.0,2017889.0464802873
2022-11-09,1945183.0,2147193.4544719732
2022-11-10,2203214.0,2483951.100237485
2022-11-11,2309163.0,2628152.2220157324
2022-11-12,1945373.0,2063597.7005284487
2022-11-13,2411406.0,2437661.4013602817
2022-11-14,2229804.0,2397376.1191228316
2022-11-15,1892613.0,2139263.1347699407
2022-11-16,2034880.0,2294454.037775009
2022-11-17,2326100.0,2643514.4144504485
2022-11-18,2458089.0,2777383.4215538003
2022-11-19,2214717.0,2188137.3150346624
2022-11-20,2385400.0,2561700.9643229786
2022-11-21,2201022.0,2519843.896398804
2022-11-22,2370351.0,2278616.706965871
2022-11-23,2465337.0,2399230.6829848206
2022-11-24,1426195.0,2717661.880017104
2022-11-25,1984980.0,2836875.206389419
2022-11-26,2336633.0,1924475.1560930142
2022-11-27,2639616.0,2229932.757921968
2022-11-28,2389672.0,2117435.15369524
2022-11-29,1954785.0,1780969.3259140018
2022-11-30,1893497.0,1838321.8045814
2022-12-01,2113719.0,2076059.8001785453
2022-12-02,2132571.0,2138915.9282207824
2022-12-03,1788666.0,1943119.269545
2022-12-04,2261227.0,2270400.678476429
2022-12-05,2134176.0,2165723.6828807364
2022-12-06,1752091.0,1874749.1910927624
2022-12-07,1883346.0,1935836.4375788765
2022-12-08,2220053.0,2169993.692658402
2022-12-09,2295917.0,2211630.4491156633
2022-12-10,1886068.0,1912676.171817751
2022-12-11,2293624.0,2241884.2485585315
2022-12-12,2167861.0,2155346.599709645
2022-12-13,1810814.0,1868755.7445678986
2022-12-14,1993063.0,1965881.8592052097
2022-12-15,2298485.0,2211139.92245334
2022-12-16,2453178.0,2317771.5290721543
2022-12-17,2233861.0,2073724.3329106092
2022-12-18,2357086.0,2431508.9906769632
2022-12-19,2264761.0,2361001.9083671044
2022-12-20,2216373.0,2104722.1428925185
2022-12-21,2428528.0,2196761.0793374423
2022-12-22,2366608.0,2450799.341387436
2022-12-23,2096506.0,2582954.117635899
2022-12-24,1834551.0,2177397.913458559
2022-12-25,1800463.0,2510438.351212861
2022-12-26,2218145.0,2423760.902728164
2022-12-27,2178719.0,2146848.83553883
2022-12-28,2153682.0,2212186.090747513
2022-12-29,2178433.0,2410130.514771865
2022-12-30,2383422.0,2520697.800662275
2022-12-31,1935413.0,1982089.6941846553
2023-01-01,2046950.0,2280140.718107985
2023-01-02,2368194.0,2161368.470359043
2023-01-03,2212528.0,1853163.0479690016
2023-01-04,1985965.0,1890624.9317290932
2023-01-05,2031976.0,2117326.3675932596
2023-01-06,2043547.0,2157236.615981106
2023-01-07,1917290.0,1884730.0738360202
2023-01-08,2226917.0,1884121.373409822
2023-01-09,2009868.0,2223531.8467658353
2023-01-10,1678250.0,1997073.0410981525
2023-01-11,1723117.0,1616829.4555196627
2023-01-12,2189475.0,1646817.7739597708
2023-01-13,2316713.0,1792231.3271402733
2023-01-14,1803651.0,1780363.3681668772
2023-01-15,2038119.0,2070382.2637493196
2023-01-16,2244873.0,1973528.2715297507
2023-01-17,1803155.0,1686766.5003118482
2023-01-18,1674129.0,1695511.2524478696
2023-01-19,1997346.0,1954786.7334690846
2023-01-20,2089417.0,2011194.5084320114
2023-01-21,1662736.0,1720863.4906986055
2023-01-22,2141703.0,2053429.8116238639
2023-01-23,1970280.0,1957422.3166474358
2023-01-24,1567069.0,1687737.5109830895
2023-01-25,1677909.0,1734426.5383961792
2023-01-26,2097825.0,2006985.2743888204
2023-01-27,2122066.0,2090685.0081776627
2023-01-28,1653401.0,1758105.0537805269
2023-01-29,2144644.0,2101794.8970649065
2023-01-30,1932983.0,2050303.241289343
2023-01-31,1534786.0,1778799.2939225174
2023-02-01,1608110.0,1861809.2725101886
2023-02-02,2042277.0,2123149.090405456
2023-02-03,2102998.0,2229708.301058878
2023-02-04,1669806.0,1865902.6875442849
2023-02-05,2202873.0,2198922.970489066
2023-02-06,2040256.0,2140521.275035697
2023-02-07,1626257.0,1798187.4355631762
2023-02-08,1796332.0,1874891.1592422614
2023-02-09,2158573.0,2186344.444857268
2023-02-10,2254803.0,2326193.823286578
2023-02-11,1809116.0,1864634.5279331973
2023-02-12,2113837.0,2285045.844364275
2023-02-13,2073820.0,2242166.149349011
2023-02-14,1674639.0,1919234.4299014534
2023-02-15,2017144.0,1982012.0664406884
2023-02-16,2339970.0,2242549.634132507
2023-02-17,2509923.0,2450422.8050777987
2023-02-18,2065901.0,2015519.3779226749
2023-02-19,2319072.0,2390444.9620472393
2023-02-20,2479184.0,2402091.228278324
2023-02-21,2116450.0,2062491.104922699
2023-02-22,2006058.0,2122342.0524961594
2023-02-23,2322309.0,2404091.461142871
2023-02-24,2425335.0,2562147.9623036324
2023-02-25,2057210.0,2136280.9825102002
2023-02-26,2402716.0,2546554.6680980115
2023-02-27,2235417.0,2507751.62895602
2023-02-28,1890744.0,2123526.0226300117
2023-03-01,2066150.0,2219956.5668861275
2023-03-02,2316735.0,2529242.5555614852
2023-03-03,2375579.0,2650297.603497855
2023-03-04,2040488.0,2109410.329814187
2023-03-05,2422425.0,2550895.25072506
2023-03-06,2265014.0,2475452.512063652
2023-03-07,1908536.0,2201741.4899627664
2023-03-08,2130141.0,2291284.0107064475
2023-03-09,2417279.0,2499190.7637814693
2023-03-10,2562561.0,2576704.1316156806
2023-03-11,2279320.0,2202857.002748276
2023-03-12,2539093.0,2514159.8055586596
2023-03-13,2393346.0,2448366.7006554054
2023-03-14,2026905.0,2130963.3128638556
2023-03-15,2284299.0,2252305.691802068
2023-03-16,2483683.0,2490792.2997836014
2023-03-17,2517226.0,2571554.839381235
2023-03-18,2278805.0,2239292.5554087716
2023-03-19,2608462.0,2555590.2225731574
2023-03-20,2414648.0,2471991.0946839536
2023-03-21,2038001.0,2192074.5627347436
2023-03-22,2203488.0,2272072.7018970484
2023-03-23,2451051.0,2513460.32719922
2023-03-24,2508221.0,2579062.8311469597
2023-03-25,2208541.0,2219096.420565256
2023-03-26,2522600.0,2540968.1547272494
2023-03-27,2383816.0,2476785.5541834845
2023-03-28,2039138.0,2141713.2623797194
2023-03-29,2210676.0,2210953.331707331
2023-03-30,2487147.0,2469775.214092428
2023-03-31,2536088.0,2589012.15680325
2023-04-01,2253892.0,2117108.5973430458
2023-04-02,2545494.0,2535728.3220921555
2023-04-03,2404966.0,2477458.7931011864
2023-04-04,2080546.0,2112598.7725186436
2023-04-05,2209680.0,2196475.7744298936
2023-04-06,2532778.0,2479860.5949089522
2023-04-07,2475896.0,2595847.600887247
2023-04-08,2093075.0,2169520.462499602
2023-04-09,2387558.0,2519028.254453287
2023-04-10,2523060.0,2467927.6755829556
2023-04-11,2132314.0,2137707.460724973
2023-04-12,2168441.0,2190268.522916618
2023-04-13,2443213.0,2460294.8364357757
2023-04-14,2532863.0,2562754.225435484
2023-04-15,2150251.0,2105446.243786853
2023-04-16,2589787.0,2471870.1767463284
2023-04-17,2455406.0,2433001.0791682913
2023-04-18,2070303.0,2077876.8097068493
2023-04-19,2227164.0,2132375.417073865
2023-04-20,2534751.0,2413591.2603833997
2023-04-21,2585925.0,2530062.6734245303
2023-04-22,2057354.0,2115574.0534861917
2023-04-23,2570184.0,2438858.100059104
2023-04-24,2425693.0,2340864.5458105844
2023-04-25,2015155.0,2048024.6484317153
2023-04-26,2183316.0,2130517.1855544513
2023-04-27,2522454.0,2375285.4195291433
2023-04-28,2507149.0,2437009.4775862177
2023-04-29,2021030.0,2137593.1928910445
2023-04-30,2517228.0,2459985.985292963
2023-05-01,2432660.0,2370981.440275669
2023-05-02,1998688.0,2079053.0179484724
2023-05-03,2167265.0,2162164.7504135557
2023-05-04,2509080.0,2411074.3228774453
2023-05-05,2508503.0,2481821.4670602554
2023-05-06,2043895.0,2156161.1725787874
2023-05-07,2590391.0,2484491.115896293
2023-05-08,2476280.0,2399854.3069199417
2023-05-09,2089430.0,2104662.543605219
2023-05-10,2261499.0,2190431.2020619987
2023-05-11,2598784.0,2442747.3598465053
2023-05-12,2605959.0,2503397.8699748917
2023-05-13,2114178.0,2201669.3094487973
2023-05-14,2509333.0,2536380.5885989764
2023-05-15,2597124.0,2523257.7706567002
2023-05-16,2173966.0,2192912.9269878548
2023-05-17,2312740.0,2264210.3063752064
2023-05-18,2641296.0,2541671.8903310834
2023-05-19,2656058.0,2638147.250929652
2023-05-20,2213613.0,2220941.022911318
2023-05-21,2673457.0,2600331.41012573
2023-05-22,2592466.0,2551802.763120083
2023-05-23,2272281.0,2196164.3386261794
2023-05-24,2435811.0,2275693.45678527
2023-05-25,2672648.0,2554454.6357541857
2023-05-26,2744596.0,2657700.695608233
2023-05-27,2206475.0,2299495.5683372947
2023-05-28,2257797.0,2622308.228706165
2023-05-29,2596978.0,2577546.086247478
2023-05-30,2349003.0,2274131.706361922
2023-05-31,2259502.0,2326039.9642998204
2023-06-01,2477726.0,2590447.2217391795
2023-06-02,2534892.0,2704977.1107621486
2023-06-03,2221890.0,2227243.185196376
2023-06-04,2657217.0,2618311.1574682565
2023-06-05,2560508.0,2557097.1096445736
2023-06-06,2233160.0,2224227.2999919704
2023-06-07,2355913.0,2304077.9531125273
2023-06-08,2641522.0,2577547.2031545117
2023-06-09,2675115.0,2680498.217479053
2023-06-10,2322170.0,2291526.396035619
2023-06-11,2732330.0,2670970.26036674
2023-06-12,2636399.0,2593388.6292717513
2023-06-13,2343000.0,2301297.6940185977
2023-06-14,2465528.0,2392598.6262679645
2023-06-15,2745743.0,2649424.7094386085
2023-06-16,2785332.0,2709016.4972426645
2023-06-17,2436004.0,2409704.118317086
2023-06-18,2640349.0,2741453.717073976
2023-06-19,2742546.0,2658168.261805241
2023-06-20,2449389.0,2390739.3197915587
2023-06-21,2502239.0,2439111.1431666305
2023-06-22,2737829.0,2665017.772333207
2023-06-23,2771672.0,2746194.4948916472
2023-06-24,2456148.0,2454400.134060817
2023-06-25,2769270.0,2706313.6953721475
2023-06-26,2687481.0,2665245.114416546
2023-06-27,2391503.0,2385557.9519847212
2023-06-28,2539399.0,2425743.1926453477
2023-06-29,2759141.0,2651135.6560889017
2023-06-30,2884783.0,2719168.036894785
2023-07-01,2588334.0,2443523.9346225825
2023-07-02,2529730.0,2729709.2530829106
2023-07-03,2288645.0,2632933.167881515
2023-07-04,2007441.0,2312489.570165937
2023-07-05,2492923.0,2414498.405474333
2023-07-06,2540237.0,2637945.691600126
2023-07-07,2555001.0,2696973.9694166486
2023-07-08,2431155.0,2339332.424155887
2023-07-09,2644639.0,2600780.86106074
2023-07-10,2688266.0,2557952.4612872447
2023-07-11,2382030.0,2266475.505603012
2023-07-12,2458378.0,2331136.4488139
2023-07-13,2726021.0,2566673.273026383
2023-07-14,2738461.0,2643682.664784244
2023-07-15,2486503.0,2399472.8755416395
2023-07-16,2741762.0,2651652.4405634543
2023-07-17,2747357.0,2626176.573431695
2023-07-18,2410972.0,2339014.429286452
2023-07-19,2519328.0,2437938.6853428455
2023-07-20,2754386.0,2694488.075679439
2023-07-21,2782146.0,2753274.486500506
2023-07-22,2485646.0,2454360.5963931344
2023-07-23,2800368.0,2778999.8419180578
2023-07-24,2695657.0,2702367.5648130868
2023-07-25,2358536.0,2409395.8265019455
2023-07-26,2510210.0,2505742.5038101114
2023-07-27,2724438.0,2754593.836240959
2023-07-28,2787676.0,2805516.293789135
2023-07-29,2457943.0,2470479.502919715
2023-07-30,2815068.0,2784450.1971694
2023-07-31,2697794.0,2694023.252818129
2023-08-01,2370591.0,2389894.0667251246
2023-08-02,2431864.0,2475995.702913956
2023-08-03,2671674.0,2712899.5432882053
2023-08-04,2690858.0,2752423.1727118343
2023-08-05,2403611.0,2427687.398048437
2023-08-06,2743779.0,2733867.1605719603
2023-08-07,2602015.0,2633708.239596195
2023-08-08,2387917.0,2324518.824008361
2023-08-09,2407319.0,2401937.139232293
2023-08-10,2654716.0,2632183.218282596
2023-08-11,2648556.0,2666792.376961987
2023-08-12,2322724.0,2324347.974131112
2023-08-13,2684914.0,2631748.0730183544
2023-08-14,2548291.0,2531649.868564263
2023-08-15,2266285.0,2228460.6704300186
2023-08-16,2298936.0,2308954.0865997295
2023-08-17,2599098.0,2546935.528369014
2023-08-18,2601291.0,2588569.0729606417
2023-08-19,2252655.0,2260734.756575913
2023-08-20,2535369.0,2576112.632197492
2023-08-21,2487458.0,2515199.5260684052
2023-08-22,2101467.0,2169987.1806992814
2023-08-23,2169394.0,2230490.112528447
2023-08-24,2501995.0,2510973.9062870275
2023-08-25,2509342.0,2619167.763048562
2023-08-26,2063356.0,2151227.5331564876
2023-08-27,2538318.0,2566227.4750296664
2023-08-28,2349783.0,2510790.120031371
2023-08-29,1888361.0,2124376.366595601
2023-08-30,2014332.0,2223363.248537609
2023-08-31,2619753.0,2497400.824119029
2023-09-01,2742962.0,2641801.67711825
2023-09-02,2090550.0,2200819.455507386
2023-09-03,2081144.0,2479988.4959927895
2023-09-04,2645012.0,2489762.5781182665
2023-09-05,2243518.0,2195267.8210538756
2023-09-06,1966818.0,2196140.5652836054
2023-09-07,2283466.0,2490200.119361555
2023-09-08,2405867.0,2600110.7043400025
2023-09-09,1986960.0,2057841.3711779483
2023-09-10,2584116.0,2483388.242360976
2023-09-11,2402206.0,2455488.701223427
2023-09-12,1991959.0,2049896.2420833355
2023-09-13,2113134.0,2109824.439798199
2023-09-14,2594681.0,2414539.947901273
2023-09-15,2583450.0,2538424.185629753
2023-09-16,1978051.0,2035667.0708591584
2023-09-17,2648872.0,2469412.2663816
2023-09-18,2495564.0,2379228.8262638985
2023-09-19,1992774.0,2081018.884144356
2023-09-20,2207680.0,2169307.7845262703
2023-09-21,2651017.0,2427699.589299653
2023-09-22,2684773.0,2487148.0568894804
2023-09-23,2065137.0,2187227.9620117275
2023-09-24,2673136.0,2520422.7903240607
2023-09-25,2543611.0,2435782.016366283
2023-09-26,2058961.0,2136659.5744877956
2023-09-27,2138667.0,2240806.906727001
2023-09-28,2616213.0,2507117.7985038264
2023-09-29,2602713.0,2557425.124432649
2023-09-30,2140656.0,2234366.984618274
2023-10-01,2682443.0,2573644.187777446
2023-10-02,2473560.0,2493565.6012858385
2023-10-03,2001087.0,2199293.963062773
2023-10-04,2213969.0,2308674.7855185647
2023-10-05,2697601.0,2582219.125878773
2023-10-06,2762717.0,2627168.086897127
2023-10-07,2232660.0,2292553.2300713635
2023-10-08,2690153.0,2633315.1847161967
2023-10-09,2681432.0,2548056.098335861
2023-10-10,2293858.0,2242999.898642409
2023-10-11,2372544.0,2340868.508123812
2023-10-12,2717399.0,2609734.669480073
2023-10-13,2673246.0,2653283.2733022906
2023-10-14,2226278.0,2326988.3480588174
2023-10-15,2797326.0,2659268.9616054986
2023-10-16,2627942.0,2567972.304179884
2023-10-17,2213819.0,2291319.12448748
2023-10-18,2333408.0,2312698.928739023
2023-10-19,2695224.0,2537917.4144023866
2023-10-20,2672262.0,2633835.439107639
2023-10-21,2161735.0,2349589.1663300605
2023-10-22,2770224.0,2560442.6287902705
2023-10-23,2607835.0,2538553.039250451
2023-10-24,2138741.0,2259416.1221220903
2023-10-25,2251047.0,2278863.145659157
2023-10-26,2630523.0,2511743.198793159
2023-10-27,2615422.0,2585834.88747923
2023-10-28,2015907.0,2277502.7178205387
2023-10-29,2520086.0,2506343.1299313
2023-10-30,2292796.0,2519936.868225727
2023-10-31,1665839.0,2132823.10167379
2023-11-01,2157473.0,2255990.4484389457
2023-11-02,2415581.0,2466069.5492967675
2023-11-03,2502391.0,2557666.195062543
2023-11-04,2045614.0,2200298.157038372
2023-11-05,2669284.0,2442282.944135848
2023-11-06,2491545.0,2450592.701070318
2023-11-07,2019225.0,2123932.421850744
2023-11-08,2209479.0,2203903.759139428
2023-11-09,2658959.0,2434346.8251255522
2023-11-10,2591818.0,2513633.7851391407
2023-11-11,2025517.0,2250649.0864675757
2023-11-12,2683745.0,2583764.5898882966
2023-11-13,2533300.0,2522976.292242006
2023-11-14,2035761.0,2137999.933683854
2023-11-15,2224646.0,2236404.4162768405
2023-11-16,2550045.0,2530700.7768029156
2023-11-17,2692471.0,2625491.062188905
2023-11-18,2379699.0,2211495.201518502
2023-11-19,2608680.0,2621008.387003484
2023-11-20,2532525.0,2481271.4298034846
2023-11-21,2647461.0,2167943.430744959
2023-11-22,2741610.0,2407198.727467417
2023-11-23,1547419.0,2422697.349750494
2023-11-24,2199057.0,2553180.055309645
2023-11-25,2605387.0,2153557.621881491
2023-11-26,2908785.0,2577868.9559507826
2023-11-27,2633263.0,2537935.2055108026
2023-11-28,2171943.0,2148148.153953029
2023-11-29,1948492.0,2190829.378282486
2023-11-30,2276703.0,2472012.852103496
2023-12-01,2308362.0,2576584.9681365974
2023-12-02,1864999.0,2080499.8097804696
2023-12-03,2321965.0,2525503.429913639
2023-12-04,2266792.0,2472608.8889925624
2023-12-05,1834118.0,2060751.8478249703
2023-12-06,1998620.0,2134042.024759645
2023-12-07,2385629.0,2386663.123483891
2023-12-08,2431077.0,2431390.810602313
2023-12-09,1975896.0,2025734.8382783174
2023-12-10,2419762.0,2408380.979250776
2023-12-11,2313610.0,2391509.876488408
2023-12-12,1954074.0,2135505.0096950536
2023-12-13,2129193.0,2126019.3108147443
2023-12-14,2502604.0,2378139.8431356815
2023-12-15,2622770.0,2457829.1637544516
2023-12-16,2252933.0,2195293.179819516
2023-12-17,2495579.0,2489285.607348078
2023-12-18,2366275.0,2438692.0448779566
2023-12-19,2291458.0,2129836.643579331
2023-12-20,2514171.0,2192352.7350282343
2023-12-21,2650811.0,2508550.797299256
2023-12-22,2775193.0,2593795.6896463446
2023-12-23,2606577.0,2297348.08334852
2023-12-24,1972309.0,2597136.1168386433
2023-12-25,2028266.0,2413058.9791785185
2023-12-26,2665034.0,2172011.358550432
2023-12-27,2663517.0,2275758.3551396993
2023-12-28,2633264.0,2520523.607529542
2023-12-29,2636605.0,2535098.6286004856
2023-12-30,2563962.0,2355361.791269222
2023-12-31,2116715.0,2634228.801964312
2024-01-01,2303507.0,2365533.9721212764
2024-01-02,2555447.0,2164263.6534171724
2024-01-03,2418600.0,2271078.44857227
2024-01-04,2281402.0,2462289.2423437843
2024-01-05,2279609.0,2448842.477494699
2024-01-06,2198958.0,2056723.2065173038
2024-01-07,2380127.0,2273723.5501902117
2024-01-08,2193524.0,2212847.5745170778
2024-01-09,1774066.0,1874724.437167498
2024-01-10,1934765.0,2015139.5022495124
2024-01-11,2300884.0,2122828.4780773623
2024-01-12,2326842.0,2086960.0087322746
2024-01-13,1914063.0,1907305.4410423692
2024-01-14,2116540.0,2186374.256714406
2024-01-15,2214409.0,2061779.4560239224
2024-01-16,1864219.0,1708871.0384339946
2024-01-17,1857915.0,1835901.6238664768
2024-01-18,2104712.0,2065174.9768106637
2024-01-19,2094212.0,2064271.2812994653
2024-01-20,1753693.0,1773369.9672851157
2024-01-21,2243155.0,2083743.5221190634
2024-01-22,2053656.0,1980711.4234602344
2024-01-23,1610765.0,1691135.9484460999
2024-01-24,1815119.0,1788162.5401425431
2024-01-25,2232670.0,2040561.2241038785
2024-01-26,2278406.0,2067041.9387879623
2024-01-27,1772563.0,1797186.2824836443
2024-01-28,2261245.0,2119241.3375107083
2024-01-29,2077644.0,2039609.4123056014
2024-01-30,1617523.0,1767717.155472943
2024-01-31,1817011.0,1882008.43670417
2024-02-01,2203945.0,2148710.74761941
2024-02-02,2208138.0,2226287.433471176
2024-02-03,1752024.0,1882890.3375052684
2024-02-04,2281882.0,2253096.5382970744
2024-02-05,2160140.0,2269892.2345797876
2024-02-06,1695022.0,1845309.5959116225
2024-02-07,1880126.0,1933294.2746781812
2024-02-08,2305984.0,2266594.5211105663
2024-02-09,2369929.0,2436181.807636808
2024-02-10,1883035.0,1922141.7081861217
2024-02-11,2196980.0,2374844.360639571
2024-02-12,2283725.0,2355521.52916057
2024-02-13,1754659.0,1815153.6901245685
2024-02-14,2021114.0,2054414.222901806
2024-02-15,2515629.0,2323338.889795417
2024-02-16,2615463.0,2550412.9231432676
2024-02-17,2159328.0,2049213.8884371563
2024-02-18,2474646.0,2460327.5191063182
2024-02-19,2606125.0,2486462.058047504
2024-02-20,2206877.0,2146476.913680458
2024-02-21,2162956.0,2187750.1356778354
2024-02-22,2513429.0,2503629.7212535352
2024-02-23,2555082.0,2630662.0804283842
2024-02-24,2106561.0,2184531.041267783
2024-02-25,2561682.0,2630392.743224565
2024-02-26,2405209.0,2587953.633321249
2024-02-27,1935225.0,2190323.051288473
2024-02-28,2140789.0,2295608.0249296017
2024-02-29,2551534.0,2601035.183687131
2024-03-01,2602686.0,2715531.7182286517
2024-03-02,2132092.0,2211095.273917525
2024-03-03,2566870.0,2657994.3721852363
2024-03-04,2405790.0,2579547.9430227038
2024-03-05,1983750.0,2285903.2108155517
2024-03-06,2211599.0,2393827.8073857375
2024-03-07,2578074.0,2663145.143247464
2024-03-08,2720377.0,2700331.585427185
2024-03-09,2342497.0,2339944.676812771
2024-03-10,2719857.0,2673815.3460691576
2024-03-11,2563158.0,2596450.100186185
2024-03-12,2199126.0,2297920.7137308517
2024-03-13,2388007.0,2399916.8929082183
2024-03-14,2568962.0,2636035.5831468697
2024-03-15,2722855.0,2706288.2669783477
2024-03-16,2410078.0,2368238.5579743925
2024-03-17,2734318.0,2693666.721759977
2024-03-18,2582796.0,2644592.9692830555
2024-03-19,2205546.0,2248326.7754621073
2024-03-20,2413710.0,2340583.9387710793
2024-03-21,2690138.0,2637673.0290841945
2024-03-22,2732493.0,2719566.674859227
2024-03-23,2422106.0,2292883.5889921417
2024-03-24,2755433.0,2695147.1329794913
2024-03-25,2607498.0,2634147.08139846
2024-03-26,2243576.0,2254076.02369912
2024-03-27,2462360.0,2351097.8029220747
2024-03-28,2786223.0,2674178.224388702
2024-03-29,2693787.0,2787253.198677677
2024-03-30,2320632.0,2319361.182323221
2024-03-31,2595625.0,2697696.961865401
2024-04-01,2658016.0,2651730.367681929
2024-04-02,2261390.0,2304981.570620514
2024-04-03,2266046.0,2359492.164792255
2024-04-04,2640572.0,2668903.1245291177
2024-04-05,2703180.0,2792536.5526825166
2024-04-06,2324739.0,2286675.938914689
2024-04-07,2675829.0,2721362.7108543855
2024-04-08,2487391.0,2674254.6319903773
2024-04-09,2212961.0,2277038.593733279
2024-04-10,2316545.0,2359527.796236328
2024-04-11,2641708.0,2665986.1554513937
2024-04-12,2714741.0,2795302.222831024
2024-04-13,2180816.0,2259609.471703594
2024-04-14,2689549.0,2588867.644231193
2024-04-15,2532672.0,2483943.6763861477
2024-04-16,2148436.0,2174583.4340973897
2024-04-17,2351694.0,2290896.0890024384
2024-04-18,2695566.0,2556002.068674104
2024-04-19,2722053.0,2590398.1101245526
2024-04-20,2221738.0,2257601.202888992
2024-04-21,2756922.0,2600379.596599481
2024-04-22,2579973.0,2503218.268725995
2024-04-23,2144330.0,2201946.818248175
2024-04-24,2308366.0,2310634.854733556
2024-04-25,2686172.0,2578106.4245792944
2024-04-26,2675321.0,2619193.003738378
2024-04-27,2138255.0,2282794.6141572576
2024-04-28,2646469.0,2629665.049676757
2024-04-29,2506141.0,2553270.9866907015
2024-04-30,2151933.0,2253277.509379953
2024-05-01,2358798.0,2362597.2024447815
2024-05-02,2648857.0,2631698.250116959
2024-05-03,2675921.0,2674080.3591056606
2024-05-04,2175786.0,2325240.154152916
2024-05-05,2717249.0,2663440.8488921532
2024-05-06,2647929.0,2567082.566888965
2024-05-07,2244683.0,2267759.6007808996
2024-05-08,2452419.0,2378857.6708607613
2024-05-09,2797162.0,2646250.802538522
2024-05-10,2789715.0,2688017.5957372487
2024-05-11,2295451.0,2355529.659204944
2024-05-12,2677001.0,2692333.796529427
2024-05-13,2717876.0,2748028.442838927
2024-05-14,2343094.0,2367954.845779588
2024-05-15,2463627.0,2451042.0516128615
2024-05-16,2807609.0,2762785.229486229
2024-05-17,2855596.0,2867738.5747493515
2024-05-18,2365492.0,2370131.9907188877
2024-05-19,2843144.0,2793945.3022370283
2024-05-20,2751841.0,2740192.6522302395
2024-05-21,2442301.0,2353528.4295215365
2024-05-22,2591593.0,2450676.750870061
2024-05-23,2897421.0,2747883.6951548755
2024-05-24,2951859.0,2867010.0782166305
2024-05-25,2429201.0,2442857.29007096
2024-05-26,2413165.0,2749648.919486492
2024-05-27,2771700.0,2727503.7678040196
2024-05-28,2555425.0,2408178.028038303
2024-05-29,2446571.0,2465024.213922201
2024-05-30,2653600.0,2757274.75053032
2024-05-31,2775176.0,2861915.0124130957
2024-06-01,2415153.0,2381155.710314578
2024-06-02,2822822.0,2811614.6857735766
2024-06-03,2719030.0,2753195.279075485
2024-06-04,2397066.0,2389195.429837421
2024-06-05,2551287.0,2484454.977987493
2024-06-06,2829183.0,2789726.229373744
2024-06-07,2842268.0,2893201.4675254263
2024-06-08,2499204.0,2446243.504091013
2024-06-09,2915830.0,2865302.398719741
2024-06-10,2815125.0,2777885.0730674462
2024-06-11,2487316.0,2483524.316565458
2024-06-12,2599257.0,2598769.5282153757
2024-06-13,2859994.0,2871146.682675714
2024-06-14,2929467.0,2914582.8807171155
2024-06-15,2617341.0,2581823.688891134
2024-06-16,2858844.0,2918420.4836517083
2024-06-17,2790851.0,2825415.7270521307
2024-06-18,2537934.0,2525082.3468642156
2024-06-19,2686866.0,2635425.549716943
2024-06-20,2833516.0,2906428.277986109
2024-06-21,2873390.0,2901790.1520961695
2024-06-22,2624783.0,2557152.462521808
2024-06-23,2996495.0,2931658.268209923
2024-06-24,2944001.0,2803687.734642185
2024-06-25,2612478.0,2485118.1614476084
2024-06-26,2722125.0,2633972.476005145
2024-06-27,2921687.0,2873891.2908655
2024-06-28,2938292.0,2871154.808860502
2024-06-29,2648476.0,2539354.008805857
2024-06-30,2835019.0,2909165.021095177
2024-07-01,2754690.0,2820152.3922370183
2024-07-02,2537986.0,2504885.0341006625
2024-07-03,2786534.0,2604877.86317929
2024-07-04,2222431.0,2778664.0147898714
2024-07-05,2431240.0,2870033.891996168
2024-07-06,2617154.0,2493436.58496424
2024-07-07,3013622.0,2839481.78690546
2024-07-08,2785721.0,2731624.6223112782
2024-07-09,2580105.0,2411156.260802394
2024-07-10,2627735.0,2575019.905005224
2024-07-11,2839251.0,2804951.825321038
2024-07-12,2829067.0,2800539.4046553476
2024-07-13,2583704.0,2507266.976432053
2024-07-14,2937845.0,2878967.990656988
2024-07-15,2860799.0,2768042.2360322266
2024-07-16,2536991.0,2455237.4423501515
2024-07-17,2641325.0,2623270.836458732
2024-07-18,2957170.0,2887438.928253099
2024-07-19,2716304.0,2932991.6507329675
2024-07-20,2606097.0,2611400.1194547755
2024-07-21,2909267.0,2949486.160423324
2024-07-22,2864584.0,2857579.153580512
2024-07-23,2603647.0,2564481.6559328926
2024-07-24,2718954.0,2676115.1438902444
2024-07-25,2924478.0,2938486.783890237
2024-07-26,2877017.0,2971485.2104034126
2024-07-27,2582953.0,2640476.9369231355
2024-07-28,2922306.0,2968418.1243084786
2024-07-29,2795317.0,2869563.042078333
2024-07-30,2437121.0,2567175.174531161
2024-07-31,2618705.0,2666983.277772071
2024-08-01,2871907.0,2916129.800995935
2024-08-02,2803445.0,2939485.09417287
2024-08-03,2555713.0,2580266.460327143
2024-08-04,2800099.0,2920892.0506015727
2024-08-05,2701321.0,2810043.736753731
2024-08-06,2413736.0,2495286.581451416
2024-08-07,2555693.0,2590157.029389576
2024-08-08,2808911.0,2832240.455978113
2024-08-09,2756793.0,2849072.512490364
2024-08-10,2475459.0,2489521.9667649465
2024-08-11,2850074.0,2801560.941691735
2024-08-12,2705415.0,2691472.112125162
2024-08-13,2266346.0,2376807.631360896
2024-08-14,2380580.0,2474618.2252295297
2024-08-15,2732713.0,2720742.3658505115
2024-08-16,2748819.0,2743625.026699396
2024-08-17,2344279.0,2399000.6767664286
2024-08-18,2796821.0,2720093.573962881
2024-08-19,2686909.0,2648575.210126853
2024-08-20,2252171.0,2267088.243442872
2024-08-21,2310258.0,2333394.1312361886
2024-08-22,2654402.0,2637276.3207020867
2024-08-23,2660166.0,2742625.6515341923
2024-08-24,2185822.0,2243219.304947956
2024-08-25,2702492.0,2696912.557213332
2024-08-26,2463227.0,2645666.0626163464
2024-08-27,1980342.0,2231414.61340835
2024-08-28,2221120.0,2307633.246958969
2024-08-29,2746266.0,2618144.0567965657
2024-08-30,2913547.0,2771979.07293226
2024-08-31,2163592.0,2324878.576014799
2024-09-01,2219496.0,2585687.8608683236
2024-09-02,2748226.0,2614406.6730841463
2024-09-03,2272637.0,2313496.947930408
2024-09-04,1965339.0,2319883.420958917
2024-09-05,2277401.0,2617561.154348534
2024-09-06,2404754.0,2725106.2367022648
2024-09-07,1944006.0,2161847.684041732
2024-09-08,2635080.0,2618967.8059480805
2024-09-09,2447809.0,2575562.7612013435
2024-09-10,1947530.0,2166193.756256239
2024-09-11,1999757.0,2233831.589060486
2024-09-12,2630964.0,2557405.9762564194
2024-09-13,2629323.0,2680270.53897909
2024-09-14,2039797.0,2095868.1453892938
2024-09-15,2751418.0,2580771.358148877
2024-09-16,2568141.0,2483965.929670756
2024-09-17,2047363.0,2179931.013455623
2024-09-18,2204592.0,2289321.9116962957
2024-09-19,2720369.0,2559277.341774305
2024-09-20,2746884.0,2594744.451524008
2024-09-21,2113564.0,2279472.856899468
2024-09-22,2834755.0,2623325.7158805616
2024-09-23,2624958.0,2531785.019741953
2024-09-24,2063662.0,2241677.583195508
2024-09-25,2245707.0,2360035.989712333
2024-09-26,2550227.0,2638993.2696433365
2024-09-27,2584954.0,2680224.8450684813
2024-09-28,2090971.0,2336323.7833234896
2024-09-29,2744939.0,2687617.517408712
2024-09-30,2544480.0,2598476.6333739343
2024-10-01,1999352.0,2300504.5554384403
2024-10-02,2151683.0,2422224.223999213
2024-10-03,2640399.0,2697919.725700289
2024-10-04,2668729.0,2738467.4997729515
2024-10-05,2107910.0,2378084.576821973
2024-10-06,2830443.0,2727421.8491865154
2024-10-07,2650717.0,2633496.5322571592
2024-10-08,2092902.0,2328044.203028569
2024-10-09,2104384.0,2440726.0258882698
2024-10-10,2515514.0,2711668.1315147625
2024-10-11,2840414.0,2742855.9665228743
2024-10-12,2245955.0,2375381.0530740325
2024-10-13,2759322.0,2719019.0776998415
2024-10-14,2753893.0,2613311.2756219753
2024-10-15,2331229.0,2294917.0485371263
2024-10-16,2380635.0,2398999.410045547
2024-10-17,2790733.0,2658225.832873646
2024-10-18,2810221.0,2622016.923222781
2024-10-19,2244829.0,2306847.835030614
2024-10-20,2934025.0,2712881.725674161
2024-10-21,2756016.0,2540185.197337264
2024-10-22,2162389.0,2218830.917373852
2024-10-23,2283293.0,2379094.648882609
2024-10-24,2734510.0,2621977.17645526
2024-10-25,2757296.0,2583076.892049833
2024-10-26,2138621.0,2269400.0069603897
2024-10-27,2797199.0,2675562.27811829
2024-10-28,2571459.0,2525541.5409518746
2024-10-29,1956344.0,2187550.2894525463
2024-10-30,2160195.0,2374992.761074279
2024-10-31,2161429.0,2519874.055890526
2024-11-01,2565724.0,2600353.2549848454
2024-11-02,1997801.0,2198544.454634518
2024-11-03,2646807.0,2620114.1028093006
2024-11-04,2403233.0,2463333.671315581
2024-11-05,1910059.0,2152956.4969137833
2024-11-06,2106444.0,2309192.8127421155
2024-11-07,2597660.0,2552251.9911852097
2024-11-08,2662635.0,2502788.015687002
2024-11-09,2112678.0,2206053.5823665326
2024-11-10,2660472.0,2638588.243596625
2024-11-11,2697567.0,2475793.4472777946
2024-11-12,2085620.0,2162147.025793009
2024-11-13,2088739.0,2357650.4842052236
2024-11-14,2561968.0,2576229.558151828
2024-11-15,2636505.0,2706967.5364996283
2024-11-16,1949769.0,2142268.311555175
2024-11-17,2663030.0,2642055.8826155597
2024-11-18,2455375.0,2599880.5315942527
2024-11-19,1885832.0,2164076.7063282616
2024-11-20,2070826.0,2251308.073109362
2024-11-21,2550762.0,2529866.658998972
2024-11-22,2754798.0,2649198.786118314
2024-11-23,2493313.0,2185814.0016020765
2024-11-24,2659301.0,2595473.3549318686
2024-11-25,2506373.0,2436630.5613916414
2024-11-26,2694504.0,2118784.096751664
2024-11-27,2726845.0,2408899.0281263455
2024-11-28,1551896.0,2310187.7818915728
2024-11-29,2377911.0,2483621.842956556
2024-11-30,2811101.0,2136273.312300638
2024-12-01,3088836.0,2586210.5583968638
2024-12-02,2829000.0,2516534.6832890767
2024-12-03,2283750.0,2122607.7767673517
2024-12-04,2120703.0,2128438.3412322924
2024-12-05,2443620.0,2464803.555204117
2024-12-06,2522641.0,2573306.6660334114
2024-12-07,2012382.0,2077127.5177403232
2024-12-08,2603322.0,2550401.2430234984
2024-12-09,2438070.0,2519116.4183015875
2024-12-10,2013749.0,2093128.2354276027
2024-12-11,2148651.0,2181323.7523402115
2024-12-12,2588225.0,2540254.6263913093
2024-12-13,2655019.0,2503572.2322017527
2024-12-14,2146894.0,2193577.8473129957
2024-12-15,2599354.0,2589234.7063360997
2024-12-16,2401238.0,2477694.2391825374
2024-12-17,2122028.0,2184009.965183063
2024-12-18,2351328.0,2313760.0692243567
2024-12-19,2651437.0,2536966.265955949
2024-12-20,2845856.0,2559842.8494352465
2024-12-21,2773545.0,2281049.850770911
2024-12-22,2800962.0,2676847.087215595
2024-12-23,2758299.0,2628308.9192751395
2024-12-24,2068817.0,2227022.0748583963
2024-12-25,2039342.0,2235009.592234198
2024-12-26,2743795.0,2606476.183904916
2024-12-27,2848156.0,2644441.7860272694
2024-12-28,2741872.0,2312545.386663843
2024-12-29,2805401.0,2597946.845220609
2024-12-30,2765740.0,2598694.797595083
2024-12-31,2172902.0,2262801.914951717
2025-01-01,2317817.0,2230403.7041124622
2025-01-02,2612162.0,2563654.2819553753
2025-01-03,2563751.0,2601279.2866292475
2025-01-04,2543303.0,2229491.1105862465
2025-01-05,2579257.0,2526380.5771450945
2025-01-06,2222167.0,2374522.887786544
2025-01-07,1915448.0,2038484.4311860604
2025-01-08,1885768.0,2152670.531617174
2025-01-09,2033464.0,2339624.706864111
2025-01-10,2000526.0,2304891.1133336015
2025-01-11,1858186.0,1922261.9695175076
2025-01-12,2322779.0,2282930.4610094805
2025-01-13,2063978.0,2171035.8280049046
2025-01-14,1651244.0,1805567.9794484612
2025-01-15,1844782.0,1897165.9583560014
2025-01-16,2369562.0,2152067.946690301
2025-01-17,2526699.0,2171653.9421547865
2025-01-18,1939355.0,1819000.754248292
2025-01-19,2113340.0,2115144.870387014
2025-01-20,2467069.0,2039918.3399052173
2025-01-21,1758401.0,1699773.9369850392
2025-01-22,1710944.0,1817670.8802125836
2025-01-23,2158274.0,2090966.054181167
2025-01-24,2257772.0,2127951.57630596
2025-01-25,1785853.0,1813826.6430463651
2025-01-26,2302281.0,2184583.25732272
2025-01-27,2088851.0,2073426.399278814
2025-01-28,1599434.0,1760888.365366091
2025-01-29,1792651.0,1887621.6139699235
2025-01-30,2219044.0,2190313.704825993
2025-01-31,2273071.0,2245451.834279394
2025-02-01,1791123.0,1916707.6517448148
2025-02-02,2331440.0,2244694.895462651
2025-02-03,2102830.0,2298959.9987111543
2025-02-04,1649904.0,1836949.9789779624
2025-02-05,1821551.0,1927694.4668034667
2025-02-06,2211186.0,2254399.539530421
2025-02-07,2338385.0,2486235.1587428483
2025-02-08,1828477.0,1890575.8124666219
2025-02-09,2186024.0,2375674.543784651
2025-02-10,2323951.0,2411800.0265987064
2025-02-11,1753906.0,1920705.321494609
2025-02-12,1990225.0,1994758.4248379571
2025-02-13,2563360.0,2397484.559004766
2025-02-14,2626024.0,2566499.785304274
2025-02-15,2160974.0,2048123.1419027245
2025-02-16,2394991.0,2467161.7768386505
2025-02-17,2721332.0,2506000.330083674
2025-02-18,2243788.0,2123335.527829383
2025-02-19,2122519.0,2167295.4261800256
2025-02-20,2466484.0,2511459.87237833
2025-02-21,2553110.0,2643786.7464023167
2025-02-22,2162478.0,2164944.871608168
2025-02-23,2594617.0,2645145.905276691
2025-02-24,2399600.0,2606243.471860809
2025-02-25,1917007.0,2153038.629824121
2025-02-26,2124463.0,2246908.676135234
2025-02-27,2579759.0,2597808.3826460023
2025-02-28,2630825.0,2738111.3080866714
2025-03-01,2158850.0,2200764.4882550314
2025-03-02,2599903.0,2684350.6838491494
2025-03-03,2366161.0,2583864.2270594435
2025-03-04,1875355.0,2251780.7653211183
2025-03-05,2136554.0,2342354.5161042265
2025-03-06,2576928.0,2658735.5918565197
2025-03-07,2643053.0,2697721.565710734
2025-03-08,2281542.0,2350435.598255613
2025-03-09,2663677.0,2703396.3662295593
2025-03-10,2463857.0,2597923.165991691
2025-03-11,2027490.0,2272427.946980006
2025-03-12,2297329.0,2394185.3105875645
2025-03-13,2708449.0,2681158.0397393713
2025-03-14,2767748.0,2727213.0779372305
2025-03-15,2487259.0,2370009.3713495103
2025-03-16,2789837.0,2694651.885393845
2025-03-17,2699013.0,2620953.503774215
2025-03-18,2270253.0,2293078.9704347444
2025-03-19,2408377.0,2405529.756303065
2025-03-20,2768538.0,2674005.465282237
2025-03-21,2771173.0,2748109.425633025
2025-03-22,2501942.0,2418575.9408548498
2025-03-23,2832539.0,2765536.066744513
2025-03-24,2617185.0,2655160.9258368416
2025-03-25,2153871.0,2325340.812454236
2025-03-26,2339528.0,2442528.452324905
2025-03-27,2703280.0,2725837.5573388455
2025-03-28,2715766.0,2766043.007568643
2025-03-29,2348454.0,2419232.8075902886
2025-03-30,2700604.0,2744053.963978282
2025-03-31,2555126.0,2654452.580868815
2025-04-01,2181917.0,2312466.6207491397
2025-04-02,2179265.0,2438185.2779560667
2025-04-03,2619950.0,2723008.135278646
2025-04-04,2657802.0,2757864.56758281
2025-04-05,2240401.0,2391372.8716265196
2025-04-06,2735362.0,2730221.418746256
2025-04-07,2532641.0,2676198.7228898318
2025-04-08,2087676.0,2226139.571200283
2025-04-09,2302933.0,2332444.5649537677
2025-04-10,2720572.0,2656916.7588444594
2025-04-11,2743057.0,2771870.829818151
2025-04-12,2271278.0,2246786.7786849793
2025-04-13,2747565.0,2722878.1949447445
2025-04-14,2565091.0,2660627.6372709973
2025-04-15,2114573.0,2218920.4539161664
2025-04-16,2359864.0,2316861.3935428434
2025-04-17,2821542.0,2673860.522646452
2025-04-18,2658132.0,2777376.742410629
2025-04-19,2156119.0,2287018.7851424236
2025-04-20,2591393.0,2700027.6152882855
2025-04-21,2783476.0,2673196.392781017
2025-04-22,2266040.0,2266881.022093645
2025-04-23,2343680.0,2336416.8717023735
2025-04-24,2757877.0,2675854.6708321352
2025-04-25,2766258.0,2806912.8970790515
2025-04-26,2203462.0,2288535.4698878513
2025-04-27,2829787.0,2767893.0891681802
2025-04-28,2601001.0,2702781.7680984554
2025-04-29,2067463.0,2270009.5641807145
2025-04-30,2300084.0,2372635.9398152577
2025-05-01,2744098.0,2710701.531401981
2025-05-02,2659193.0,2854765.832677458
2025-05-03,2102342.0,2282518.33848163
2025-05-04,2762463.0,2642340.0082448246
2025-05-05,2588956.0,2536731.28085269
2025-05-06,2106907.0,2206958.9930433943
2025-05-07,2288927.0,2327652.3966252403
2025-05-08,2730456.0,2617958.1841347273
2025-05-09,2711847.0,2655926.158326788
2025-05-10,2125020.0,2311416.270436459
2025-05-11,2646042.0,2662707.8285824778
2025-05-12,2657759.0,2739504.634990912
2025-05-13,2131356.0,2315552.7707254174
2025-05-14,2366860.0,2403481.0424220604
2025-05-15,2847916.0,2740254.47197248
2025-05-16,2834508.0,2862161.2466837037
2025-05-17,2311326.0,2317992.953156561
2025-05-18,2929839.0,2776676.8256666064
2025-05-19,2793452.0,2724561.0601797774
2025-05-20,2321388.0,2297752.1358954897
2025-05-21,2510246.0,2397444.813901543
2025-05-22,2960413.0,2720529.4622262223
2025-05-23,3010183.0,2854160.7761631985
2025-05-24,2389262.0,2423981.173974897
2025-05-25,2456295.0,2727639.708692596
2025-05-26,2863596.0,2714779.556595214
2025-05-27,2509320.0,2367433.251355893
2025-05-28,2325817.0,2421161.5297476472
2025-05-29,2626367.0,2732784.4705002317
2025-05-30,2698137.0,2845351.7088570674
2025-05-31,2352801.0,2346938.6548367967
2025-06-01,2825055.0,2798581.1464046766
2025-06-02,2642700.0,2736852.926604205
2025-06-03,2213336.0,2329025.9268814693
2025-06-04,2364375.0,2432637.4138263785
2025-06-05,2798927.0,2749864.626943358
2025-06-06,2766521.0,2855554.687488092
2025-06-07,2395746.0,2378405.652278461
2025-06-08,2927145.0,2824382.19730112
2025-06-09,2833198.0,2728493.820524582
2025-06-10,2363770.0,2405240.327223821
2025-06-11,2504337.0,2525368.2846639296
2025-06-12,2887798.0,2817229.762350926
2025-06-13,2871959.0,2857975.441784881
2025-06-14,2517202.0,2526918.552773823
2025-06-15,2888821.0,2879913.56787862
2025-06-16,2844254.0,2774828.9486465105
2025-06-17,2455696.0,2448678.781706273
2025-06-18,2705355.0,2570201.464094852
2025-06-19,2980935.0,2856102.9411035758
2025-06-20,2891240.0,2891648.204746021
2025-06-21,2614464.0,2549118.047033488
2025-06-22,3096797.0,2857603.866834407
2025-06-23,2953905.0,2806276.6219198564
2025-06-24,2508733.0,2470857.748654985
2025-06-25,2620696.0,2548284.892787343
2025-06-26,2931282.0,2860228.973497801
2025-06-27,2988614.0,2884054.184916958
2025-06-28,2624407.0,2544599.0286156954
2025-06-29,2959224.0,2857338.4002687563
2025-06-30,2780012.0,2790807.8426481565
2025-07-01,2402675.0,2468865.4389173533
2025-07-02,2718537.0,2546979.042566538
2025-07-03,2923234.0,2875123.730197397
2025-07-04,2162755.0,2779826.686818501
2025-07-05,2457591.0,2503011.4623148222
2025-07-06,3041954.0,2823817.830150398
2025-07-07,2917942.0,2758210.4209745624
2025-07-08,2488332.0,2412281.2985735256
2025-07-09,2554687.0,2494579.2132862327
2025-07-10,2873682.0,2780363.8791453126
2025-07-11,2885953.0,2827305.827377767
2025-07-12,2589889.0,2480359.226474233
2025-07-13,3007773.0,2803523.0209546527
2025-07-14,2865292.0,2741933.479150328
2025-07-15,2557900.0,2417783.3269039225
2025-07-16,2614183.0,2498769.725000357
2025-07-17,2998225.0,2825655.296462696
2025-07-18,2962082.0,2851757.62487664
2025-07-19,2603307.0,2535658.17689079
2025-07-20,3043973.0,2892436.351173956
2025-07-21,2886647.0,2783796.372369345
2025-07-22,2452271.0,2452382.846054217
2025-07-23,2630151.0,2575522.821638073
2025-07-24,2968866.0,2879568.8765321006
2025-07-25,2970569.0,2895819.1920934967
2025-07-26,2670276.0,2572327.691407408
2025-07-27,3017861.0,2921996.052351709
2025-07-28,2929749.0,2809080.440357628
2025-07-29,2438933.0,2470994.6896074144
2025-07-30,2574917.0,2584039.7812713906
2025-07-31,2882829.0,2877145.652877596
2025-08-01,2999166.0,2887259.399663385
2025-08-02,2640741.0,2546302.5515382374
2025-08-03,2983755.0,2890411.1157815093
2025-08-04,2855684.0,2764188.3322732733
2025-08-05,2364019.0,2412413.46047719
2025-08-06,2447464.0,2518210.398029157
2025-08-07,2893814.0,2798101.8425627165
2025-08-08,2854458.0,2801797.2553633363
2025-08-09,2462226.0,2450563.3310455354
2025-08-10,2960755.0,2790832.0271568354
2025-08-11,2763999.0,2658774.158604424
2025-08-12,2256579.0,2301284.8882898837
2025-08-13,2331562.0,2407643.704291061
2025-08-14,2835968.0,2692878.460942571
2025-08-15,2796277.0,2704072.183703595
2025-08-16,2360294.0,2348707.525259436
2025-08-17,2907660.0,2688262.7159378906
2025-08-18,2705168.0,2640696.1838813564
2025-08-19,2187411.0,2195299.2384583624
2025-08-20,2294086.0,2256919.2782980995
2025-08-21,2731931.0,2610525.202829069
2025-08-22,2667258.0,2718688.7485540644
2025-08-23,2185460.0,2174485.8598894607
2025-08-24,2786648.0,2669455.458944465
2025-08-25,2506611.0,2616185.31522063
2025-08-26,1950994.0,2124411.6795824496
2025-08-27,2229905.0,2200468.4269139003
2025-08-28,2833316.0,2557009.606873713
2025-08-29,2971455.0,2729456.48332744
2025-08-30,2223191.0,2244129.493457806
2025-08-31,2343216.0,2525438.8781630853
2025-09-01,2836013.0,2569187.9155025887
2025-09-02,2276201.0,2216116.2721425625
2025-09-03,1965954.0,2202636.2580821016
2025-09-04,2305882.0,2557922.803979715
2025-09-05,2427350.0,2676163.1659870674
2025-09-06,1923040.0,2107527.31260379
2025-09-07,2673762.0,2629729.138756168
2025-09-08,2456693.0,2583841.230482292
2025-09-09,1896803.0,2111307.419347983
2025-09-10,2107833.0,2164195.611410161
2025-09-11,2610925.0,2529377.589726069
2025-09-12,2669713.0,2657847.414378402
2025-09-13,2020113.0,2039672.927856676
2025-09-14,2810804.0,2588583.5280995863
2025-09-15,2590221.0,2475980.9133431227
2025-09-16,2004769.0,2118094.0940140565
2025-09-17,2219220.0,2226164.6187819843
2025-09-18,2788191.0,2545297.5991436862
2025-09-19,2788902.0,2570457.679554156
2025-09-20,2140805.0,2219447.6697294177
2025-09-21,2848945.0,2607551.655614976
2025-09-22,2598440.0,2489652.819508653
2025-09-23,1975026.0,2132933.522394422
2025-09-24,2165846.0,2256743.2494718744
2025-09-25,2739357.0,2580633.451691555
2025-09-26,2741844.0,2618217.022756594
2025-09-27,2083134.0,2268395.702380687
2025-09-28,2843311.0,2664943.513048376
2025-09-29,2577248.0,2555079.033493315
2025-09-30,2005123.0,2205659.6982850577
2025-10-01,2199312.0,2335068.309271378
2025-10-02,2673111.0,2648528.583098719
2025-10-03,2697756.0,2688894.971625942
2025-10-04,2091602.0,2341426.288964295
2025-10-05,2901606.0,2737730.544699897
2025-10-06,2686873.0,2625786.9561104192
2025-10-07,2104449.0,2268072.323504439
2025-10-08,2417075.0,2392234.432330365
2025-10-09,2975982.0,2707389.164123337
2025-10-10,3017612.0,2740359.922933099
2025-10-11,2381106.0,2381945.8015186507
2025-10-12,2951273.0,2770643.3098785463
2025-10-13,2874884.0,2648401.2436606176
2025-10-14,2413133.0,2279805.116139
2025-10-15,2438918.0,2386839.1776173445
2025-10-16,2901650.0,2708730.704662172
2025-10-17,2878950.0,2734795.819270912
2025-10-18,2268485.0,2357091.645301203
2025-10-19,2988255.0,2678210.6957941726
2025-10-20,2794820.0,2649894.987976551
2025-10-21,2141971.0,2247587.7283279933
2025-10-22,2278249.0,2314898.56461734
2025-10-23,2780271.0,2644064.2503441973
2025-10-24,2773635.0,2677917.0152022718
2025-10-25,2126979.0,2297691.31052076
2025-10-26,2859222.0,2618252.9239340173
2025-10-27,2636402.0,2590046.6887945808
2025-10-28,1945466.0,2198330.141424105
2025-10-29,2087383.0,2250457.658644306
2025-10-30,2532054.0,2626731.0601373888
2025-10-31,2280607.0,2532845.2823995408
2025-11-01,2029708.0,2250390.18438528
2025-11-02,2678442.0,2562908.539723784
2025-11-03,2492532.0,2540593.3659054106
2025-11-04,2015706.0,2135878.3717482663
2025-11-05,2162311.0,2221775.4503779146
2025-11-06,2704209.0,2542702.886949833
2025-11-07,2645578.0,2591884.731086128
2025-11-08,2080116.0,2223471.2634589584
2025-11-09,2631788.0,2561247.476245639
2025-11-10,2488335.0,2514345.797869162
2025-11-11,2054768.0,2160602.7550294427
2025-11-12,1996069.0,2252227.567620866
2025-11-13,2434496.0,2564875.077601024
2025-11-14,2456308.0,2712163.8053254317
2025-11-15,1902157.0,2125760.738374155
2025-11-16,2604321.0,2686160.2672715182
2025-11-17,2349327.0,2640397.586663925
2025-11-18,1816617.0,2141168.2724687704
2025-11-19,2073637.0,2240727.074681109
2025-11-20,2493511.0,2536333.02803364
2025-11-21,2792495.0,2657039.304617006
2025-11-22,2482593.0,2214462.065690446
2025-11-23,2617142.0,2664442.2894742214
2025-11-24,2563877.0,2481516.049816165
2025-11-25,2675261.0,2135543.152710494
2025-11-26,2753036.0,2460384.113113773
2025-11-27,1559165.0,2339467.965322552
2025-11-28,2392036.0,2554833.1965175234
2025-11-29,2696816.0,2134861.597331304
2025-11-30,3134613.0,2662186.2545304857
2025-12-01,2893451.0,2585483.6416171766
2025-12-02,2233828.0,2178731.2060487266
2025-12-03,2125688.0,2174391.8638085374
2025-12-04,2437542.0,2538776.9648213824
2025-12-05,2456311.0,2669560.352451008
2025-12-06,1987785.0,2144860.113956936
2025-12-07,2597892.0,2623389.441193715
2025-12-08,2470751.0,2580503.857555557
2025-12-09,1977202.0,2104473.6621521614
2025-12-10,2160994.0,2192306.5424287645
2025-12-11,2584914.0,2469499.1814529323
2025-12-12,2651654.0,2596250.388834785
2025-12-13,2157148.0,2265984.706518312
2025-12-14,2586427.0,2547831.170435409
2025-12-15,2503757.0,2548666.940865294
2025-12-16,2047653.0,2183313.3916920573
2025-12-17,2271960.0,2275421.5174299395
2025-12-18,2637016.0,2589857.0762680066
2025-12-19,2824905.0,2608328.574091088
2025-12-20,2748731.0,2289288.9526794152
2025-12-21,2769228.0,2675961.3372943155
2025-12-22,2795090.0,2590540.811580616
2025-12-23,2822653.0,2313019.563175561
2025-12-24,2236205.0,2328679.343687018
2025-12-25,2066118.0,2528070.251685932
2025-12-26,2716278.0,2659102.455607206
2025-12-27,2804814.0,2342864.934338488
2025-12-28,2924593.0,2679210.664574656
2025-12-29,2811757.0,2551843.783277388
2025-12-30,2827572.0,2264041.989483138
2025-12-31,2291360.0,2303581.149913231
2026-01-01,2334465.0,2538973.1569399675
2026-01-02,2578209.0,2640867.39811049
2026-01-03,2604749.0,2306278.2140517305
2026-01-04,2817509.0,2601313.860702665
2026-01-05,2508517.0,2473207.4138862686
2026-01-06,1941589.0,2073759.893593866
2026-01-07,1900237.0,2136576.1541587585
2026-01-08,2151117.0,2414209.0854793955
2026-01-09,2206079.0,2432650.643608922
2026-01-10,1971751.0,2048181.173827578
2026-01-11,2411470.0,2310222.952818516
2026-01-12,2140851.0,2226851.602868327
2026-01-13,1688866.0,1869543.452072666
2026-01-14,1903860.0,1896556.6254510712
2026-01-15,2460511.0,2165411.0538480063
2026-01-16,2608430.0,2157157.0534719103
2026-01-17,2002239.0,1807768.5711011607
2026-01-18,2231469.0,2138967.115641833
2026-01-19,2556438.0,2016645.2404480523
2026-01-20,1952569.0,1654625.3090414726
2026-01-21,1802833.0,1757216.5190715366
2026-01-22,2235021.0,2114249.3920046287
2026-01-23,2243481.0,2143231.8550079134
2026-01-24,1616945.0,1801730.6994675267
2026-01-25,1313323.0,2079166.8174718064
2026-01-26,1830079.0,2053890.809344061
2026-01-27,1765468.0,1704100.994417071
2026-01-28,1879610.0,1837903.7274260984
2026-01-29,2235355.0,2157347.606232729
2026-01-30,2238006.0,2197333.1132639595
2026-01-31,1729865.0,1850254.0740045963
2026-02-01,2303445.0,2278358.52506512
2026-02-02,2150084.0,2300114.8348732344
2026-02-03,1666150.0,1765214.2296448732
2026-02-04,1839311.0,1864805.8542767167
2026-02-05,2324236.0,2267043.826769419
2026-02-06,2351379.0,2450829.894468288
2026-02-07,1873708.0,1901010.898876295
2026-02-08,2274639.0,2400469.331987867
2026-02-09,2386224.0,2419187.0794390766
2026-02-10,1852752.0,1875940.221289637
2026-02-11,2074130.0,1991125.251794685
2026-02-12,2701700.0,2385783.17775615
2026-02-13,2759407.0,2570652.588376309
2026-02-14,2186932.0,2057645.3633972732
2026-02-15,2536292.0,2476533.333427971
2026-02-16,2766705.0,2488309.611404763
2026-02-17,2247910.0,2071767.178463448
2026-02-18,2229730.0,2072665.957725096
2026-02-19,2644354.0,2492732.942731667
2026-02-20,2650675.0,2628636.2075833613
2026-02-21,2284819.0,2138117.2721157046
2026-02-22,2475455.0,2592719.594826804
2026-02-23,1996320.0,2415668.249147382
2026-02-24,1958051.0,2123240.747087373
2026-02-25,2258729.0,2201092.1846236563
2026-02-26,2647330.0,2590133.6755141737
2026-02-27,2625251.0,2729801.120459997
2026-02-28,2190541.0,2192586.282734889
2026-03-01,2687408.0,2714385.6246392136
2026-03-02,2432452.0,2605356.6144219767
2026-03-03,1910452.0,2222510.8348507173
2026-03-04,2133462.0,2366042.6682173447
2026-03-05,2615896.0,2667656.463798142
2026-03-06,2696932.0,2630971.681188963
2026-03-07,2338542.0,2369548.930841764
2026-03-08,2781523.0,2741843.699724246
2026-03-09,2563627.0,2616853.745734808
2026-03-10,2056174.0,2265927.743906782
2026-03-11,2372082.0,2383455.4765306
2026-03-12,2788748.0,2705143.9028876573
2026-03-13,2854704.0,2660177.903901572
2026-03-14,2568085.0,2398436.550618959
2026-03-15,2765657.0,2712566.0594982486
2026-03-16,2474964.0,2626812.3685033927
2026-03-17,2424806.0,2304429.4311228497
2026-03-18,2573056.0,2431386.904413422
2026-03-19,2817785.0,2760734.5435437784
2026-03-20,2766291.0,2789220.7657852075
2026-03-21,2498514.0,2455092.1279492644
2026-03-22,2865969.0,2820002.0800114674
2026-03-23,2641500.0,2738902.006799144
2026-03-24,2193195.0,2255470.2646883875
2026-03-25,2379710.0,2365375.704208631
2026-03-26,2723798.0,2730207.6737121656
2026-03-27,2744893.0,2842809.622388928
2026-03-28,2426467.0,2336282.0410726955
2026-03-29,2758600.0,2820817.655421216
2026-03-30,2533621.0,2743056.9951824504
2026-03-31,2154213.0,2255820.079317553
2026-04-01,2360739.0,2356172.45324386
2026-04-02,2710611.0,2743361.794060749
2026-04-03,2659561.0,2836356.2921384946
2026-04-04,2274101.0,2318034.750292415
2026-04-05,2561932.0,2749068.1448251028
2026-04-06,2705640.0,2728334.5803406728
2026-04-07,2207180.0,2275822.9145622253
2026-04-08,2278770.0,2332996.310390468
2026-04-09,2691308.0,2697268.671824968
2026-04-10,2688395.0,2822326.720715
2026-04-11,2269365.0,2263768.816758801
2026-04-12,2822290.0,2792698.2969668712
2026-04-13,2606811.0,2717862.2970341723
2026-04-14,2044781.0,2231842.049017578
2026-04-15,2251197.0,2338278.1427096566
2026-04-16,2738409.0,2702245.3189911284
2026-04-17,2705217.0,2825919.257364502
2026-04-18,2069600.0,2246915.7670086888
2026-04-19,2796984.0,2628234.478187405
2026-04-20,2571543.0,2504276.549085468
2026-04-21,2055863.0,2151340.8002428957
2026-04-22,2302381.0,2283201.0933787674
2026-04-23,2740418.0,2600301.3809286025
2026-04-24,2704682.0,2618217.426934853
2026-04-25,2093949.0,2275037.9943506536
2026-04-26,2768606.0,2653446.6670358693
2026-04-27,2539040.0,2542869.1630685804
2026-04-28,2020266.0,2165202.703105417
2026-04-29,2264608.0,2313490.672549568
2026-04-30,2748380.0,2634740.7979820203
2026-05-01,2643938.0,2664768.3132464327
2026-05-02,2042664.0,2315818.884508369
2026-05-03,2741375.0,2703673.448463716
2026-05-04,2540806.0,2582235.2369994884
2026-05-05,2040845.0,2211121.9902579268
2026-05-06,2251410.0,2295623.3922228925
2026-05-07,2701890.0,2660876.4796914747
2026-05-08,2569907.0,2682087.565439934
2026-05-09,2088463.0,2328427.6869494086
2026-05-10,2587640.0,2709196.61285644
2026-05-11,2661314.0,2811086.675718035
2026-05-12,2143904.0,2332158.332023249
2026-05-13,2399389.0,2423200.748883504
2026-05-14,2858330.0,2787917.9829865256
2026-05-15,2796834.0,2908321.1490789577
2026-05-16,2260950.0,2333216.982812327
2026-05-17,2887942.0,2847152.5096597625
2026-05-18,2782578.0,2787175.9626397835
2026-05-19,2313392.0,2310714.812371408
2026-05-20,2557265.0,2412598.644475736
2026-05-21,2955843.0,2780786.6490606875
2026-05-22,2976209.0,2915431.4389613364
2026-05-23,2380377.0,2444022.93330286
2026-05-24,2418371.0,2768634.0950715155
2026-05-25,2818586.0,2758774.180833735
2026-05-26,2507199.0,2380700.9908206747
2026-05-27,2374930.0,2426170.8516164618
2026-05-28,2661047.0,2777852.472072686
2026-05-29,2689872.0,2883962.120897096
2026-05-30,2307047.0,2369812.0764321988
2026-05-31,2818994.0,2867178.580905852
2026-06-01,2674187.0,2800277.6413015844
2026-06-02,2218178.0,2345349.873773665
2026-06-03,2400663.0,2446117.2299092226
