Date,pred_ag_timeseries
2026-03-26,2800667.300298021
2026-03-27,2785756.8272178033
2026-03-28,2348891.759742642
2026-03-29,2801150.181752388
2026-03-30,2624597.408898191
2026-03-31,2169541.1850747922
2026-04-01,2331119.4875217313
2026-04-02,2800871.6725243805
2026-04-03,2735376.9389639706
2026-04-04,2259973.4207438044
2026-04-05,2695502.869093556
2026-04-06,2638462.636232646
2026-04-07,2145291.1989341853
2026-04-08,2312702.108864829
2026-04-09,2712643.508557913
2026-04-10,2772369.5886530727
2026-04-11,2267398.536947073
2026-04-12,2754373.252547997
2026-04-13,2619471.2331352984
2026-04-14,2130507.6520152576
2026-04-15,2293188.6646986157
2026-04-16,2724724.649362613
2026-04-17,2723978.3309724694
2026-04-18,2193659.725667606
2026-04-19,2721679.7567883264
2026-04-20,2628796.6077691233
2026-04-21,2105604.37220712
2026-04-22,2283659.7351222765
2026-04-23,2727051.510666095
2026-04-24,2702105.157210022
2026-04-25,2150943.139218177
2026-04-26,2704678.3763755793
2026-04-27,2610665.300520861
2026-04-28,2058787.7222830036
2026-04-29,2268147.140207326
2026-04-30,2718908.0575133357
2026-05-01,2671090.564078581
2026-05-02,2093343.6610025335
2026-05-03,2722451.5394843062
2026-05-04,2596060.466276481
2026-05-05,2042111.9000404603
2026-05-06,2258209.6473341873
2026-05-07,2718543.529070805
2026-05-08,2695540.1444275333
2026-05-09,2099325.2612938974
2026-05-10,2693248.636141847
2026-05-11,2640547.399089913
2026-05-12,2083564.2348231121
2026-05-13,2317123.8919175663
2026-05-14,2822718.928141325
2026-05-15,2813846.090788397
2026-05-16,2263594.8001204696
2026-05-17,2895273.7293002233
2026-05-18,2760335.6382191335
2026-05-19,2234966.365038664
2026-05-20,2476857.3473212114
2026-05-21,2945716.8348246333
2026-05-22,2964134.858052683
2026-05-23,2381455.109700119
2026-05-24,2624373.8271244876
2026-05-25,2819254.3332402
2026-05-26,2508402.6735946303
2026-05-27,2357718.665551405
2026-05-28,2725438.75
2026-05-29,2658264.645446274
2026-05-30,2354993.8736517383
2026-05-31,2794491.0948387007
2026-06-01,2640997.074779769
2026-06-02,2140426.0334017347
2026-06-03,2453816.1335165473
2026-06-04,2845440.51717271
2026-06-05,2755393.727047731
2026-06-06,2343134.813055646
2026-06-07,2902194.349062351
2026-06-08,2822420.4340357925
2026-06-09,2312786.796510653
2026-06-10,2513859.5898970324
2026-06-11,2914233.793210175
2026-06-12,2797184.2956750924
2026-06-13,2514908.0502215936
2026-06-14,2927483.259786871
2026-06-15,2829881.6743687075
2026-06-16,2432954.8094346966
2026-06-17,2628500.284452335
2026-06-18,2912704.1351899006
2026-06-19,2908172.629142065
2026-06-20,2573292.6387185873
2026-06-21,3032802.414406064
2026-06-22,2970039.25
2026-06-23,2547532.491974538
2026-06-24,2650516.171980838
2026-06-25,3008820.289172206
2026-06-26,2903601.356880292
2026-06-27,2572948.3124481607
2026-06-28,2926824.631439222
2026-06-29,2726138.5189052997
2026-06-30,2410197.9869299172
2026-07-01,2623896.608354499
2026-07-02,2955710.010594163
2026-07-03,2686616.3713781997
2026-07-04,2364139.5
2026-07-05,2795084.199771753
2026-07-06,2813514.0404704227
2026-07-07,2466380.5906347847
2026-07-08,2539751.4162471737
2026-07-09,2932686.7637371602
2026-07-10,2681778.4513561605
2026-07-11,2355767.4782327567
2026-07-12,3018867.793277655
2026-07-13,2715734.0218741065
2026-07-14,2565136.5445521045
2026-07-15,2603727.38150937
2026-07-16,2889643.5896008094
2026-07-17,2929024.5028883005
2026-07-18,2535288.324701431
2026-07-19,2982154.7401568876
2026-07-20,2871923.263973486
2026-07-21,2487313.139861873
2026-07-22,2568653.872995083
2026-07-23,2934935.512740298
2026-07-24,2920362.0699420236
2026-07-25,2502718.350893337
2026-07-26,2951070.0372536667
2026-07-27,2844337.6742996667
2026-07-28,2395911.781636737
2026-07-29,2506321.9637426566
2026-07-30,2880782.7940928154
2026-07-31,2893492.4000655357
2026-08-01,2482285.7515863157
2026-08-02,2957788.809778474
2026-08-03,2832301.5228351327
2026-08-04,2382400.5969247157
2026-08-05,2512968.934734954
2026-08-06,2830983.06727728
2026-08-07,2839203.270288691
2026-08-08,2409974.4151299438
2026-08-09,2859907.5312841535
2026-08-10,2751640.1955054426
2026-08-11,2320986.376578567
2026-08-12,2419906.5033056806
2026-08-13,2746216.6460381956
2026-08-14,2749817.8744176305
2026-08-15,2329668.081359332
2026-08-16,2765587.074946911
2026-08-17,2656215.3341211593
2026-08-18,2225886.6836251966
2026-08-19,2324055.3325109123
2026-08-20,2638247.951274335
2026-08-21,2639137.8786014877
2026-08-22,2221756.501573356
2026-08-23,2653151.9051655177
2026-08-24,2546611.4202927398
2026-08-25,2098392.0484994077
2026-08-26,2180648.501149595
2026-08-27,2509700.8905577958
2026-08-28,2519364.655888089
2026-08-29,2109860.6099438667
2026-08-30,2533943.3483474674
2026-08-31,2428403.521389163
2026-09-01,1974926.400141881
2026-09-02,2069332.808831744
2026-09-03,2415346.707369797
2026-09-04,2503405.2796440143
2026-09-05,2170433.131572379
2026-09-06,2605273.2072010003
2026-09-07,2377256.1694668643
2026-09-08,2051127.7733193007
2026-09-09,2234454.8798434166
2026-09-10,2548401.341168988
2026-09-11,2538753.9720343407
2026-09-12,2081113.215977811
2026-09-13,2487913.3937650234
2026-09-14,2458992.761096509
2026-09-15,2049865.4918580344
2026-09-16,2132183.5515968143
2026-09-17,2508210.6851465106
2026-09-18,2570731.108249143
2026-09-19,2173162.1242842115
2026-09-20,2602824.037440568
2026-09-21,2533361.82813149
