Date,Volume,pred_seasonal_naive
2022-01-01,1616850,1246953
2022-01-02,2026176,1381448
2022-01-03,1921966,1130546
2022-01-04,1673499,807837
2022-01-05,1501170,705249
2022-01-06,1543985,814928
2022-01-07,1518098,816271
2022-01-08,1450135,750419
2022-01-09,1706857,929661
2022-01-10,1453110,750407
2022-01-11,1129725,557517
2022-01-12,1234827,605887
2022-01-13,1543648,848662
2022-01-14,1741376,945703
2022-01-15,1421612,729703
2022-01-16,1438492,852305
2022-01-17,1704328,921897
2022-01-18,1301256,597159
2022-01-19,1201589,581771
2022-01-20,1470973,772086
2022-01-21,1514895,799000
2022-01-22,1246901,644793
2022-01-23,1649090,882180
2022-01-24,1399342,744876
2022-01-25,1063856,508467
2022-01-26,1200998,574099
2022-01-27,1560893,794944
2022-01-28,1634225,818691
2022-01-29,1070815,656800
2022-01-30,1716055,903496
2022-01-31,1539356,671916
2022-02-01,1203689,532690
2022-02-02,1196728,619345
2022-02-03,1342502,822488
2022-02-04,1583678,876937
2022-02-05,1399603,707510
2022-02-06,1786681,854869
2022-02-07,1592651,867476
2022-02-08,1239137,617701
2022-02-09,1390835,735556
2022-02-10,1786323,1036723
2022-02-11,1918436,1155618
2022-02-12,1538874,902559
2022-02-13,1821279,950106
2022-02-14,1737532,972683
2022-02-15,1541222,742396
2022-02-16,1670550,774699
2022-02-17,1986581,915532
2022-02-18,2244042,1062561
2022-02-19,1826833,943723
2022-02-20,2068827,1119216
2022-02-21,2222002,964168
2022-02-22,1785417,717867
2022-02-23,1755527,804473
2022-02-24,1988432,1054777
2022-02-25,2104233,1097941
2022-02-26,1842536,919593
2022-02-27,2150118,1192326
2022-02-28,1984773,1049769
2022-03-01,1638699,744939
2022-03-02,1740923,826947
2022-03-03,2053525,1107943
2022-03-04,2139036,1169237
2022-03-05,1831741,994275
2022-03-06,2184096,1278653
2022-03-07,2019553,1119372
2022-03-08,1657723,826091
2022-03-09,1850986,974236
2022-03-10,2185904,1287040
2022-03-11,2299583,1410170
2022-03-12,1998129,1228317
2022-03-13,2293374,1347204
2022-03-14,2203639,1268273
2022-03-15,1870647,1092791
2022-03-16,2000210,1146638
2022-03-17,2231375,1413414
2022-03-18,2319876,1478042
2022-03-19,2108715,1375030
2022-03-20,2379182,1556471
2022-03-21,2177240,1364921
2022-03-22,1859077,1090056
2022-03-23,1971979,1177731
2022-03-24,2255090,1449187
2022-03-25,2304825,1536966
2022-03-26,2022231,1413260
2022-03-27,2313481,1580233
2022-03-28,2141002,1415144
2022-03-29,1747597,1139738
2022-03-30,1887509,1282646
2022-03-31,2219675,1567562
2022-04-01,2287653,1588784
2022-04-02,1922516,1404433
2022-04-03,2206569,1548893
2022-04-04,2141153,1569756
2022-04-05,1850647,1200572
2022-04-06,1982006,1234454
2022-04-07,2227151,1515715
2022-04-08,2327849,1555811
2022-04-09,1959523,1382954
2022-04-10,2300909,1567936
2022-04-11,2188196,1473015
2022-04-12,1883285,1093419
2022-04-13,2053892,1154820
2022-04-14,2354474,1496171
2022-04-15,2315430,1526424
2022-04-16,1903886,1282409
2022-04-17,2214376,1574791
2022-04-18,2292729,1419700
2022-04-19,1988681,1087776
2022-04-20,2034403,1167282
2022-04-21,2288508,1512553
2022-04-22,2309474,1529078
2022-04-23,1915707,1267678
2022-04-24,2298561,1573593
2022-04-25,2189296,1427079
2022-04-26,1870392,1083183
2022-04-27,1999806,1187046
2022-04-28,2267171,1528980
2022-04-29,2286852,1565558
2022-04-30,1885701,1340793
2022-05-01,2279287,1630261
2022-05-02,2146993,1470213
2022-05-03,1827782,1140584
2022-05-04,1962832,1272679
2022-05-05,2240816,1647819
2022-05-06,2292080,1705282
2022-05-07,1884883,1439280
2022-05-08,2255547,1711460
2022-05-09,2244645,1663855
2022-05-10,1908906,1320930
2022-05-11,2030630,1434435
2022-05-12,2337876,1749910
2022-05-13,2358444,1790431
2022-05-14,1984654,1520878
2022-05-15,2399801,1859924
2022-05-16,2282944,1742325
2022-05-17,2042144,1414076
2022-05-18,2117010,1500713
2022-05-19,2366865,1796354
2022-05-20,2356404,1833181
2022-05-21,1999651,1558549
2022-05-22,2364240,1874277
2022-05-23,2339945,1752297
2022-05-24,2034843,1478917
2022-05-25,2165771,1627422
2022-05-26,2399579,1867067
2022-05-27,2397928,1969075
2022-05-28,2000335,1614785
2022-05-29,2103022,1662359
2022-05-30,2319237,1910828
2022-05-31,2114935,1694578
2022-06-01,2023231,1598873
2022-06-02,2228271,1823395
2022-06-03,2347283,1896190
2022-06-04,1992251,1686932
2022-06-05,2396442,1993494
2022-06-06,2286429,1837383
2022-06-07,2067274,1574822
2022-06-08,2175579,1684912
2022-06-09,2396538,1985698
2022-06-10,2443671,2044087
2022-06-11,2153865,1818203
2022-06-12,2456971,2104681
2022-06-13,2389152,1978110
2022-06-14,2139865,1701213
2022-06-15,2238873,1805340
2022-06-16,2387496,2047190
2022-06-17,2454485,2099797
2022-06-18,2186387,1886401
2022-06-19,2398687,2107997
2022-06-20,2431925,2036775
2022-06-21,2158912,1800947
2022-06-22,2197876,1866027
2022-06-23,2453936,2095773
2022-06-24,2471808,2147042
2022-06-25,2198435,1925933
2022-06-26,2469720,2181055
2022-06-27,2374892,2073847
2022-06-28,2147125,1820725
2022-06-29,2237932,1937606
2022-06-30,2455588,2152087
2022-07-01,2501366,2205102
2022-07-02,2169068,1918985
2022-07-03,2102878,1697422
2022-07-04,2086854,2167826
2022-07-05,2209031,1896755
2022-07-06,2136035,1891781
2022-07-07,2245980,2102632
2022-07-08,2288984,2158137
2022-07-09,2145996,1993017
2022-07-10,2443836,2211451
2022-07-11,2318551,2100231
2022-07-12,2072335,1840503
2022-07-13,2188234,1919907
2022-07-14,2402480,2162549
2022-07-15,2449536,2216363
2022-07-16,2196011,1992789
2022-07-17,2453236,2248801
2022-07-18,2363728,2147951
2022-07-19,2142454,1882824
2022-07-20,2226450,1947336
2022-07-21,2440027,2177183
2022-07-22,2464194,2232628
2022-07-23,2190483,2009417
2022-07-24,2494885,2247129
2022-07-25,2386005,2135322
2022-07-26,2146087,1872237
2022-07-27,2238047,1942685
2022-07-28,2414062,2138113
2022-07-29,2464079,2209522
2022-07-30,2211091,2017941
2022-07-31,2486969,2248894
2022-08-01,2373400,2104204
2022-08-02,2053497,1811428
2022-08-03,2117390,1867373
2022-08-04,2360671,2079440
2022-08-05,2406372,2116970
2022-08-06,2178405,1927576
2022-08-07,2438788,2183576
2022-08-08,2340305,2032871
2022-08-09,2049473,1737189
2022-08-10,2112967,1778638
2022-08-11,2340082,2053398
2022-08-12,2361142,2071913
2022-08-13,2058033,1818071
2022-08-14,2360307,2123872
2022-08-15,2276507,1984827
2022-08-16,2016730,1612933
2022-08-17,2051652,1698840
2022-08-18,2335005,1951656
2022-08-19,2358565,1992705
2022-08-20,2014843,1687357
2022-08-21,2348153,1966708
2022-08-22,2260555,1830076
2022-08-23,1960482,1474442
2022-08-24,1997252,1548018
2022-08-25,2263665,1829300
2022-08-26,2284831,1859603
2022-08-27,1888903,1515791
2022-08-28,2319869,1904152
2022-08-29,2100205,1641333
2022-08-30,1768473,1351765
2022-08-31,2009736,1473895
2022-09-01,2324033,1913865
2022-09-02,2479578,2137114
2022-09-03,1903950,1561225
2022-09-04,1979923,1633547
2022-09-05,2409938,2034282
2022-09-06,2088456,1666629
2022-09-07,1835889,1450281
2022-09-08,2120200,1690239
2022-09-09,2224222,1797588
2022-09-10,1828963,1369377
2022-09-11,2340559,1970138
2022-09-12,2230866,1673501
2022-09-13,1816435,1276190
2022-09-14,1976151,1457026
2022-09-15,2357970,1858720
2022-09-16,2375510,1948844
2022-09-17,1888228,1483305
2022-09-18,2349493,2083726
2022-09-19,2227301,1824666
2022-09-20,1898568,1340357
2022-09-21,1960592,1466926
2022-09-22,2335489,1910871
2022-09-23,2405872,2026013
2022-09-24,1914884,1529298
2022-09-25,2362292,2105417
2022-09-26,2229901,1851991
2022-09-27,1842212,1336835
2022-09-28,1724121,1453368
2022-09-29,2000766,1937665
2022-09-30,2143343,2019716
2022-10-01,1868495,1538107
2022-10-02,2279898,2103061
2022-10-03,2099505,1846687
2022-10-04,1802567,1394280
2022-10-05,1996446,1576263
2022-10-06,2376101,2068329
2022-10-07,2473989,2178818
2022-10-08,2018002,1734033
2022-10-09,2425613,2087077
2022-10-10,2330624,2090755
2022-10-11,2046661,1702427
2022-10-12,2119772,1659052
2022-10-13,2413700,2053322
2022-10-14,2412403,2116988
2022-10-15,2036937,1706852
2022-10-16,2475395,2220642
2022-10-17,2294755,2003439
2022-10-18,2003403,1525074
2022-10-19,2110090,1652011
2022-10-20,2429402,2052193
2022-10-21,2375559,2119017
2022-10-22,2005659,1684418
2022-10-23,2416107,2180380
2022-10-24,2322585,1994218
2022-10-25,1981651,1509452
2022-10-26,2057463,1553733
2022-10-27,2310460,1930016
2022-10-28,2312356,1989947
2022-10-29,1830454,1518998
2022-10-30,2241429,1850278
2022-10-31,1925032,2001864
2022-11-01,1978549,1492468
2022-11-02,1897396,1533093
2022-11-03,2253501,1947471
2022-11-04,2272855,2042336
2022-11-05,1924975,1584913
2022-11-06,2396744,2155649
2022-11-07,2168053,1959106
2022-11-08,1896916,1459203
2022-11-09,1945183,1702552
2022-11-10,2203214,2070980
2022-11-11,2309163,2008291
2022-11-12,1945373,1618028
2022-11-13,2411406,2215702
2022-11-14,2229804,2022347
2022-11-15,1892613,1494701
2022-11-16,2034880,1634212
2022-11-17,2326100,2044622
2022-11-18,2458089,2248096
2022-11-19,2214717,2008922
2022-11-20,2385400,2216940
2022-11-21,2201022,2087536
2022-11-22,2370351,2217635
2022-11-23,2465337,2331880
2022-11-24,1426195,1383501
2022-11-25,1984980,1783938
2022-11-26,2336633,2219149
2022-11-27,2639616,2458325
2022-11-28,2389672,2240556
2022-11-29,1954785,1818492
2022-11-30,1893497,1669185
2022-12-01,2113719,1874481
2022-12-02,2132571,1956238
2022-12-03,1788666,1571068
2022-12-04,2261227,2071647
2022-12-05,2134176,1853893
2022-12-06,1752091,1465585
2022-12-07,1883346,1621499
2022-12-08,2220053,1969493
2022-12-09,2295917,2053444
2022-12-10,1886068,1671592
2022-12-11,2293624,2107361
2022-12-12,2167861,1919994
2022-12-13,1810814,1590394
2022-12-14,1993063,1769605
2022-12-15,2298485,2137354
2022-12-16,2453178,2235581
2022-12-17,2233861,2040879
2022-12-18,2357086,2184906
2022-12-19,2264761,2099852
2022-12-20,2216373,1996071
2022-12-21,2428528,2106209
2022-12-22,2366608,2197896
2022-12-23,2096506,1713351
2022-12-24,1834551,1535935
2022-12-25,1800463,2074458
2022-12-26,2218145,2093615
2022-12-27,2178719,2000891
2022-12-28,2153682,2029343
2022-12-29,2178433,2069413
2022-12-30,2383422,1658357
2022-12-31,1935413,1616850
2023-01-01,2046950,2026176
2023-01-02,2368194,1921966
2023-01-03,2212528,1673499
2023-01-04,1985965,1501170
2023-01-05,2031976,1543985
2023-01-06,2043547,1518098
2023-01-07,1917290,1450135
2023-01-08,2226917,1706857
2023-01-09,2009868,1453110
2023-01-10,1678250,1129725
2023-01-11,1723117,1234827
2023-01-12,2189475,1543648
2023-01-13,2316713,1741376
2023-01-14,1803651,1421612
2023-01-15,2038119,1438492
2023-01-16,2244873,1704328
2023-01-17,1803155,1301256
2023-01-18,1674129,1201589
2023-01-19,1997346,1470973
2023-01-20,2089417,1514895
2023-01-21,1662736,1246901
2023-01-22,2141703,1649090
2023-01-23,1970280,1399342
2023-01-24,1567069,1063856
2023-01-25,1677909,1200998
2023-01-26,2097825,1560893
2023-01-27,2122066,1634225
2023-01-28,1653401,1070815
2023-01-29,2144644,1716055
2023-01-30,1932983,1539356
2023-01-31,1534786,1203689
2023-02-01,1608110,1196728
2023-02-02,2042277,1342502
2023-02-03,2102998,1583678
2023-02-04,1669806,1399603
2023-02-05,2202873,1786681
2023-02-06,2040256,1592651
2023-02-07,1626257,1239137
2023-02-08,1796332,1390835
2023-02-09,2158573,1786323
2023-02-10,2254803,1918436
2023-02-11,1809116,1538874
2023-02-12,2113837,1821279
2023-02-13,2073820,1737532
2023-02-14,1674639,1541222
2023-02-15,2017144,1670550
2023-02-16,2339970,1986581
2023-02-17,2509923,2244042
2023-02-18,2065901,1826833
2023-02-19,2319072,2068827
2023-02-20,2479184,2222002
2023-02-21,2116450,1785417
2023-02-22,2006058,1755527
2023-02-23,2322309,1988432
2023-02-24,2425335,2104233
2023-02-25,2057210,1842536
2023-02-26,2402716,2150118
2023-02-27,2235417,1984773
2023-02-28,1890744,1638699
2023-03-01,2066150,1740923
2023-03-02,2316735,2053525
2023-03-03,2375579,2139036
2023-03-04,2040488,1831741
2023-03-05,2422425,2184096
2023-03-06,2265014,2019553
2023-03-07,1908536,1657723
2023-03-08,2130141,1850986
2023-03-09,2417279,2185904
2023-03-10,2562561,2299583
2023-03-11,2279320,1998129
2023-03-12,2539093,2293374
2023-03-13,2393346,2203639
2023-03-14,2026905,1870647
2023-03-15,2284299,2000210
2023-03-16,2483683,2231375
2023-03-17,2517226,2319876
2023-03-18,2278805,2108715
2023-03-19,2608462,2379182
2023-03-20,2414648,2177240
2023-03-21,2038001,1859077
2023-03-22,2203488,1971979
2023-03-23,2451051,2255090
2023-03-24,2508221,2304825
2023-03-25,2208541,2022231
2023-03-26,2522600,2313481
2023-03-27,2383816,2141002
2023-03-28,2039138,1747597
2023-03-29,2210676,1887509
2023-03-30,2487147,2219675
2023-03-31,2536088,2287653
2023-04-01,2253892,1922516
2023-04-02,2545494,2206569
2023-04-03,2404966,2141153
2023-04-04,2080546,1850647
2023-04-05,2209680,1982006
2023-04-06,2532778,2227151
2023-04-07,2475896,2327849
2023-04-08,2093075,1959523
2023-04-09,2387558,2300909
2023-04-10,2523060,2188196
2023-04-11,2132314,1883285
2023-04-12,2168441,2053892
2023-04-13,2443213,2354474
2023-04-14,2532863,2315430
2023-04-15,2150251,1903886
2023-04-16,2589787,2214376
2023-04-17,2455406,2292729
2023-04-18,2070303,1988681
2023-04-19,2227164,2034403
2023-04-20,2534751,2288508
2023-04-21,2585925,2309474
2023-04-22,2057354,1915707
2023-04-23,2570184,2298561
2023-04-24,2425693,2189296
2023-04-25,2015155,1870392
2023-04-26,2183316,1999806
2023-04-27,2522454,2267171
2023-04-28,2507149,2286852
2023-04-29,2021030,1885701
2023-04-30,2517228,2279287
2023-05-01,2432660,2146993
2023-05-02,1998688,1827782
2023-05-03,2167265,1962832
2023-05-04,2509080,2240816
2023-05-05,2508503,2292080
2023-05-06,2043895,1884883
2023-05-07,2590391,2255547
2023-05-08,2476280,2244645
2023-05-09,2089430,1908906
2023-05-10,2261499,2030630
2023-05-11,2598784,2337876
2023-05-12,2605959,2358444
2023-05-13,2114178,1984654
2023-05-14,2509333,2399801
2023-05-15,2597124,2282944
2023-05-16,2173966,2042144
2023-05-17,2312740,2117010
2023-05-18,2641296,2366865
2023-05-19,2656058,2356404
2023-05-20,2213613,1999651
2023-05-21,2673457,2364240
2023-05-22,2592466,2339945
2023-05-23,2272281,2034843
2023-05-24,2435811,2165771
2023-05-25,2672648,2399579
2023-05-26,2744596,2397928
2023-05-27,2206475,2000335
2023-05-28,2257797,2103022
2023-05-29,2596978,2319237
2023-05-30,2349003,2114935
2023-05-31,2259502,2023231
2023-06-01,2477726,2228271
2023-06-02,2534892,2347283
2023-06-03,2221890,1992251
2023-06-04,2657217,2396442
2023-06-05,2560508,2286429
2023-06-06,2233160,2067274
2023-06-07,2355913,2175579
2023-06-08,2641522,2396538
2023-06-09,2675115,2443671
2023-06-10,2322170,2153865
2023-06-11,2732330,2456971
2023-06-12,2636399,2389152
2023-06-13,2343000,2139865
2023-06-14,2465528,2238873
2023-06-15,2745743,2387496
2023-06-16,2785332,2454485
2023-06-17,2436004,2186387
2023-06-18,2640349,2398687
2023-06-19,2742546,2431925
2023-06-20,2449389,2158912
2023-06-21,2502239,2197876
2023-06-22,2737829,2453936
2023-06-23,2771672,2471808
2023-06-24,2456148,2198435
2023-06-25,2769270,2469720
2023-06-26,2687481,2374892
2023-06-27,2391503,2147125
2023-06-28,2539399,2237932
2023-06-29,2759141,2455588
2023-06-30,2884783,2501366
2023-07-01,2588334,2169068
2023-07-02,2529730,2102878
2023-07-03,2288645,2086854
2023-07-04,2007441,2209031
2023-07-05,2492923,2136035
2023-07-06,2540237,2245980
2023-07-07,2555001,2288984
2023-07-08,2431155,2145996
2023-07-09,2644639,2443836
2023-07-10,2688266,2318551
2023-07-11,2382030,2072335
2023-07-12,2458378,2188234
2023-07-13,2726021,2402480
2023-07-14,2738461,2449536
2023-07-15,2486503,2196011
2023-07-16,2741762,2453236
2023-07-17,2747357,2363728
2023-07-18,2410972,2142454
2023-07-19,2519328,2226450
2023-07-20,2754386,2440027
2023-07-21,2782146,2464194
2023-07-22,2485646,2190483
2023-07-23,2800368,2494885
2023-07-24,2695657,2386005
2023-07-25,2358536,2146087
2023-07-26,2510210,2238047
2023-07-27,2724438,2414062
2023-07-28,2787676,2464079
2023-07-29,2457943,2211091
2023-07-30,2815068,2486969
2023-07-31,2697794,2373400
2023-08-01,2370591,2053497
2023-08-02,2431864,2117390
2023-08-03,2671674,2360671
2023-08-04,2690858,2406372
2023-08-05,2403611,2178405
2023-08-06,2743779,2438788
2023-08-07,2602015,2340305
2023-08-08,2387917,2049473
2023-08-09,2407319,2112967
2023-08-10,2654716,2340082
2023-08-11,2648556,2361142
2023-08-12,2322724,2058033
2023-08-13,2684914,2360307
2023-08-14,2548291,2276507
2023-08-15,2266285,2016730
2023-08-16,2298936,2051652
2023-08-17,2599098,2335005
2023-08-18,2601291,2358565
2023-08-19,2252655,2014843
2023-08-20,2535369,2348153
2023-08-21,2487458,2260555
2023-08-22,2101467,1960482
2023-08-23,2169394,1997252
2023-08-24,2501995,2263665
2023-08-25,2509342,2284831
2023-08-26,2063356,1888903
2023-08-27,2538318,2319869
2023-08-28,2349783,2100205
2023-08-29,1888361,1768473
2023-08-30,2014332,2009736
2023-08-31,2619753,2324033
2023-09-01,2742962,2479578
2023-09-02,2090550,1903950
2023-09-03,2081144,1979923
2023-09-04,2645012,2409938
2023-09-05,2243518,2088456
2023-09-06,1966818,1835889
2023-09-07,2283466,2120200
2023-09-08,2405867,2224222
2023-09-09,1986960,1828963
2023-09-10,2584116,2340559
2023-09-11,2402206,2230866
2023-09-12,1991959,1816435
2023-09-13,2113134,1976151
2023-09-14,2594681,2357970
2023-09-15,2583450,2375510
2023-09-16,1978051,1888228
2023-09-17,2648872,2349493
2023-09-18,2495564,2227301
2023-09-19,1992774,1898568
2023-09-20,2207680,1960592
2023-09-21,2651017,2335489
2023-09-22,2684773,2405872
2023-09-23,2065137,1914884
2023-09-24,2673136,2362292
2023-09-25,2543611,2229901
2023-09-26,2058961,1842212
2023-09-27,2138667,1724121
2023-09-28,2616213,2000766
2023-09-29,2602713,2143343
2023-09-30,2140656,1868495
2023-10-01,2682443,2279898
2023-10-02,2473560,2099505
2023-10-03,2001087,1802567
2023-10-04,2213969,1996446
2023-10-05,2697601,2376101
2023-10-06,2762717,2473989
2023-10-07,2232660,2018002
2023-10-08,2690153,2425613
2023-10-09,2681432,2330624
2023-10-10,2293858,2046661
2023-10-11,2372544,2119772
2023-10-12,2717399,2413700
2023-10-13,2673246,2412403
2023-10-14,2226278,2036937
2023-10-15,2797326,2475395
2023-10-16,2627942,2294755
2023-10-17,2213819,2003403
2023-10-18,2333408,2110090
2023-10-19,2695224,2429402
2023-10-20,2672262,2375559
2023-10-21,2161735,2005659
2023-10-22,2770224,2416107
2023-10-23,2607835,2322585
2023-10-24,2138741,1981651
2023-10-25,2251047,2057463
2023-10-26,2630523,2310460
2023-10-27,2615422,2312356
2023-10-28,2015907,1830454
2023-10-29,2520086,2241429
2023-10-30,2292796,1925032
2023-10-31,1665839,1978549
2023-11-01,2157473,1897396
2023-11-02,2415581,2253501
2023-11-03,2502391,2272855
2023-11-04,2045614,1924975
2023-11-05,2669284,2396744
2023-11-06,2491545,2168053
2023-11-07,2019225,1896916
2023-11-08,2209479,1945183
2023-11-09,2658959,2203214
2023-11-10,2591818,2309163
2023-11-11,2025517,1945373
2023-11-12,2683745,2411406
2023-11-13,2533300,2229804
2023-11-14,2035761,1892613
2023-11-15,2224646,2034880
2023-11-16,2550045,2326100
2023-11-17,2692471,2458089
2023-11-18,2379699,2214717
2023-11-19,2608680,2385400
2023-11-20,2532525,2201022
2023-11-21,2647461,2370351
2023-11-22,2741610,2465337
2023-11-23,1547419,1426195
2023-11-24,2199057,1984980
2023-11-25,2605387,2336633
2023-11-26,2908785,2639616
2023-11-27,2633263,2389672
2023-11-28,2171943,1954785
2023-11-29,1948492,1893497
2023-11-30,2276703,2113719
2023-12-01,2308362,2132571
2023-12-02,1864999,1788666
2023-12-03,2321965,2261227
2023-12-04,2266792,2134176
2023-12-05,1834118,1752091
2023-12-06,1998620,1883346
2023-12-07,2385629,2220053
2023-12-08,2431077,2295917
2023-12-09,1975896,1886068
2023-12-10,2419762,2293624
2023-12-11,2313610,2167861
2023-12-12,1954074,1810814
2023-12-13,2129193,1993063
2023-12-14,2502604,2298485
2023-12-15,2622770,2453178
2023-12-16,2252933,2233861
2023-12-17,2495579,2357086
2023-12-18,2366275,2264761
2023-12-19,2291458,2216373
2023-12-20,2514171,2428528
2023-12-21,2650811,2366608
2023-12-22,2775193,2096506
2023-12-23,2606577,1834551
2023-12-24,1972309,1800463
2023-12-25,2028266,2218145
2023-12-26,2665034,2178719
2023-12-27,2663517,2153682
2023-12-28,2633264,2178433
2023-12-29,2636605,2383422
2023-12-30,2563962,1935413
2023-12-31,2116715,2046950
2024-01-01,2303507,2368194
2024-01-02,2555447,2212528
2024-01-03,2418600,1985965
2024-01-04,2281402,2031976
2024-01-05,2279609,2043547
2024-01-06,2198958,1917290
2024-01-07,2380127,2226917
2024-01-08,2193524,2009868
2024-01-09,1774066,1678250
2024-01-10,1934765,1723117
2024-01-11,2300884,2189475
2024-01-12,2326842,2316713
2024-01-13,1914063,1803651
2024-01-14,2116540,2038119
2024-01-15,2214409,2244873
2024-01-16,1864219,1803155
2024-01-17,1857915,1674129
2024-01-18,2104712,1997346
2024-01-19,2094212,2089417
2024-01-20,1753693,1662736
2024-01-21,2243155,2141703
2024-01-22,2053656,1970280
2024-01-23,1610765,1567069
2024-01-24,1815119,1677909
2024-01-25,2232670,2097825
2024-01-26,2278406,2122066
2024-01-27,1772563,1653401
2024-01-28,2261245,2144644
2024-01-29,2077644,1932983
2024-01-30,1617523,1534786
2024-01-31,1817011,1608110
2024-02-01,2203945,2042277
2024-02-02,2208138,2102998
2024-02-03,1752024,1669806
2024-02-04,2281882,2202873
2024-02-05,2160140,2040256
2024-02-06,1695022,1626257
2024-02-07,1880126,1796332
2024-02-08,2305984,2158573
2024-02-09,2369929,2254803
2024-02-10,1883035,1809116
2024-02-11,2196980,2113837
2024-02-12,2283725,2073820
2024-02-13,1754659,1674639
2024-02-14,2021114,2017144
2024-02-15,2515629,2339970
2024-02-16,2615463,2509923
2024-02-17,2159328,2065901
2024-02-18,2474646,2319072
2024-02-19,2606125,2479184
2024-02-20,2206877,2116450
2024-02-21,2162956,2006058
2024-02-22,2513429,2322309
2024-02-23,2555082,2425335
2024-02-24,2106561,2057210
2024-02-25,2561682,2402716
2024-02-26,2405209,2235417
2024-02-27,1935225,1890744
2024-02-28,2140789,2066150
2024-02-29,2551534,2316735
2024-03-01,2602686,2375579
2024-03-02,2132092,2040488
2024-03-03,2566870,2422425
2024-03-04,2405790,2265014
2024-03-05,1983750,1908536
2024-03-06,2211599,2130141
2024-03-07,2578074,2417279
2024-03-08,2720377,2562561
2024-03-09,2342497,2279320
2024-03-10,2719857,2539093
2024-03-11,2563158,2393346
2024-03-12,2199126,2026905
2024-03-13,2388007,2284299
2024-03-14,2568962,2483683
2024-03-15,2722855,2517226
2024-03-16,2410078,2278805
2024-03-17,2734318,2608462
2024-03-18,2582796,2414648
2024-03-19,2205546,2038001
2024-03-20,2413710,2203488
2024-03-21,2690138,2451051
2024-03-22,2732493,2508221
2024-03-23,2422106,2208541
2024-03-24,2755433,2522600
2024-03-25,2607498,2383816
2024-03-26,2243576,2039138
2024-03-27,2462360,2210676
2024-03-28,2786223,2487147
2024-03-29,2693787,2536088
2024-03-30,2320632,2253892
2024-03-31,2595625,2545494
2024-04-01,2658016,2404966
2024-04-02,2261390,2080546
2024-04-03,2266046,2209680
2024-04-04,2640572,2532778
2024-04-05,2703180,2475896
2024-04-06,2324739,2093075
2024-04-07,2675829,2387558
2024-04-08,2487391,2523060
2024-04-09,2212961,2132314
2024-04-10,2316545,2168441
2024-04-11,2641708,2443213
2024-04-12,2714741,2532863
2024-04-13,2180816,2150251
2024-04-14,2689549,2589787
2024-04-15,2532672,2455406
2024-04-16,2148436,2070303
2024-04-17,2351694,2227164
2024-04-18,2695566,2534751
2024-04-19,2722053,2585925
2024-04-20,2221738,2057354
2024-04-21,2756922,2570184
2024-04-22,2579973,2425693
2024-04-23,2144330,2015155
2024-04-24,2308366,2183316
2024-04-25,2686172,2522454
2024-04-26,2675321,2507149
2024-04-27,2138255,2021030
2024-04-28,2646469,2517228
2024-04-29,2506141,2432660
2024-04-30,2151933,1998688
2024-05-01,2358798,2167265
2024-05-02,2648857,2509080
2024-05-03,2675921,2508503
2024-05-04,2175786,2043895
2024-05-05,2717249,2590391
2024-05-06,2647929,2476280
2024-05-07,2244683,2089430
2024-05-08,2452419,2261499
2024-05-09,2797162,2598784
2024-05-10,2789715,2605959
2024-05-11,2295451,2114178
2024-05-12,2677001,2509333
2024-05-13,2717876,2597124
2024-05-14,2343094,2173966
2024-05-15,2463627,2312740
2024-05-16,2807609,2641296
2024-05-17,2855596,2656058
2024-05-18,2365492,2213613
2024-05-19,2843144,2673457
2024-05-20,2751841,2592466
2024-05-21,2442301,2272281
2024-05-22,2591593,2435811
2024-05-23,2897421,2672648
2024-05-24,2951859,2744596
2024-05-25,2429201,2206475
2024-05-26,2413165,2257797
2024-05-27,2771700,2596978
2024-05-28,2555425,2349003
2024-05-29,2446571,2259502
2024-05-30,2653600,2477726
2024-05-31,2775176,2534892
2024-06-01,2415153,2221890
2024-06-02,2822822,2657217
2024-06-03,2719030,2560508
2024-06-04,2397066,2233160
2024-06-05,2551287,2355913
2024-06-06,2829183,2641522
2024-06-07,2842268,2675115
2024-06-08,2499204,2322170
2024-06-09,2915830,2732330
2024-06-10,2815125,2636399
2024-06-11,2487316,2343000
2024-06-12,2599257,2465528
2024-06-13,2859994,2745743
2024-06-14,2929467,2785332
2024-06-15,2617341,2436004
2024-06-16,2858844,2640349
2024-06-17,2790851,2742546
2024-06-18,2537934,2449389
2024-06-19,2686866,2502239
2024-06-20,2833516,2737829
2024-06-21,2873390,2771672
2024-06-22,2624783,2456148
2024-06-23,2996495,2769270
2024-06-24,2944001,2687481
2024-06-25,2612478,2391503
2024-06-26,2722125,2539399
2024-06-27,2921687,2759141
2024-06-28,2938292,2884783
2024-06-29,2648476,2588334
2024-06-30,2835019,2529730
2024-07-01,2754690,2288645
2024-07-02,2537986,2007441
2024-07-03,2786534,2492923
2024-07-04,2222431,2540237
2024-07-05,2431240,2555001
2024-07-06,2617154,2431155
2024-07-07,3013622,2644639
2024-07-08,2785721,2688266
2024-07-09,2580105,2382030
2024-07-10,2627735,2458378
2024-07-11,2839251,2726021
2024-07-12,2829067,2738461
2024-07-13,2583704,2486503
2024-07-14,2937845,2741762
2024-07-15,2860799,2747357
2024-07-16,2536991,2410972
2024-07-17,2641325,2519328
2024-07-18,2957170,2754386
2024-07-19,2716304,2782146
2024-07-20,2606097,2485646
2024-07-21,2909267,2800368
2024-07-22,2864584,2695657
2024-07-23,2603647,2358536
2024-07-24,2718954,2510210
2024-07-25,2924478,2724438
2024-07-26,2877017,2787676
2024-07-27,2582953,2457943
2024-07-28,2922306,2815068
2024-07-29,2795317,2697794
2024-07-30,2437121,2370591
2024-07-31,2618705,2431864
2024-08-01,2871907,2671674
2024-08-02,2803445,2690858
2024-08-03,2555713,2403611
2024-08-04,2800099,2743779
2024-08-05,2701321,2602015
2024-08-06,2413736,2387917
2024-08-07,2555693,2407319
2024-08-08,2808911,2654716
2024-08-09,2756793,2648556
2024-08-10,2475459,2322724
2024-08-11,2850074,2684914
2024-08-12,2705415,2548291
2024-08-13,2266346,2266285
2024-08-14,2380580,2298936
2024-08-15,2732713,2599098
2024-08-16,2748819,2601291
2024-08-17,2344279,2252655
2024-08-18,2796821,2535369
2024-08-19,2686909,2487458
2024-08-20,2252171,2101467
2024-08-21,2310258,2169394
2024-08-22,2654402,2501995
2024-08-23,2660166,2509342
2024-08-24,2185822,2063356
2024-08-25,2702492,2538318
2024-08-26,2463227,2349783
2024-08-27,1980342,1888361
2024-08-28,2221120,2014332
2024-08-29,2746266,2619753
2024-08-30,2913547,2742962
2024-08-31,2163592,2090550
2024-09-01,2219496,2081144
2024-09-02,2748226,2645012
2024-09-03,2272637,2243518
2024-09-04,1965339,1966818
2024-09-05,2277401,2283466
2024-09-06,2404754,2405867
2024-09-07,1944006,1986960
2024-09-08,2635080,2584116
2024-09-09,2447809,2402206
2024-09-10,1947530,1991959
2024-09-11,1999757,2113134
2024-09-12,2630964,2594681
2024-09-13,2629323,2583450
2024-09-14,2039797,1978051
2024-09-15,2751418,2648872
2024-09-16,2568141,2495564
2024-09-17,2047363,1992774
2024-09-18,2204592,2207680
2024-09-19,2720369,2651017
2024-09-20,2746884,2684773
2024-09-21,2113564,2065137
2024-09-22,2834755,2673136
2024-09-23,2624958,2543611
2024-09-24,2063662,2058961
2024-09-25,2245707,2138667
2024-09-26,2550227,2616213
2024-09-27,2584954,2602713
2024-09-28,2090971,2140656
2024-09-29,2744939,2682443
2024-09-30,2544480,2473560
2024-10-01,1999352,2001087
2024-10-02,2151683,2213969
2024-10-03,2640399,2697601
2024-10-04,2668729,2762717
2024-10-05,2107910,2232660
2024-10-06,2830443,2690153
2024-10-07,2650717,2681432
2024-10-08,2092902,2293858
2024-10-09,2104384,2372544
2024-10-10,2515514,2717399
2024-10-11,2840414,2673246
2024-10-12,2245955,2226278
2024-10-13,2759322,2797326
2024-10-14,2753893,2627942
2024-10-15,2331229,2213819
2024-10-16,2380635,2333408
2024-10-17,2790733,2695224
2024-10-18,2810221,2672262
2024-10-19,2244829,2161735
2024-10-20,2934025,2770224
2024-10-21,2756016,2607835
2024-10-22,2162389,2138741
2024-10-23,2283293,2251047
2024-10-24,2734510,2630523
2024-10-25,2757296,2615422
2024-10-26,2138621,2015907
2024-10-27,2797199,2520086
2024-10-28,2571459,2292796
2024-10-29,1956344,1665839
2024-10-30,2160195,2157473
2024-10-31,2161429,2415581
2024-11-01,2565724,2502391
2024-11-02,1997801,2045614
2024-11-03,2646807,2669284
2024-11-04,2403233,2491545
2024-11-05,1910059,2019225
2024-11-06,2106444,2209479
2024-11-07,2597660,2658959
2024-11-08,2662635,2591818
2024-11-09,2112678,2025517
2024-11-10,2660472,2683745
2024-11-11,2697567,2533300
2024-11-12,2085620,2035761
2024-11-13,2088739,2224646
2024-11-14,2561968,2550045
2024-11-15,2636505,2692471
2024-11-16,1949769,2379699
2024-11-17,2663030,2608680
2024-11-18,2455375,2532525
2024-11-19,1885832,2647461
2024-11-20,2070826,2741610
2024-11-21,2550762,1547419
2024-11-22,2754798,2199057
2024-11-23,2493313,2605387
2024-11-24,2659301,2908785
2024-11-25,2506373,2633263
2024-11-26,2694504,2171943
2024-11-27,2726845,1948492
2024-11-28,1551896,2276703
2024-11-29,2377911,2308362
2024-11-30,2811101,1864999
2024-12-01,3088836,2321965
2024-12-02,2829000,2266792
2024-12-03,2283750,1834118
2024-12-04,2120703,1998620
2024-12-05,2443620,2385629
2024-12-06,2522641,2431077
2024-12-07,2012382,1975896
2024-12-08,2603322,2419762
2024-12-09,2438070,2313610
2024-12-10,2013749,1954074
2024-12-11,2148651,2129193
2024-12-12,2588225,2502604
2024-12-13,2655019,2622770
2024-12-14,2146894,2252933
2024-12-15,2599354,2495579
2024-12-16,2401238,2366275
2024-12-17,2122028,2291458
2024-12-18,2351328,2514171
2024-12-19,2651437,2650811
2024-12-20,2845856,2775193
2024-12-21,2773545,2606577
2024-12-22,2800962,1972309
2024-12-23,2758299,2028266
2024-12-24,2068817,2665034
2024-12-25,2039342,2663517
2024-12-26,2743795,2633264
2024-12-27,2848156,2636605
2024-12-28,2741872,2563962
2024-12-29,2805401,2116715
2024-12-30,2765740,2303507
2024-12-31,2172902,2555447
2025-01-01,2317817,2418600
2025-01-02,2612162,2281402
2025-01-03,2563751,2279609
2025-01-04,2543303,2198958
2025-01-05,2579257,2380127
2025-01-06,2222167,2193524
2025-01-07,1915448,1774066
2025-01-08,1885768,1934765
2025-01-09,2033464,2300884
2025-01-10,2000526,2326842
2025-01-11,1858186,1914063
2025-01-12,2322779,2116540
2025-01-13,2063978,2214409
2025-01-14,1651244,1864219
2025-01-15,1844782,1857915
2025-01-16,2369562,2104712
2025-01-17,2526699,2094212
2025-01-18,1939355,1753693
2025-01-19,2113340,2243155
2025-01-20,2467069,2053656
2025-01-21,1758401,1610765
2025-01-22,1710944,1815119
2025-01-23,2158274,2232670
2025-01-24,2257772,2278406
2025-01-25,1785853,1772563
2025-01-26,2302281,2261245
2025-01-27,2088851,2077644
2025-01-28,1599434,1617523
2025-01-29,1792651,1817011
2025-01-30,2219044,2203945
2025-01-31,2273071,2208138
2025-02-01,1791123,1752024
2025-02-02,2331440,2281882
2025-02-03,2102830,2160140
2025-02-04,1649904,1695022
2025-02-05,1821551,1880126
2025-02-06,2211186,2305984
2025-02-07,2338385,2369929
2025-02-08,1828477,1883035
2025-02-09,2186024,2196980
2025-02-10,2323951,2283725
2025-02-11,1753906,1754659
2025-02-12,1990225,2021114
2025-02-13,2563360,2515629
2025-02-14,2626024,2615463
2025-02-15,2160974,2159328
2025-02-16,2394991,2474646
2025-02-17,2721332,2606125
2025-02-18,2243788,2206877
2025-02-19,2122519,2162956
2025-02-20,2466484,2513429
2025-02-21,2553110,2555082
2025-02-22,2162478,2106561
2025-02-23,2594617,2561682
2025-02-24,2399600,2405209
2025-02-25,1917007,1935225
2025-02-26,2124463,2140789
2025-02-27,2579759,2551534
2025-02-28,2630825,2602686
2025-03-01,2158850,2132092
2025-03-02,2599903,2566870
2025-03-03,2366161,2405790
2025-03-04,1875355,1983750
2025-03-05,2136554,2211599
2025-03-06,2576928,2578074
2025-03-07,2643053,2720377
2025-03-08,2281542,2342497
2025-03-09,2663677,2719857
2025-03-10,2463857,2563158
2025-03-11,2027490,2199126
2025-03-12,2297329,2388007
2025-03-13,2708449,2568962
2025-03-14,2767748,2722855
2025-03-15,2487259,2410078
2025-03-16,2789837,2734318
2025-03-17,2699013,2582796
2025-03-18,2270253,2205546
2025-03-19,2408377,2413710
2025-03-20,2768538,2690138
2025-03-21,2771173,2732493
2025-03-22,2501942,2422106
2025-03-23,2832539,2755433
2025-03-24,2617185,2607498
2025-03-25,2153871,2243576
2025-03-26,2339528,2462360
2025-03-27,2703280,2786223
2025-03-28,2715766,2693787
2025-03-29,2348454,2320632
2025-03-30,2700604,2595625
2025-03-31,2555126,2658016
2025-04-01,2181917,2261390
2025-04-02,2179265,2266046
2025-04-03,2619950,2640572
2025-04-04,2657802,2703180
2025-04-05,2240401,2324739
2025-04-06,2735362,2675829
2025-04-07,2532641,2487391
2025-04-08,2087676,2212961
2025-04-09,2302933,2316545
2025-04-10,2720572,2641708
2025-04-11,2743057,2714741
2025-04-12,2271278,2180816
2025-04-13,2747565,2689549
2025-04-14,2565091,2532672
2025-04-15,2114573,2148436
2025-04-16,2359864,2351694
2025-04-17,2821542,2695566
2025-04-18,2658132,2722053
2025-04-19,2156119,2221738
2025-04-20,2591393,2756922
2025-04-21,2783476,2579973
2025-04-22,2266040,2144330
2025-04-23,2343680,2308366
2025-04-24,2757877,2686172
2025-04-25,2766258,2675321
2025-04-26,2203462,2138255
2025-04-27,2829787,2646469
2025-04-28,2601001,2506141
2025-04-29,2067463,2151933
2025-04-30,2300084,2358798
2025-05-01,2744098,2648857
2025-05-02,2659193,2675921
2025-05-03,2102342,2175786
2025-05-04,2762463,2717249
2025-05-05,2588956,2647929
2025-05-06,2106907,2244683
2025-05-07,2288927,2452419
2025-05-08,2730456,2797162
2025-05-09,2711847,2789715
2025-05-10,2125020,2295451
2025-05-11,2646042,2677001
2025-05-12,2657759,2717876
2025-05-13,2131356,2343094
2025-05-14,2366860,2463627
2025-05-15,2847916,2807609
2025-05-16,2834508,2855596
2025-05-17,2311326,2365492
2025-05-18,2929839,2843144
2025-05-19,2793452,2751841
2025-05-20,2321388,2442301
2025-05-21,2510246,2591593
2025-05-22,2960413,2897421
2025-05-23,3010183,2951859
2025-05-24,2389262,2429201
2025-05-25,2456295,2413165
2025-05-26,2863596,2771700
2025-05-27,2509320,2555425
2025-05-28,2325817,2446571
2025-05-29,2626367,2653600
2025-05-30,2698137,2775176
2025-05-31,2352801,2415153
2025-06-01,2825055,2822822
2025-06-02,2642700,2719030
2025-06-03,2213336,2397066
2025-06-04,2364375,2551287
2025-06-05,2798927,2829183
2025-06-06,2766521,2842268
2025-06-07,2395746,2499204
2025-06-08,2927145,2915830
2025-06-09,2833198,2815125
2025-06-10,2363770,2487316
2025-06-11,2504337,2599257
2025-06-12,2887798,2859994
2025-06-13,2871959,2929467
2025-06-14,2517202,2617341
2025-06-15,2888821,2858844
2025-06-16,2844254,2790851
2025-06-17,2455696,2537934
2025-06-18,2705355,2686866
2025-06-19,2980935,2833516
2025-06-20,2891240,2873390
2025-06-21,2614464,2624783
2025-06-22,3096797,2996495
2025-06-23,2953905,2944001
2025-06-24,2508733,2612478
2025-06-25,2620696,2722125
2025-06-26,2931282,2921687
2025-06-27,2988614,2938292
2025-06-28,2624407,2648476
2025-06-29,2959224,2835019
2025-06-30,2780012,2754690
2025-07-01,2402675,2537986
2025-07-02,2718537,2786534
2025-07-03,2923234,2222431
2025-07-04,2162755,2431240
2025-07-05,2457591,2617154
2025-07-06,3041954,3013622
2025-07-07,2917942,2785721
2025-07-08,2488332,2580105
2025-07-09,2554687,2627735
2025-07-10,2873682,2839251
2025-07-11,2885953,2829067
2025-07-12,2589889,2583704
2025-07-13,3007773,2937845
2025-07-14,2865292,2860799
2025-07-15,2557900,2536991
2025-07-16,2614183,2641325
2025-07-17,2998225,2957170
2025-07-18,2962082,2716304
2025-07-19,2603307,2606097
2025-07-20,3043973,2909267
2025-07-21,2886647,2864584
2025-07-22,2452271,2603647
2025-07-23,2630151,2718954
2025-07-24,2968866,2924478
2025-07-25,2970569,2877017
2025-07-26,2670276,2582953
2025-07-27,3017861,2922306
2025-07-28,2929749,2795317
2025-07-29,2438933,2437121
2025-07-30,2574917,2618705
2025-07-31,2882829,2871907
2025-08-01,2999166,2803445
2025-08-02,2640741,2555713
2025-08-03,2983755,2800099
2025-08-04,2855684,2701321
2025-08-05,2364019,2413736
2025-08-06,2447464,2555693
2025-08-07,2893814,2808911
2025-08-08,2854458,2756793
2025-08-09,2462226,2475459
2025-08-10,2960755,2850074
2025-08-11,2763999,2705415
2025-08-12,2256579,2266346
2025-08-13,2331562,2380580
2025-08-14,2835968,2732713
2025-08-15,2796277,2748819
2025-08-16,2360294,2344279
2025-08-17,2907660,2796821
2025-08-18,2705168,2686909
2025-08-19,2187411,2252171
2025-08-20,2294086,2310258
2025-08-21,2731931,2654402
2025-08-22,2667258,2660166
2025-08-23,2185460,2185822
2025-08-24,2786648,2702492
2025-08-25,2506611,2463227
2025-08-26,1950994,1980342
2025-08-27,2229905,2221120
2025-08-28,2833316,2746266
2025-08-29,2971455,2913547
2025-08-30,2223191,2163592
2025-08-31,2343216,2219496
2025-09-01,2836013,2748226
2025-09-02,2276201,2272637
2025-09-03,1965954,1965339
2025-09-04,2305882,2277401
2025-09-05,2427350,2404754
2025-09-06,1923040,1944006
2025-09-07,2673762,2635080
2025-09-08,2456693,2447809
2025-09-09,1896803,1947530
2025-09-10,2107833,1999757
2025-09-11,2610925,2630964
2025-09-12,2669713,2629323
2025-09-13,2020113,2039797
2025-09-14,2810804,2751418
2025-09-15,2590221,2568141
2025-09-16,2004769,2047363
2025-09-17,2219220,2204592
2025-09-18,2788191,2720369
2025-09-19,2788902,2746884
2025-09-20,2140805,2113564
2025-09-21,2848945,2834755
2025-09-22,2598440,2624958
2025-09-23,1975026,2063662
2025-09-24,2165846,2245707
2025-09-25,2739357,2550227
2025-09-26,2741844,2584954
2025-09-27,2083134,2090971
2025-09-28,2843311,2744939
2025-09-29,2577248,2544480
2025-09-30,2005123,1999352
2025-10-01,2199312,2151683
2025-10-02,2673111,2640399
2025-10-03,2697756,2668729
2025-10-04,2091602,2107910
2025-10-05,2901606,2830443
2025-10-06,2686873,2650717
2025-10-07,2104449,2092902
2025-10-08,2417075,2104384
2025-10-09,2975982,2515514
2025-10-10,3017612,2840414
2025-10-11,2381106,2245955
2025-10-12,2951273,2759322
2025-10-13,2874884,2753893
2025-10-14,2413133,2331229
2025-10-15,2438918,2380635
2025-10-16,2901650,2790733
2025-10-17,2878950,2810221
2025-10-18,2268485,2244829
2025-10-19,2988255,2934025
2025-10-20,2794820,2756016
2025-10-21,2141971,2162389
2025-10-22,2278249,2283293
2025-10-23,2780271,2734510
2025-10-24,2773635,2757296
2025-10-25,2126979,2138621
2025-10-26,2859222,2797199
2025-10-27,2636402,2571459
2025-10-28,1945466,1956344
2025-10-29,2087383,2160195
2025-10-30,2532054,2161429
2025-10-31,2280607,2565724
2025-11-01,2029708,1997801
2025-11-02,2678442,2646807
2025-11-03,2492532,2403233
2025-11-04,2015706,1910059
2025-11-05,2162311,2106444
2025-11-06,2704209,2597660
2025-11-07,2645578,2662635
2025-11-08,2080116,2112678
2025-11-09,2631788,2660472
2025-11-10,2488335,2697567
2025-11-11,2054768,2085620
2025-11-12,1996069,2088739
2025-11-13,2434496,2561968
2025-11-14,2456308,2636505
2025-11-15,1902157,1949769
2025-11-16,2604321,2663030
2025-11-17,2349327,2455375
2025-11-18,1816617,1885832
2025-11-19,2073637,2070826
2025-11-20,2493511,2550762
2025-11-21,2792495,2754798
2025-11-22,2482593,2493313
2025-11-23,2617142,2659301
2025-11-24,2563877,2506373
2025-11-25,2675261,2694504
2025-11-26,2753036,2726845
2025-11-27,1559165,1551896
2025-11-28,2392036,2377911
2025-11-29,2696816,2811101
2025-11-30,3134613,3088836
2025-12-01,2893451,2829000
2025-12-02,2233828,2283750
2025-12-03,2125688,2120703
2025-12-04,2437542,2443620
2025-12-05,2456311,2522641
2025-12-06,1987785,2012382
2025-12-07,2597892,2603322
2025-12-08,2470751,2438070
2025-12-09,1977202,2013749
2025-12-10,2160994,2148651
2025-12-11,2584914,2588225
2025-12-12,2651654,2655019
2025-12-13,2157148,2146894
2025-12-14,2586427,2599354
2025-12-15,2503757,2401238
2025-12-16,2047653,2122028
2025-12-17,2271960,2351328
2025-12-18,2637016,2651437
2025-12-19,2824905,2845856
2025-12-20,2748731,2773545
2025-12-21,2769228,2800962
2025-12-22,2795090,2758299
2025-12-23,2822653,2068817
2025-12-24,2236205,2039342
2025-12-25,2066118,2743795
2025-12-26,2716278,2848156
2025-12-27,2804814,2741872
2025-12-28,2924593,2805401
2025-12-29,2811757,2765740
2025-12-30,2827572,2172902
2025-12-31,2291360,2317817
2026-01-01,2334465,2612162
2026-01-02,2578209,2563751
2026-01-03,2604749,2543303
2026-01-04,2817509,2579257
2026-01-05,2508517,2222167
2026-01-06,1941589,1915448
2026-01-07,1900237,1885768
2026-01-08,2151117,2033464
2026-01-09,2206079,2000526
2026-01-10,1971751,1858186
2026-01-11,2411470,2322779
2026-01-12,2140851,2063978
2026-01-13,1688866,1651244
2026-01-14,1903860,1844782
2026-01-15,2460511,2369562
2026-01-16,2608430,2526699
2026-01-17,2002239,1939355
2026-01-18,2231469,2113340
2026-01-19,2556438,2467069
2026-01-20,1952569,1758401
2026-01-21,1802833,1710944
2026-01-22,2235021,2158274
2026-01-23,2243481,2257772
2026-01-24,1616945,1785853
2026-01-25,1313323,2302281
2026-01-26,1830079,2088851
2026-01-27,1765468,1599434
2026-01-28,1879610,1792651
2026-01-29,2235355,2219044
2026-01-30,2238006,2273071
2026-01-31,1729865,1791123
2026-02-01,2303445,2331440
2026-02-02,2150084,2102830
2026-02-03,1666150,1649904
2026-02-04,1839311,1821551
2026-02-05,2324236,2211186
2026-02-06,2351379,2338385
2026-02-07,1873708,1828477
2026-02-08,2274639,2186024
2026-02-09,2386224,2323951
2026-02-10,1852752,1753906
2026-02-11,2074130,1990225
2026-02-12,2701700,2563360
2026-02-13,2759407,2626024
2026-02-14,2186932,2160974
2026-02-15,2536292,2394991
2026-02-16,2766705,2721332
2026-02-17,2247910,2243788
2026-02-18,2229730,2122519
2026-02-19,2644354,2466484
2026-02-20,2650675,2553110
2026-02-21,2284819,2162478
2026-02-22,2475455,2594617
2026-02-23,1996320,2399600
2026-02-24,1958051,1917007
2026-02-25,2258729,2124463
2026-02-26,2647330,2579759
2026-02-27,2625251,2630825
2026-02-28,2190541,2158850
2026-03-01,2687408,2599903
2026-03-02,2432452,2366161
2026-03-03,1910452,1875355
2026-03-04,2133462,2136554
2026-03-05,2615896,2576928
2026-03-06,2696932,2643053
2026-03-07,2338542,2281542
2026-03-08,2781523,2663677
2026-03-09,2563627,2463857
2026-03-10,2056174,2027490
2026-03-11,2372082,2297329
2026-03-12,2788748,2708449
2026-03-13,2854704,2767748
2026-03-14,2568085,2487259
2026-03-15,2765657,2789837
2026-03-16,2474964,2699013
2026-03-17,2424806,2270253
2026-03-18,2573056,2408377
2026-03-19,2817785,2768538
2026-03-20,2766291,2771173
2026-03-21,2498514,2501942
2026-03-22,2865969,2832539
2026-03-23,2641500,2617185
2026-03-24,2193195,2153871
2026-03-25,2379710,2339528
2026-03-26,2723798,2703280
2026-03-27,2744893,2715766
2026-03-28,2426467,2348454
2026-03-29,2758600,2700604
2026-03-30,2533621,2555126
2026-03-31,2154213,2181917
2026-04-01,2360739,2179265
2026-04-02,2710611,2619950
2026-04-03,2659561,2657802
2026-04-04,2274101,2240401
2026-04-05,2561932,2735362
2026-04-06,2705640,2532641
2026-04-07,2207180,2087676
2026-04-08,2278770,2302933
2026-04-09,2691308,2720572
2026-04-10,2688395,2743057
2026-04-11,2269365,2271278
2026-04-12,2822290,2747565
2026-04-13,2606811,2565091
2026-04-14,2044781,2114573
2026-04-15,2251197,2359864
2026-04-16,2738409,2821542
2026-04-17,2705217,2658132
2026-04-18,2069600,2156119
2026-04-19,2796984,2591393
2026-04-20,2571543,2783476
2026-04-21,2055863,2266040
2026-04-22,2302381,2343680
2026-04-23,2740418,2757877
2026-04-24,2704682,2766258
2026-04-25,2093949,2203462
2026-04-26,2768606,2829787
2026-04-27,2539040,2601001
2026-04-28,2020266,2067463
2026-04-29,2264608,2300084
2026-04-30,2748380,2744098
2026-05-01,2643938,2659193
2026-05-02,2042664,2102342
2026-05-03,2741375,2762463
2026-05-04,2540806,2588956
2026-05-05,2040845,2106907
2026-05-06,2251410,2288927
2026-05-07,2701890,2730456
2026-05-08,2569907,2711847
2026-05-09,2088463,2125020
2026-05-10,2587640,2646042
2026-05-11,2661314,2657759
2026-05-12,2143904,2131356
2026-05-13,2399389,2366860
2026-05-14,2858330,2847916
2026-05-15,2796834,2834508
2026-05-16,2260950,2311326
2026-05-17,2887942,2929839
2026-05-18,2782578,2793452
2026-05-19,2313392,2321388
2026-05-20,2557265,2510246
2026-05-21,2955843,2960413
2026-05-22,2976209,3010183
2026-05-23,2380377,2389262
2026-05-24,2418371,2456295
2026-05-25,2818586,2863596
2026-05-26,2507199,2509320
2026-05-27,2374930,2325817
2026-05-28,2661047,2626367
2026-05-29,2689872,2698137
2026-05-30,2307047,2352801
2026-05-31,2818994,2825055
2026-06-01,2674187,2642700
2026-06-02,2218178,2213336
2026-06-03,2400663,2364375
2026-06-04,2773608,2798927
2026-06-05,2710489,2766521
2026-06-06,2359070,2395746
2026-06-07,2865564,2927145
2026-06-08,2764691,2833198
2026-06-09,2360445,2363770
2026-06-10,2517148,2504337
2026-06-11,2809243,2887798
2026-06-12,2873210,2871959
2026-06-13,2534457,2517202
2026-06-14,2891326,2888821
2026-06-15,2849377,2844254
2026-06-16,2482257,2455696
2026-06-17,2638190,2705355
2026-06-18,2988204,2980935
2026-06-19,2881272,2891240
2026-06-20,2563971,2614464
2026-06-21,2981485,3096797
2026-06-22,2876770,2953905
2026-06-23,2571215,2508733
2026-06-24,2656150,2620696
2026-06-25,2910453,2931282
2026-06-26,2904610,2988614
2026-06-27,2575625,2624407
2026-06-28,2930672,2959224
2026-06-29,2690919,2780012
2026-06-30,2477905,2402675
2026-07-01,2654017,2718537
2026-07-02,2901753,2923234
2026-07-03,2572397,2162755
2026-07-04,1882467,2457591
2026-07-05,2914375,3041954
2026-07-06,2898957,2917942
2026-07-07,2583561,2488332
2026-07-08,2533297,2554687
2026-07-09,2705781,2873682
2026-07-10,2787804,2885953
2026-07-11,2502489,2589889
2026-07-12,2916003,3007773
2026-07-13,2764785,2865292
2026-07-14,2443857,2557900
2026-07-15,2601382,2614183
2026-07-16,2850229,2998225
2026-07-17,2834256,2962082
2026-07-18,2507667,2603307
2026-07-19,2939611,3043973
2026-07-20,2856844,2886647
2026-07-21,2377339,2452271
2026-07-22,2657138,2630151
2026-07-23,2903099,2968866
2026-07-24,2870012,2970569
2026-07-25,2507361,2670276
2026-07-26,2924624,3017861
2026-07-27,2749024,2929749
2026-07-28,2332028,2438933
2026-07-29,2638603,2574917
2026-07-30,2862797,2882829
2026-07-31,2866606,2999166
2026-08-01,2599098,2640741
2026-08-02,2883744,2983755
2026-08-03,2726966,2855684
2026-08-04,2381852,2364019
2026-08-05,2430800,2447464
2026-08-06,2794275,2893814
2026-08-07,2719283,2854458
2026-08-08,2441898,2462226
2026-08-09,2855622,2960755
2026-08-10,2690569,2763999
2026-08-11,2238634,2256579
2026-08-12,2350055,2331562
2026-08-13,2708863,2835968
2026-08-14,2656068,2796277
2026-08-15,2285991,2360294
2026-08-16,2766554,2907660
2026-08-17,2621049,2705168
2026-08-18,2118686,2187411
2026-08-19,2207912,2294086
