Date,Volume,pred_yoy_delta
2025-06-05,2798927,2838122.75
2025-06-06,2766521,2837589.25
2025-06-07,2395746,2473631.25
2025-06-08,2927145,2927170.75
2025-06-09,2833198,2819016.5
2025-06-10,2363770,2429857.25
2025-06-11,2504337,2522340.5
2025-06-12,2887798,2845621.75
2025-06-13,2871959,2891270.5
2025-06-14,2517202,2575888.5
2025-06-15,2888821,2862231.0
2025-06-16,2844254,2776286.75
2025-06-17,2455696,2461115.0
2025-06-18,2705355,2616408.0
2025-06-19,2980935,2832903.0
2025-06-20,2891240,2840076.25
2025-06-21,2614464,2573883.75
2025-06-22,3096797,3006818.0
2025-06-23,2953905,2961870.0
2025-06-24,2508733,2561032.0
2025-06-25,2620696,2703017.25
2025-06-26,2931282,2965492.75
2025-06-27,2988614,2928377.5
2025-06-28,2624407,2620861.5
2025-06-29,2959224,2867588.75
2025-06-30,2780012,2770516.75
2025-07-01,2402675,2491490.25
2025-07-02,2718537,2765799.0
2025-07-03,2923234,2261684.5
2025-07-04,2162755,2448283.0
2025-07-05,2457591,2608557.0
2025-07-06,3041954,3069748.75
2025-07-07,2917942,2794527.5
2025-07-08,2488332,2520341.0
2025-07-09,2554687,2585378.5
2025-07-10,2873682,3016850.5
2025-07-11,2885953,2774526.25
2025-07-12,2589889,2537796.0
2025-07-13,3007773,2975979.25
2025-07-14,2865292,2900184.75
2025-07-15,2557900,2480220.0
2025-07-16,2614183,2606063.75
2025-07-17,2998225,3140978.5
2025-07-18,2962082,2663404.25
2025-07-19,2603307,2567752.5
2025-07-20,3043973,2933832.0
2025-07-21,2886647,2898762.5
2025-07-22,2452271,2585931.0
2025-07-23,2630151,2693906.5
2025-07-24,2968866,2943349.5
2025-07-25,2970569,2952683.0
2025-07-26,2670276,2583801.75
2025-07-27,3017861,2973464.5
2025-07-28,2929749,2801956.0
2025-07-29,2438933,2404504.25
2025-07-30,2574917,2589718.75
2025-07-31,2882829,2893267.75
2025-08-01,2999166,2888277.5
2025-08-02,2640741,2576846.25
2025-08-03,2983755,2857664.25
2025-08-04,2855684,2740444.75
2025-08-05,2364019,2376345.0
2025-08-06,2447464,2522545.25
2025-08-07,2893814,2822738.5
2025-08-08,2854458,2829111.25
2025-08-09,2462226,2518546.75
2025-08-10,2960755,2919876.75
2025-08-11,2763999,2777613.75
2025-08-12,2256579,2254369.75
2025-08-13,2331562,2342575.75
2025-08-14,2835968,2756669.25
2025-08-15,2796277,2822165.5
2025-08-16,2360294,2362227.75
2025-08-17,2907660,2870405.25
2025-08-18,2705168,2740145.75
2025-08-19,2187411,2237300.0
2025-08-20,2294086,2270946.25
2025-08-21,2731931,2701441.5
2025-08-22,2667258,2696446.75
2025-08-23,2185460,2186517.5
2025-08-24,2786648,2757872.0
2025-08-25,2506611,2482437.75
2025-08-26,1950994,1961710.25
2025-08-27,2229905,2204822.5
2025-08-28,2833316,2791462.0
2025-08-29,2971455,2927184.5
2025-08-30,2223191,2167505.25
2025-08-31,2343216,2268244.75
2025-09-01,2836013,2763636.75
2025-09-02,2276201,2249110.0
2025-09-03,1965954,1963492.25
2025-09-04,2305882,2318545.75
2025-09-05,2427350,2421004.0
2025-09-06,1923040,1958815.25
2025-09-07,2673762,2687049.0
2025-09-08,2456693,2480601.75
2025-09-09,1896803,1941084.0
2025-09-10,2107833,2002107.0
2025-09-11,2610925,2659846.75
2025-09-12,2669713,2649449.0
2025-09-13,2020113,2049455.25
2025-09-14,2810804,2792018.5
2025-09-15,2590221,2592308.75
2025-09-16,2004769,2035572.25
2025-09-17,2219220,2231764.75
2025-09-18,2788191,2722479.5
2025-09-19,2788902,2762630.5
2025-09-20,2140805,2103401.5
2025-09-21,2848945,2859272.0
2025-09-22,2598440,2632699.0
2025-09-23,1975026,2040331.75
2025-09-24,2165846,2276383.0
2025-09-25,2739357,2562172.75
2025-09-26,2741844,2605556.0
2025-09-27,2083134,2092860.25
2025-09-28,2843311,2763333.0
2025-09-29,2577248,2543370.5
2025-09-30,2005123,1966544.5
2025-10-01,2199312,2135374.75
2025-10-02,2673111,2704637.0
2025-10-03,2697756,2718456.0
2025-10-04,2091602,2112761.0
2025-10-05,2901606,2858583.5
2025-10-06,2686873,2652279.5
2025-10-07,2104449,2072185.75
2025-10-08,2417075,2096326.0
2025-10-09,2975982,2570974.5
2025-10-10,3017612,2886893.25
2025-10-11,2381106,2239918.75
2025-10-12,2951273,2801705.75
2025-10-13,2874884,2771124.0
2025-10-14,2413133,2335558.5
2025-10-15,2438918,2470715.0
2025-10-16,2901650,2914028.0
2025-10-17,2878950,2861777.25
2025-10-18,2268485,2274539.75
2025-10-19,2988255,2999803.5
2025-10-20,2794820,2795302.75
2025-10-21,2141971,2185751.75
2025-10-22,2278249,2376036.5
2025-10-23,2780271,2877356.25
2025-10-24,2773635,2818777.75
2025-10-25,2126979,2178322.75
2025-10-26,2859222,2858744.25
2025-10-27,2636402,2611407.75
2025-10-28,1945466,1971715.5
2025-10-29,2087383,2173504.75
2025-10-30,2532054,2200598.5
2025-10-31,2280607,2586991.0
2025-11-01,2029708,2000804.5
2025-11-02,2678442,2675870.25
2025-11-03,2492532,2429169.75
2025-11-04,2015706,1902235.0
2025-11-05,2162311,2086980.0
2025-11-06,2704209,2701756.5
2025-11-07,2645578,2595440.5
2025-11-08,2080116,2117744.25
2025-11-09,2631788,2683886.5
2025-11-10,2488335,2736127.5
2025-11-11,2054768,2109312.25
2025-11-12,1996069,2084502.75
2025-11-13,2434496,2681261.5
2025-11-14,2456308,2560961.5
2025-11-15,1902157,1949605.25
2025-11-16,2604321,2663767.75
2025-11-17,2349327,2425391.75
2025-11-18,1816617,1904530.75
2025-11-19,2073637,2061625.25
2025-11-20,2493511,2545531.25
2025-11-21,2792495,2705484.5
2025-11-22,2482593,2473269.5
2025-11-23,2617142,2637452.75
2025-11-24,2563877,2427553.0
2025-11-25,2675261,2669487.25
2025-11-26,2753036,2704380.25
2025-11-27,1559165,1505715.25
2025-11-28,2392036,2342286.0
2025-11-29,2696816,2796518.0
2025-11-30,3134613,3063619.0
2025-12-01,2893451,2816864.0
2025-12-02,2233828,2261635.5
2025-12-03,2125688,2127953.5
2025-12-04,2437542,2431124.5
2025-12-05,2456311,2535596.5
2025-12-06,1987785,1981130.75
2025-12-07,2597892,2604226.5
2025-12-08,2470751,2468558.75
2025-12-09,1977202,1996457.75
2025-12-10,2160994,2156445.0
2025-12-11,2584914,2588522.75
2025-12-12,2651654,2641967.75
2025-12-13,2157148,2112173.5
2025-12-14,2586427,2609440.75
2025-12-15,2503757,2425521.0
2025-12-16,2047653,2100410.75
2025-12-17,2271960,2355660.0
2025-12-18,2637016,2649089.75
2025-12-19,2824905,2828432.25
2025-12-20,2748731,2769959.25
2025-12-21,2769228,2796372.75
2025-12-22,2795090,2792099.0
2025-12-23,2822653,2041086.5
2025-12-24,2236205,2022585.75
2025-12-25,2066118,2739362.0
2025-12-26,2716278,2842077.0
2025-12-27,2804814,2738232.0
2025-12-28,2924593,2794235.75
2025-12-29,2811757,2800567.5
2025-12-30,2827572,2342767.25
2025-12-31,2291360,2347190.75
2026-01-01,2334465,2439137.5
2026-01-02,2578209,2525543.75
2026-01-03,2604749,2552835.0
2026-01-04,2817509,2601121.5
2026-01-05,2508517,2242869.0
2026-01-06,1941589,2267574.5
2026-01-07,1900237,1928369.5
2026-01-08,2151117,1794620.5
2026-01-09,2206079,1971171.0
2026-01-10,1971751,1889283.0
2026-01-11,2411470,2412140.0
2026-01-12,2140851,2147069.75
2026-01-13,1688866,1821446.75
2026-01-14,1903860,1841785.0
2026-01-15,2460511,2329551.0
2026-01-16,2608430,2581701.75
2026-01-17,2002239,1983107.75
2026-01-18,2231469,2195075.75
2026-01-19,2556438,2557874.75
2026-01-20,1952569,1774341.75
2026-01-21,1802833,1729330.75
2026-01-22,2235021,2210424.5
2026-01-23,2243481,2329593.0
2026-01-24,1616945,1829965.25
2026-01-25,1313323,2353986.0
2026-01-26,1830079,2130411.5
2026-01-27,1765468,1657381.5
2026-01-28,1879610,1830392.75
2026-01-29,2235355,2260968.0
2026-01-30,2238006,2289931.0
2026-01-31,1729865,1764617.0
2026-02-01,2303445,2113732.75
2026-02-02,2150084,2060479.25
2026-02-03,1666150,1739954.5
2026-02-04,1839311,1866263.0
2026-02-05,2324236,2234450.5
2026-02-06,2351379,2326046.0
2026-02-07,1873708,1770935.5
2026-02-08,2274639,1931785.75
2026-02-09,2386224,2271071.5
2026-02-10,1852752,1799476.0
2026-02-11,2074130,2016404.75
2026-02-12,2701700,2595700.25
2026-02-13,2759407,2620506.25
2026-02-14,2186932,2156967.25
2026-02-15,2536292,2410146.0
2026-02-16,2766705,2748713.75
2026-02-17,2247910,2272561.0
2026-02-18,2229730,2147935.25
2026-02-19,2644354,2529331.5
2026-02-20,2650675,2589704.25
2026-02-21,2284819,2180275.25
2026-02-22,2475455,2652096.0
2026-02-23,1996320,2426511.5
2026-02-24,1958051,1942749.0
2026-02-25,2258729,2172242.0
2026-02-26,2647330,2658811.5
2026-02-27,2625251,2688562.0
2026-02-28,2190541,2195924.75
2026-03-01,2687408,2605437.75
2026-03-02,2432452,2276684.25
2026-03-03,1910452,1886646.5
2026-03-04,2133462,2196923.25
2026-03-05,2615896,2638288.25
2026-03-06,2696932,2666050.75
2026-03-07,2338542,2320050.0
2026-03-08,2781523,2655762.75
2026-03-09,2563627,2379609.75
2026-03-10,2056174,2046525.25
2026-03-11,2372082,2330122.5
2026-03-12,2788748,2735083.75
2026-03-13,2854704,2779824.25
2026-03-14,2568085,2509431.75
2026-03-15,2765657,2841174.75
2026-03-16,2474964,2740528.25
2026-03-17,2424806,2286198.25
2026-03-18,2573056,2426292.25
2026-03-19,2817785,2798354.75
2026-03-20,2766291,2806381.75
2026-03-21,2498514,2536398.5
2026-03-22,2865969,2855955.5
2026-03-23,2641500,2586115.25
2026-03-24,2193195,2199680.25
2026-03-25,2379710,2399386.0
2026-03-26,2723798,2735666.5
2026-03-27,2744893,2736284.5
2026-03-28,2426467,2367803.5
2026-03-29,2758600,2702916.5
2026-03-30,2533621,2505192.5
2026-03-31,2154213,2230386.25
2026-04-01,2360739,2230480.25
2026-04-02,2710611,2637391.25
2026-04-03,2659561,2663863.25
2026-04-04,2274101,2259047.25
2026-04-05,2561932,2758218.5
2026-04-06,2705640,2533343.5
2026-04-07,2207180,2090581.0
2026-04-08,2278770,2358347.0
2026-04-09,2691308,2748366.75
2026-04-10,2688395,2750778.5
2026-04-11,2269365,2299206.25
2026-04-12,2822290,2718706.5
2026-04-13,2606811,2602964.5
2026-04-14,2044781,2137523.0
2026-04-15,2251197,2399191.75
2026-04-16,2738409,2836891.25
2026-04-17,2705217,2644906.25
2026-04-18,2069600,2164065.75
2026-04-19,2796984,2566716.75
2026-04-20,2571543,2837155.75
2026-04-21,2055863,2278468.0
2026-04-22,2302381,2310472.5
2026-04-23,2740418,2729777.75
2026-04-24,2704682,2764363.75
2026-04-25,2093949,2181354.0
2026-04-26,2768606,2899866.0
2026-04-27,2539040,2558447.75
2026-04-28,2020266,1997470.75
2026-04-29,2264608,2262592.5
2026-04-30,2748380,2718950.0
2026-05-01,2643938,2655570.25
2026-05-02,2042664,2053334.0
2026-05-03,2741375,2798565.5
2026-05-04,2540806,2520482.5
2026-05-05,2040845,2042563.5
2026-05-06,2251410,2269733.25
2026-05-07,2701890,2727161.75
2026-05-08,2569907,2692639.25
2026-05-09,2088463,2082722.25
2026-05-10,2587640,2625474.75
2026-05-11,2661314,2630231.25
2026-05-12,2143904,2103041.25
2026-05-13,2399389,2348611.75
2026-05-14,2858330,2841845.0
2026-05-15,2796834,2795209.25
2026-05-16,2260950,2287267.25
2026-05-17,2887942,2909966.5
2026-05-18,2782578,2782303.25
2026-05-19,2313392,2308009.5
2026-05-20,2557265,2508999.0
2026-05-21,2955843,2955875.0
2026-05-22,2976209,2965279.5
2026-05-23,2380377,2367528.75
2026-05-24,2418371,2431220.25
2026-05-25,2818586,2861766.25
2026-05-26,2507199,2510458.0
2026-05-27,2374930,2345704.0
2026-05-28,2661047,2627828.0
2026-05-29,2689872,2680225.0
2026-05-30,2307047,2337985.75
2026-05-31,2818994,2805099.75
2026-06-01,2674187,2628729.0
2026-06-02,2218178,2210806.75
2026-06-03,2400663,2388408.0
2026-06-04,2773608,2806454.5
2026-06-05,2710489,2755961.25
2026-06-06,2359070,2382086.25
2026-06-07,2865564,2916148.75
2026-06-08,2764691,2829817.25
2026-06-09,2360445,2364450.25
2026-06-10,2517148,2525687.25
2026-06-11,2809243,2890138.25
2026-06-12,2873210,2855884.75
2026-06-13,2534457,2496594.5
2026-06-14,2891326,2871910.5
2026-06-15,2849377,2834999.0
2026-06-16,2482257,2456075.25
2026-06-17,2638190,2717629.75
2026-06-18,2988204,2954966.5
2026-06-19,2881272,2877544.75
2026-06-20,2563971,2609608.75
2026-06-21,2981485,3082028.0
2026-06-22,2876770,2938059.0
2026-06-23,2571215,2514542.0
2026-06-24,2656150,2607107.5
2026-06-25,2910453,2913460.5
2026-06-26,2904610,2986434.75
2026-06-27,2575625,2616097.5
2026-06-28,2930672,2931022.25
2026-06-29,2690919,2762009.0
2026-06-30,2477905,2424935.75
2026-07-01,2654017,2710609.25
2026-07-02,2901753,2919844.0
2026-07-03,2572397,2139262.0
2026-07-04,1882467,2432772.25
2026-07-05,2914375,3005988.0
2026-07-06,2898957,2876385.0
2026-07-07,2583561,2522760.0
2026-07-08,2533297,2547420.5
2026-07-09,2705781,2863104.5
2026-07-10,2787804,2967362.5
2026-07-11,2502489,2433912.5
2026-07-12,2916003,2968740.25
2026-07-13,2764785,2838272.5
2026-07-14,2443857,2600514.75
2026-07-15,2601382,2592705.5
2026-07-16,2850229,2950879.5
2026-07-17,2834256,3039955.25
2026-07-18,2507667,2437676.0
2026-07-19,2939611,2989135.75
2026-07-20,2856844,2856774.0
2026-07-21,2377339,2447567.5
2026-07-22,2657138,2621603.25
2026-07-23,2903099,2889891.75
2026-07-24,2870012,2914075.25
2026-07-25,2507361,2624516.0
2026-07-26,2924624,2968828.0
2026-07-27,2749024,2897171.5
2026-07-28,2332028,2391689.25
2026-07-29,2638603,2578463.5
2026-07-30,2862797,2829388.25
2026-07-31,2866606,2942070.25
2026-08-01,2599098,2576102.25
2026-08-02,2883744,2934355.25
2026-08-03,2726966,2803052.0
2026-08-04,2381852,2318559.75
2026-08-05,2430800,2470132.25
2026-08-06,2794275,2872364.25
2026-08-07,2719283,2796178.75
2026-08-08,2441898,2411086.5
2026-08-09,2855622,2912443.0
2026-08-10,2690569,2686638.25
2026-08-11,2238634,2234311.0
2026-08-12,2350055,2343317.5
2026-08-13,2708863,2806075.25
2026-08-14,2656068,2729343.25
2026-08-15,2285991,2344801.25
2026-08-16,2766554,2856374.0
2026-08-17,2621049,2654631.0
2026-08-18,2118686,2187383.0
2026-08-19,2207912,2294543.25
2026-08-28,2487127,2909070.5
2026-08-29,1981161,2195716.0
2026-08-30,2551084,2276368.25
2026-08-31,2338573,2802292.25
2026-09-01,1847635,2256008.25
2026-09-02,2050689,1910950.25
2026-09-03,2702095,2188942.5
2026-09-04,2815644,2278935.75
2026-09-05,2097779,1853633.25
2026-09-06,2149009,2694157.75
2026-09-07,2781221,2319642.0
2026-09-08,2279729,1786650.0
2026-09-09,2025542,2095556.5
2026-09-10,2420875,2627215.0
2026-09-11,2403791,2645704.5
2026-09-12,1964375,2003290.25
2026-09-13,2655404,2731582.75
2026-09-14,2542694,2546993.0
2026-09-15,1948803,1993359.0
2026-09-16,2176546,2219831.0
2026-09-17,2700658,2839731.75
2026-09-18,2669918,2819495.0
2026-09-19,2030699,2170555.25
2026-09-20,2713974,2678906.75
2026-09-21,2566118,2667690.25
