snapshot_iso,ticker,event_ticker,strike_millions,yes_bid_cents,yes_ask_cents,no_bid_cents,no_ask_cents,yes_mid_cents,no_mid_cents,market_prob,spread_cents,volume,open_interest
2026-05-28T17:03:51.232447+00:00,KXTSAW-26MAY31-A1.80,KXTSAW-26MAY31,1.8,95.0,,,,95.0,5.0,0.95,0.0,0.0,0.0
2026-05-28T17:03:51.232447+00:00,KXTSAW-26MAY31-A1.85,KXTSAW-26MAY31,1.85,90.0,,,,90.0,10.0,0.9,0.0,0.0,0.0
2026-05-28T17:03:51.232447+00:00,KXTSAW-26MAY31-A1.90,KXTSAW-26MAY31,1.9,90.0,99.0,,,94.5,5.5,0.945,9.0,0.0,0.0
2026-05-28T17:03:51.232447+00:00,KXTSAW-26MAY31-A1.95,KXTSAW-26MAY31,1.95,90.0,99.0,,,94.5,5.5,0.945,9.0,0.0,0.0
2026-05-28T17:03:51.232447+00:00,KXTSAW-26MAY31-A2.00,KXTSAW-26MAY31,2.0,90.0,99.0,,,94.5,5.5,0.945,9.0,0.0,0.0
2026-05-28T17:03:51.232447+00:00,KXTSAW-26MAY31-A2.05,KXTSAW-26MAY31,2.05,90.0,99.0,,,94.5,5.5,0.945,9.0,0.0,0.0
2026-05-28T17:03:51.232447+00:00,KXTSAW-26MAY31-A2.10,KXTSAW-26MAY31,2.1,92.0,99.0,,,95.5,4.5,0.955,7.0,0.0,0.0
2026-05-28T17:03:51.232447+00:00,KXTSAW-26MAY31-A2.15,KXTSAW-26MAY31,2.15,90.0,99.0,,,94.5,5.5,0.945,9.0,0.0,0.0
2026-05-28T17:03:51.232447+00:00,KXTSAW-26MAY31-A2.20,KXTSAW-26MAY31,2.2,90.0,99.0,,,94.5,5.5,0.945,9.0,0.0,0.0
2026-05-28T17:03:51.232447+00:00,KXTSAW-26MAY31-A2.25,KXTSAW-26MAY31,2.25,90.0,99.0,,,94.5,5.5,0.945,9.0,0.0,0.0
2026-05-28T17:03:51.232447+00:00,KXTSAW-26MAY31-A2.30,KXTSAW-26MAY31,2.3,90.0,99.0,,,94.5,5.5,0.945,9.0,0.0,0.0
2026-05-28T17:03:51.232447+00:00,KXTSAW-26MAY31-A2.35,KXTSAW-26MAY31,2.35,90.0,99.0,,,94.5,5.5,0.945,9.0,0.0,0.0
2026-05-28T17:03:51.232447+00:00,KXTSAW-26MAY31-A2.40,KXTSAW-26MAY31,2.4,99.0,,,,99.0,1.0,0.99,0.0,0.0,0.0
2026-05-28T17:03:51.232447+00:00,KXTSAW-26MAY31-A2.45,KXTSAW-26MAY31,2.45,95.0,,,,95.0,5.0,0.95,0.0,0.0,0.0
2026-05-28T17:03:51.232447+00:00,KXTSAW-26MAY31-A2.50,KXTSAW-26MAY31,2.5,97.0,,,,97.0,3.0,0.97,0.0,0.0,0.0
2026-05-28T17:03:51.232447+00:00,KXTSAW-26MAY31-A2.55,KXTSAW-26MAY31,2.55,97.0,98.0,,,97.5,2.5,0.975,1.0,0.0,0.0
2026-05-28T17:03:51.232447+00:00,KXTSAW-26MAY31-A2.60,KXTSAW-26MAY31,2.6,63.0,64.0,,,63.5,36.5,0.635,1.0,0.0,0.0
2026-05-28T17:03:51.232447+00:00,KXTSAW-26MAY31-A2.65,KXTSAW-26MAY31,2.65,1.0,2.0,,,1.5,98.5,0.015,1.0,0.0,0.0
2026-05-28T17:03:51.232447+00:00,KXTSAW-26MAY31-A2.70,KXTSAW-26MAY31,2.7,,2.0,,,2.0,98.0,0.02,0.0,0.0,0.0
2026-05-28T17:03:51.232447+00:00,KXTSAW-26MAY31-A2.75,KXTSAW-26MAY31,2.75,,2.0,,,2.0,98.0,0.02,0.0,0.0,0.0
2026-05-28T17:03:51.232447+00:00,KXTSAW-26MAY31-A2.80,KXTSAW-26MAY31,2.8,,1.0,,,1.0,99.0,0.01,0.0,0.0,0.0
