snapshot_iso,snapshot_date,event_ticker,ticker,strike_millions,side,price_cents,quantity,level_rank,cum_quantity,yes_bid_cents,yes_ask_cents,no_bid_cents,no_ask_cents,volume,open_interest
2026-06-03T16:16:49.340519+00:00,2026-06-03,KXTSAW-26JUN07,KXTSAW-26JUN07-A1.80,1.8,yes,90.0,1050,0,1050,90.0,,,10.0,0.0,0.0
2026-06-03T16:16:49.340519+00:00,2026-06-03,KXTSAW-26JUN07,KXTSAW-26JUN07-A1.80,1.8,yes,88.0,100,1,1150,90.0,,,10.0,0.0,0.0
2026-06-03T16:16:49.340519+00:00,2026-06-03,KXTSAW-26JUN07,KXTSAW-26JUN07-A1.80,1.8,yes,60.0,1,2,1151,90.0,,,10.0,0.0,0.0
2026-06-03T16:16:49.340519+00:00,2026-06-03,KXTSAW-26JUN07,KXTSAW-26JUN07-A1.80,1.8,yes,41.0,1438,3,2589,90.0,,,10.0,0.0,0.0
2026-06-03T16:16:49.340519+00:00,2026-06-03,KXTSAW-26JUN07,KXTSAW-26JUN07-A1.80,1.8,yes,39.0,200,4,2789,90.0,,,10.0,0.0,0.0
2026-06-03T16:16:49.340519+00:00,2026-06-03,KXTSAW-26JUN07,KXTSAW-26JUN07-A1.80,1.8,yes,21.0,62,5,2851,90.0,,,10.0,0.0,0.0
2026-06-03T16:16:49.340519+00:00,2026-06-03,KXTSAW-26JUN07,KXTSAW-26JUN07-A1.85,1.85,no,1.0,1,0,1,90.0,99.0,1.0,10.0,0.0,0.0
2026-06-03T16:16:49.340519+00:00,2026-06-03,KXTSAW-26JUN07,KXTSAW-26JUN07-A1.85,1.85,yes,90.0,50,0,50,90.0,99.0,1.0,10.0,0.0,0.0
2026-06-03T16:16:49.340519+00:00,2026-06-03,KXTSAW-26JUN07,KXTSAW-26JUN07-A1.85,1.85,yes,88.0,100,1,150,90.0,99.0,1.0,10.0,0.0,0.0
2026-06-03T16:16:49.340519+00:00,2026-06-03,KXTSAW-26JUN07,KXTSAW-26JUN07-A1.85,1.85,yes,44.0,231,2,381,90.0,99.0,1.0,10.0,0.0,0.0
2026-06-03T16:16:49.340519+00:00,2026-06-03,KXTSAW-26JUN07,KXTSAW-26JUN07-A1.85,1.85,yes,42.0,53,3,434,90.0,99.0,1.0,10.0,0.0,0.0
2026-06-03T16:16:49.340519+00:00,2026-06-03,KXTSAW-26JUN07,KXTSAW-26JUN07-A1.85,1.85,yes,41.0,165,4,599,90.0,99.0,1.0,10.0,0.0,0.0
2026-06-03T16:16:49.340519+00:00,2026-06-03,KXTSAW-26JUN07,KXTSAW-26JUN07-A1.85,1.85,yes,21.0,10,5,609,90.0,99.0,1.0,10.0,0.0,0.0
2026-06-03T16:16:49.340519+00:00,2026-06-03,KXTSAW-26JUN07,KXTSAW-26JUN07-A1.90,1.9,no,1.0,1,0,1,90.0,99.0,1.0,10.0,0.0,0.0
2026-06-03T16:16:49.340519+00:00,2026-06-03,KXTSAW-26JUN07,KXTSAW-26JUN07-A1.90,1.9,yes,90.0,50,0,50,90.0,99.0,1.0,10.0,0.0,0.0
2026-06-03T16:16:49.340519+00:00,2026-06-03,KXTSAW-26JUN07,KXTSAW-26JUN07-A1.90,1.9,yes,88.0,100,1,150,90.0,99.0,1.0,10.0,0.0,0.0
2026-06-03T16:16:49.340519+00:00,2026-06-03,KXTSAW-26JUN07,KXTSAW-26JUN07-A1.90,1.9,yes,47.0,219,2,369,90.0,99.0,1.0,10.0,0.0,0.0
2026-06-03T16:16:49.340519+00:00,2026-06-03,KXTSAW-26JUN07,KXTSAW-26JUN07-A1.90,1.9,yes,46.0,48,3,417,90.0,99.0,1.0,10.0,0.0,0.0
2026-06-03T16:16:49.340519+00:00,2026-06-03,KXTSAW-26JUN07,KXTSAW-26JUN07-A1.90,1.9,yes,22.0,15,4,432,90.0,99.0,1.0,10.0,0.0,0.0
2026-06-03T16:16:49.340519+00:00,2026-06-03,KXTSAW-26JUN07,KXTSAW-26JUN07-A1.90,1.9,yes,21.0,10,5,442,90.0,99.0,1.0,10.0,0.0,0.0
2026-06-03T16:16:49.340519+00:00,2026-06-03,KXTSAW-26JUN07,KXTSAW-26JUN07-A1.95,1.95,no,1.0,1,0,1,90.0,99.0,1.0,10.0,0.0,0.0
2026-06-03T16:16:49.340519+00:00,2026-06-03,KXTSAW-26JUN07,KXTSAW-26JUN07-A1.95,1.95,yes,90.0,50,0,50,90.0,99.0,1.0,10.0,0.0,0.0
2026-06-03T16:16:49.340519+00:00,2026-06-03,KXTSAW-26JUN07,KXTSAW-26JUN07-A1.95,1.95,yes,88.0,100,1,150,90.0,99.0,1.0,10.0,0.0,0.0
2026-06-03T16:16:49.340519+00:00,2026-06-03,KXTSAW-26JUN07,KXTSAW-26JUN07-A1.95,1.95,yes,48.0,211,2,361,90.0,99.0,1.0,10.0,0.0,0.0
2026-06-03T16:16:49.340519+00:00,2026-06-03,KXTSAW-26JUN07,KXTSAW-26JUN07-A1.95,1.95,yes,46.0,42,3,403,90.0,99.0,1.0,10.0,0.0,0.0
2026-06-03T16:16:49.340519+00:00,2026-06-03,KXTSAW-26JUN07,KXTSAW-26JUN07-A1.95,1.95,yes,43.0,200,4,603,90.0,99.0,1.0,10.0,0.0,0.0
2026-06-03T16:16:49.340519+00:00,2026-06-03,KXTSAW-26JUN07,KXTSAW-26JUN07-A1.95,1.95,yes,22.0,17,5,620,90.0,99.0,1.0,10.0,0.0,0.0
2026-06-03T16:16:49.340519+00:00,2026-06-03,KXTSAW-26JUN07,KXTSAW-26JUN07-A1.95,1.95,yes,21.0,10,6,630,90.0,99.0,1.0,10.0,0.0,0.0
2026-06-03T16:16:49.340519+00:00,2026-06-03,KXTSAW-26JUN07,KXTSAW-26JUN07-A2.00,2.0,no,1.0,1,0,1,90.0,99.0,1.0,10.0,0.0,0.0
2026-06-03T16:16:49.340519+00:00,2026-06-03,KXTSAW-26JUN07,KXTSAW-26JUN07-A2.00,2.0,yes,90.0,50,0,50,90.0,99.0,1.0,10.0,0.0,0.0
2026-06-03T16:16:49.340519+00:00,2026-06-03,KXTSAW-26JUN07,KXTSAW-26JUN07-A2.00,2.0,yes,88.0,100,1,150,90.0,99.0,1.0,10.0,0.0,0.0
2026-06-03T16:16:49.340519+00:00,2026-06-03,KXTSAW-26JUN07,KXTSAW-26JUN07-A2.00,2.0,yes,55.0,47,2,197,90.0,99.0,1.0,10.0,0.0,0.0
2026-06-03T16:16:49.340519+00:00,2026-06-03,KXTSAW-26JUN07,KXTSAW-26JUN07-A2.00,2.0,yes,47.0,283,3,480,90.0,99.0,1.0,10.0,0.0,0.0
2026-06-03T16:16:49.340519+00:00,2026-06-03,KXTSAW-26JUN07,KXTSAW-26JUN07-A2.00,2.0,yes,44.0,154,4,634,90.0,99.0,1.0,10.0,0.0,0.0
2026-06-03T16:16:49.340519+00:00,2026-06-03,KXTSAW-26JUN07,KXTSAW-26JUN07-A2.00,2.0,yes,40.0,500,5,1134,90.0,99.0,1.0,10.0,0.0,0.0
2026-06-03T16:16:49.340519+00:00,2026-06-03,KXTSAW-26JUN07,KXTSAW-26JUN07-A2.00,2.0,yes,21.0,10,6,1144,90.0,99.0,1.0,10.0,0.0,0.0
2026-06-03T16:16:49.340519+00:00,2026-06-03,KXTSAW-26JUN07,KXTSAW-26JUN07-A2.05,2.05,no,1.0,1,0,1,90.0,99.0,1.0,10.0,0.0,0.0
2026-06-03T16:16:49.340519+00:00,2026-06-03,KXTSAW-26JUN07,KXTSAW-26JUN07-A2.05,2.05,yes,90.0,50,0,50,90.0,99.0,1.0,10.0,0.0,0.0
2026-06-03T16:16:49.340519+00:00,2026-06-03,KXTSAW-26JUN07,KXTSAW-26JUN07-A2.05,2.05,yes,88.0,100,1,150,90.0,99.0,1.0,10.0,0.0,0.0
2026-06-03T16:16:49.340519+00:00,2026-06-03,KXTSAW-26JUN07,KXTSAW-26JUN07-A2.05,2.05,yes,51.0,201,2,351,90.0,99.0,1.0,10.0,0.0,0.0
2026-06-03T16:16:49.340519+00:00,2026-06-03,KXTSAW-26JUN07,KXTSAW-26JUN07-A2.05,2.05,yes,47.0,47,3,398,90.0,99.0,1.0,10.0,0.0,0.0
2026-06-03T16:16:49.340519+00:00,2026-06-03,KXTSAW-26JUN07,KXTSAW-26JUN07-A2.05,2.05,yes,43.0,200,4,598,90.0,99.0,1.0,10.0,0.0,0.0
2026-06-03T16:16:49.340519+00:00,2026-06-03,KXTSAW-26JUN07,KXTSAW-26JUN07-A2.05,2.05,yes,21.0,10,5,608,90.0,99.0,1.0,10.0,0.0,0.0
2026-06-03T16:16:49.340519+00:00,2026-06-03,KXTSAW-26JUN07,KXTSAW-26JUN07-A2.10,2.1,no,1.0,1,0,1,90.0,99.0,1.0,10.0,0.0,0.0
2026-06-03T16:16:49.340519+00:00,2026-06-03,KXTSAW-26JUN07,KXTSAW-26JUN07-A2.10,2.1,yes,90.0,50,0,50,90.0,99.0,1.0,10.0,0.0,0.0
2026-06-03T16:16:49.340519+00:00,2026-06-03,KXTSAW-26JUN07,KXTSAW-26JUN07-A2.10,2.1,yes,88.0,100,1,150,90.0,99.0,1.0,10.0,0.0,0.0
2026-06-03T16:16:49.340519+00:00,2026-06-03,KXTSAW-26JUN07,KXTSAW-26JUN07-A2.10,2.1,yes,41.0,249,2,399,90.0,99.0,1.0,10.0,0.0,0.0
2026-06-03T16:16:49.340519+00:00,2026-06-03,KXTSAW-26JUN07,KXTSAW-26JUN07-A2.10,2.1,yes,40.0,200,3,599,90.0,99.0,1.0,10.0,0.0,0.0
2026-06-03T16:16:49.340519+00:00,2026-06-03,KXTSAW-26JUN07,KXTSAW-26JUN07-A2.10,2.1,yes,39.0,52,4,651,90.0,99.0,1.0,10.0,0.0,0.0
2026-06-03T16:16:49.340519+00:00,2026-06-03,KXTSAW-26JUN07,KXTSAW-26JUN07-A2.10,2.1,yes,21.0,10,5,661,90.0,99.0,1.0,10.0,0.0,0.0
2026-06-03T16:16:49.340519+00:00,2026-06-03,KXTSAW-26JUN07,KXTSAW-26JUN07-A2.15,2.15,no,1.0,1,0,1,90.0,99.0,1.0,10.0,0.0,0.0
2026-06-03T16:16:49.340519+00:00,2026-06-03,KXTSAW-26JUN07,KXTSAW-26JUN07-A2.15,2.15,yes,90.0,50,0,50,90.0,99.0,1.0,10.0,0.0,0.0
2026-06-03T16:16:49.340519+00:00,2026-06-03,KXTSAW-26JUN07,KXTSAW-26JUN07-A2.15,2.15,yes,88.0,100,1,150,90.0,99.0,1.0,10.0,0.0,0.0
2026-06-03T16:16:49.340519+00:00,2026-06-03,KXTSAW-26JUN07,KXTSAW-26JUN07-A2.15,2.15,yes,41.0,297,2,447,90.0,99.0,1.0,10.0,0.0,0.0
2026-06-03T16:16:49.340519+00:00,2026-06-03,KXTSAW-26JUN07,KXTSAW-26JUN07-A2.15,2.15,yes,40.0,130,3,577,90.0,99.0,1.0,10.0,0.0,0.0
2026-06-03T16:16:49.340519+00:00,2026-06-03,KXTSAW-26JUN07,KXTSAW-26JUN07-A2.15,2.15,yes,21.0,10,4,587,90.0,99.0,1.0,10.0,0.0,0.0
2026-06-03T16:16:49.340519+00:00,2026-06-03,KXTSAW-26JUN07,KXTSAW-26JUN07-A2.20,2.2,no,1.0,1,0,1,89.0,99.0,1.0,11.0,0.0,0.0
2026-06-03T16:16:49.340519+00:00,2026-06-03,KXTSAW-26JUN07,KXTSAW-26JUN07-A2.20,2.2,yes,89.0,50,0,50,89.0,99.0,1.0,11.0,0.0,0.0
2026-06-03T16:16:49.340519+00:00,2026-06-03,KXTSAW-26JUN07,KXTSAW-26JUN07-A2.20,2.2,yes,88.0,100,1,150,89.0,99.0,1.0,11.0,0.0,0.0
2026-06-03T16:16:49.340519+00:00,2026-06-03,KXTSAW-26JUN07,KXTSAW-26JUN07-A2.20,2.2,yes,40.0,215,2,365,89.0,99.0,1.0,11.0,0.0,0.0
2026-06-03T16:16:49.340519+00:00,2026-06-03,KXTSAW-26JUN07,KXTSAW-26JUN07-A2.20,2.2,yes,39.0,178,3,543,89.0,99.0,1.0,11.0,0.0,0.0
2026-06-03T16:16:49.340519+00:00,2026-06-03,KXTSAW-26JUN07,KXTSAW-26JUN07-A2.20,2.2,yes,38.0,44,4,587,89.0,99.0,1.0,11.0,0.0,0.0
2026-06-03T16:16:49.340519+00:00,2026-06-03,KXTSAW-26JUN07,KXTSAW-26JUN07-A2.20,2.2,yes,21.0,23,5,610,89.0,99.0,1.0,11.0,0.0,0.0
2026-06-03T16:16:49.340519+00:00,2026-06-03,KXTSAW-26JUN07,KXTSAW-26JUN07-A2.25,2.25,no,1.0,1,0,1,89.0,99.0,1.0,11.0,0.0,0.0
2026-06-03T16:16:49.340519+00:00,2026-06-03,KXTSAW-26JUN07,KXTSAW-26JUN07-A2.25,2.25,yes,89.0,50,0,50,89.0,99.0,1.0,11.0,0.0,0.0
2026-06-03T16:16:49.340519+00:00,2026-06-03,KXTSAW-26JUN07,KXTSAW-26JUN07-A2.25,2.25,yes,88.0,100,1,150,89.0,99.0,1.0,11.0,0.0,0.0
2026-06-03T16:16:49.340519+00:00,2026-06-03,KXTSAW-26JUN07,KXTSAW-26JUN07-A2.25,2.25,yes,35.0,292,2,442,89.0,99.0,1.0,11.0,0.0,0.0
2026-06-03T16:16:49.340519+00:00,2026-06-03,KXTSAW-26JUN07,KXTSAW-26JUN07-A2.25,2.25,yes,34.0,130,3,572,89.0,99.0,1.0,11.0,0.0,0.0
2026-06-03T16:16:49.340519+00:00,2026-06-03,KXTSAW-26JUN07,KXTSAW-26JUN07-A2.25,2.25,yes,21.0,10,4,582,89.0,99.0,1.0,11.0,0.0,0.0
2026-06-03T16:16:49.340519+00:00,2026-06-03,KXTSAW-26JUN07,KXTSAW-26JUN07-A2.30,2.3,no,1.0,1,0,1,89.0,99.0,1.0,11.0,0.0,0.0
2026-06-03T16:16:49.340519+00:00,2026-06-03,KXTSAW-26JUN07,KXTSAW-26JUN07-A2.30,2.3,yes,89.0,50,0,50,89.0,99.0,1.0,11.0,0.0,0.0
2026-06-03T16:16:49.340519+00:00,2026-06-03,KXTSAW-26JUN07,KXTSAW-26JUN07-A2.30,2.3,yes,88.0,100,1,150,89.0,99.0,1.0,11.0,0.0,0.0
2026-06-03T16:16:49.340519+00:00,2026-06-03,KXTSAW-26JUN07,KXTSAW-26JUN07-A2.30,2.3,yes,46.0,190,2,340,89.0,99.0,1.0,11.0,0.0,0.0
2026-06-03T16:16:49.340519+00:00,2026-06-03,KXTSAW-26JUN07,KXTSAW-26JUN07-A2.30,2.3,yes,44.0,47,3,387,89.0,99.0,1.0,11.0,0.0,0.0
2026-06-03T16:16:49.340519+00:00,2026-06-03,KXTSAW-26JUN07,KXTSAW-26JUN07-A2.30,2.3,yes,41.0,178,4,565,89.0,99.0,1.0,11.0,0.0,0.0
2026-06-03T16:16:49.340519+00:00,2026-06-03,KXTSAW-26JUN07,KXTSAW-26JUN07-A2.30,2.3,yes,21.0,10,5,575,89.0,99.0,1.0,11.0,0.0,0.0
2026-06-03T16:16:49.340519+00:00,2026-06-03,KXTSAW-26JUN07,KXTSAW-26JUN07-A2.35,2.35,no,1.0,1,0,1,89.0,99.0,1.0,11.0,0.0,0.0
2026-06-03T16:16:49.340519+00:00,2026-06-03,KXTSAW-26JUN07,KXTSAW-26JUN07-A2.35,2.35,yes,89.0,50,0,50,89.0,99.0,1.0,11.0,0.0,0.0
2026-06-03T16:16:49.340519+00:00,2026-06-03,KXTSAW-26JUN07,KXTSAW-26JUN07-A2.35,2.35,yes,88.0,100,1,150,89.0,99.0,1.0,11.0,0.0,0.0
2026-06-03T16:16:49.340519+00:00,2026-06-03,KXTSAW-26JUN07,KXTSAW-26JUN07-A2.35,2.35,yes,75.0,25,2,175,89.0,99.0,1.0,11.0,0.0,0.0
2026-06-03T16:16:49.340519+00:00,2026-06-03,KXTSAW-26JUN07,KXTSAW-26JUN07-A2.35,2.35,yes,46.0,53,3,228,89.0,99.0,1.0,11.0,0.0,0.0
2026-06-03T16:16:49.340519+00:00,2026-06-03,KXTSAW-26JUN07,KXTSAW-26JUN07-A2.35,2.35,yes,44.0,231,4,459,89.0,99.0,1.0,11.0,0.0,0.0
2026-06-03T16:16:49.340519+00:00,2026-06-03,KXTSAW-26JUN07,KXTSAW-26JUN07-A2.35,2.35,yes,42.0,194,5,653,89.0,99.0,1.0,11.0,0.0,0.0
2026-06-03T16:16:49.340519+00:00,2026-06-03,KXTSAW-26JUN07,KXTSAW-26JUN07-A2.35,2.35,yes,21.0,10,6,663,89.0,99.0,1.0,11.0,0.0,0.0
2026-06-03T16:16:49.340519+00:00,2026-06-03,KXTSAW-26JUN07,KXTSAW-26JUN07-A2.40,2.4,no,1.0,1,0,1,90.0,99.0,1.0,10.0,0.0,0.0
2026-06-03T16:16:49.340519+00:00,2026-06-03,KXTSAW-26JUN07,KXTSAW-26JUN07-A2.40,2.4,yes,90.0,110,0,110,90.0,99.0,1.0,10.0,0.0,0.0
2026-06-03T16:16:49.340519+00:00,2026-06-03,KXTSAW-26JUN07,KXTSAW-26JUN07-A2.40,2.4,yes,89.0,50,1,160,90.0,99.0,1.0,10.0,0.0,0.0
2026-06-03T16:16:49.340519+00:00,2026-06-03,KXTSAW-26JUN07,KXTSAW-26JUN07-A2.40,2.4,yes,88.0,100,2,260,90.0,99.0,1.0,10.0,0.0,0.0
2026-06-03T16:16:49.340519+00:00,2026-06-03,KXTSAW-26JUN07,KXTSAW-26JUN07-A2.40,2.4,yes,65.0,25,3,285,90.0,99.0,1.0,10.0,0.0,0.0
2026-06-03T16:16:49.340519+00:00,2026-06-03,KXTSAW-26JUN07,KXTSAW-26JUN07-A2.40,2.4,yes,60.0,300,4,585,90.0,99.0,1.0,10.0,0.0,0.0
2026-06-03T16:16:49.340519+00:00,2026-06-03,KXTSAW-26JUN07,KXTSAW-26JUN07-A2.40,2.4,yes,36.0,1108,5,1693,90.0,99.0,1.0,10.0,0.0,0.0
2026-06-03T16:16:49.340519+00:00,2026-06-03,KXTSAW-26JUN07,KXTSAW-26JUN07-A2.40,2.4,yes,35.0,163,6,1856,90.0,99.0,1.0,10.0,0.0,0.0
2026-06-03T16:16:49.340519+00:00,2026-06-03,KXTSAW-26JUN07,KXTSAW-26JUN07-A2.40,2.4,yes,21.0,58,7,1914,90.0,99.0,1.0,10.0,0.0,0.0
2026-06-03T16:16:49.340519+00:00,2026-06-03,KXTSAW-26JUN07,KXTSAW-26JUN07-A2.45,2.45,no,1.0,1,0,1,94.0,99.0,1.0,6.0,0.0,0.0
2026-06-03T16:16:49.340519+00:00,2026-06-03,KXTSAW-26JUN07,KXTSAW-26JUN07-A2.45,2.45,yes,94.0,500,0,500,94.0,99.0,1.0,6.0,0.0,0.0
2026-06-03T16:16:49.340519+00:00,2026-06-03,KXTSAW-26JUN07,KXTSAW-26JUN07-A2.45,2.45,yes,93.0,8,1,508,94.0,99.0,1.0,6.0,0.0,0.0
2026-06-03T16:16:49.340519+00:00,2026-06-03,KXTSAW-26JUN07,KXTSAW-26JUN07-A2.45,2.45,yes,92.0,8,2,516,94.0,99.0,1.0,6.0,0.0,0.0
2026-06-03T16:16:49.340519+00:00,2026-06-03,KXTSAW-26JUN07,KXTSAW-26JUN07-A2.45,2.45,yes,91.0,8,3,524,94.0,99.0,1.0,6.0,0.0,0.0
2026-06-03T16:16:49.340519+00:00,2026-06-03,KXTSAW-26JUN07,KXTSAW-26JUN07-A2.45,2.45,yes,90.0,9,4,533,94.0,99.0,1.0,6.0,0.0,0.0
2026-06-03T16:16:49.340519+00:00,2026-06-03,KXTSAW-26JUN07,KXTSAW-26JUN07-A2.45,2.45,yes,89.0,50,5,583,94.0,99.0,1.0,6.0,0.0,0.0
2026-06-03T16:16:49.340519+00:00,2026-06-03,KXTSAW-26JUN07,KXTSAW-26JUN07-A2.45,2.45,yes,88.0,100,6,683,94.0,99.0,1.0,6.0,0.0,0.0
2026-06-03T16:16:49.340519+00:00,2026-06-03,KXTSAW-26JUN07,KXTSAW-26JUN07-A2.45,2.45,yes,55.0,25,7,708,94.0,99.0,1.0,6.0,0.0,0.0
2026-06-03T16:16:49.340519+00:00,2026-06-03,KXTSAW-26JUN07,KXTSAW-26JUN07-A2.45,2.45,yes,54.0,49,8,757,94.0,99.0,1.0,6.0,0.0,0.0
2026-06-03T16:16:49.340519+00:00,2026-06-03,KXTSAW-26JUN07,KXTSAW-26JUN07-A2.45,2.45,yes,53.0,908,9,1665,94.0,99.0,1.0,6.0,0.0,0.0
2026-06-03T16:16:49.340519+00:00,2026-06-03,KXTSAW-26JUN07,KXTSAW-26JUN07-A2.45,2.45,yes,51.0,200,10,1865,94.0,99.0,1.0,6.0,0.0,0.0
2026-06-03T16:16:49.340519+00:00,2026-06-03,KXTSAW-26JUN07,KXTSAW-26JUN07-A2.45,2.45,yes,50.0,500,11,2365,94.0,99.0,1.0,6.0,0.0,0.0
2026-06-03T16:16:49.340519+00:00,2026-06-03,KXTSAW-26JUN07,KXTSAW-26JUN07-A2.45,2.45,yes,38.0,200,12,2565,94.0,99.0,1.0,6.0,0.0,0.0
2026-06-03T16:16:49.340519+00:00,2026-06-03,KXTSAW-26JUN07,KXTSAW-26JUN07-A2.45,2.45,yes,21.0,10,13,2575,94.0,99.0,1.0,6.0,0.0,0.0
2026-06-03T16:16:49.340519+00:00,2026-06-03,KXTSAW-26JUN07,KXTSAW-26JUN07-A2.50,2.5,no,1.0,1,0,1,97.0,99.0,1.0,3.0,0.0,0.0
2026-06-03T16:16:49.340519+00:00,2026-06-03,KXTSAW-26JUN07,KXTSAW-26JUN07-A2.50,2.5,yes,97.0,45,0,45,97.0,99.0,1.0,3.0,0.0,0.0
2026-06-03T16:16:49.340519+00:00,2026-06-03,KXTSAW-26JUN07,KXTSAW-26JUN07-A2.50,2.5,yes,93.0,500,1,545,97.0,99.0,1.0,3.0,0.0,0.0
2026-06-03T16:16:49.340519+00:00,2026-06-03,KXTSAW-26JUN07,KXTSAW-26JUN07-A2.50,2.5,yes,92.0,8,2,553,97.0,99.0,1.0,3.0,0.0,0.0
2026-06-03T16:16:49.340519+00:00,2026-06-03,KXTSAW-26JUN07,KXTSAW-26JUN07-A2.50,2.5,yes,91.0,128,3,681,97.0,99.0,1.0,3.0,0.0,0.0
2026-06-03T16:16:49.340519+00:00,2026-06-03,KXTSAW-26JUN07,KXTSAW-26JUN07-A2.50,2.5,yes,90.0,108,4,789,97.0,99.0,1.0,3.0,0.0,0.0
2026-06-03T16:16:49.340519+00:00,2026-06-03,KXTSAW-26JUN07,KXTSAW-26JUN07-A2.50,2.5,yes,89.0,55,5,844,97.0,99.0,1.0,3.0,0.0,0.0
2026-06-03T16:16:49.340519+00:00,2026-06-03,KXTSAW-26JUN07,KXTSAW-26JUN07-A2.50,2.5,yes,88.0,104,6,948,97.0,99.0,1.0,3.0,0.0,0.0
2026-06-03T16:16:49.340519+00:00,2026-06-03,KXTSAW-26JUN07,KXTSAW-26JUN07-A2.50,2.5,yes,56.0,45,7,993,97.0,99.0,1.0,3.0,0.0,0.0
2026-06-03T16:16:49.340519+00:00,2026-06-03,KXTSAW-26JUN07,KXTSAW-26JUN07-A2.50,2.5,yes,55.0,1196,8,2189,97.0,99.0,1.0,3.0,0.0,0.0
2026-06-03T16:16:49.340519+00:00,2026-06-03,KXTSAW-26JUN07,KXTSAW-26JUN07-A2.50,2.5,yes,50.0,25,9,2214,97.0,99.0,1.0,3.0,0.0,0.0
2026-06-03T16:16:49.340519+00:00,2026-06-03,KXTSAW-26JUN07,KXTSAW-26JUN07-A2.50,2.5,yes,40.0,300,10,2514,97.0,99.0,1.0,3.0,0.0,0.0
2026-06-03T16:16:49.340519+00:00,2026-06-03,KXTSAW-26JUN07,KXTSAW-26JUN07-A2.50,2.5,yes,21.0,10,11,2524,97.0,99.0,1.0,3.0,0.0,0.0
2026-06-03T16:16:49.340519+00:00,2026-06-03,KXTSAW-26JUN07,KXTSAW-26JUN07-A2.50,2.5,yes,8.0,29,12,2553,97.0,99.0,1.0,3.0,0.0,0.0
2026-06-03T16:16:49.340519+00:00,2026-06-03,KXTSAW-26JUN07,KXTSAW-26JUN07-A2.50,2.5,yes,5.0,200,13,2753,97.0,99.0,1.0,3.0,0.0,0.0
2026-06-03T16:16:49.340519+00:00,2026-06-03,KXTSAW-26JUN07,KXTSAW-26JUN07-A2.50,2.5,yes,4.0,500,14,3253,97.0,99.0,1.0,3.0,0.0,0.0
2026-06-03T16:16:49.340519+00:00,2026-06-03,KXTSAW-26JUN07,KXTSAW-26JUN07-A2.55,2.55,no,2.0,652,0,652,97.0,98.0,2.0,3.0,0.0,0.0
2026-06-03T16:16:49.340519+00:00,2026-06-03,KXTSAW-26JUN07,KXTSAW-26JUN07-A2.55,2.55,no,1.0,1561,1,2213,97.0,98.0,2.0,3.0,0.0,0.0
2026-06-03T16:16:49.340519+00:00,2026-06-03,KXTSAW-26JUN07,KXTSAW-26JUN07-A2.55,2.55,yes,97.0,1,0,1,97.0,98.0,2.0,3.0,0.0,0.0
2026-06-03T16:16:49.340519+00:00,2026-06-03,KXTSAW-26JUN07,KXTSAW-26JUN07-A2.55,2.55,yes,96.0,1,1,2,97.0,98.0,2.0,3.0,0.0,0.0
2026-06-03T16:16:49.340519+00:00,2026-06-03,KXTSAW-26JUN07,KXTSAW-26JUN07-A2.55,2.55,yes,95.0,1,2,3,97.0,98.0,2.0,3.0,0.0,0.0
2026-06-03T16:16:49.340519+00:00,2026-06-03,KXTSAW-26JUN07,KXTSAW-26JUN07-A2.55,2.55,yes,94.0,17,3,20,97.0,98.0,2.0,3.0,0.0,0.0
2026-06-03T16:16:49.340519+00:00,2026-06-03,KXTSAW-26JUN07,KXTSAW-26JUN07-A2.55,2.55,yes,93.0,1,4,21,97.0,98.0,2.0,3.0,0.0,0.0
2026-06-03T16:16:49.340519+00:00,2026-06-03,KXTSAW-26JUN07,KXTSAW-26JUN07-A2.55,2.55,yes,92.0,1,5,22,97.0,98.0,2.0,3.0,0.0,0.0
2026-06-03T16:16:49.340519+00:00,2026-06-03,KXTSAW-26JUN07,KXTSAW-26JUN07-A2.55,2.55,yes,91.0,88,6,110,97.0,98.0,2.0,3.0,0.0,0.0
2026-06-03T16:16:49.340519+00:00,2026-06-03,KXTSAW-26JUN07,KXTSAW-26JUN07-A2.55,2.55,yes,90.0,1,7,111,97.0,98.0,2.0,3.0,0.0,0.0
2026-06-03T16:16:49.340519+00:00,2026-06-03,KXTSAW-26JUN07,KXTSAW-26JUN07-A2.55,2.55,yes,89.0,25,8,136,97.0,98.0,2.0,3.0,0.0,0.0
2026-06-03T16:16:49.340519+00:00,2026-06-03,KXTSAW-26JUN07,KXTSAW-26JUN07-A2.55,2.55,yes,88.0,683,9,819,97.0,98.0,2.0,3.0,0.0,0.0
2026-06-03T16:16:49.340519+00:00,2026-06-03,KXTSAW-26JUN07,KXTSAW-26JUN07-A2.55,2.55,yes,85.0,155,10,974,97.0,98.0,2.0,3.0,0.0,0.0
2026-06-03T16:16:49.340519+00:00,2026-06-03,KXTSAW-26JUN07,KXTSAW-26JUN07-A2.55,2.55,yes,83.0,100,11,1074,97.0,98.0,2.0,3.0,0.0,0.0
2026-06-03T16:16:49.340519+00:00,2026-06-03,KXTSAW-26JUN07,KXTSAW-26JUN07-A2.55,2.55,yes,80.0,33,12,1107,97.0,98.0,2.0,3.0,0.0,0.0
2026-06-03T16:16:49.340519+00:00,2026-06-03,KXTSAW-26JUN07,KXTSAW-26JUN07-A2.55,2.55,yes,72.0,5,13,1112,97.0,98.0,2.0,3.0,0.0,0.0
2026-06-03T16:16:49.340519+00:00,2026-06-03,KXTSAW-26JUN07,KXTSAW-26JUN07-A2.55,2.55,yes,71.0,5,14,1117,97.0,98.0,2.0,3.0,0.0,0.0
2026-06-03T16:16:49.340519+00:00,2026-06-03,KXTSAW-26JUN07,KXTSAW-26JUN07-A2.55,2.55,yes,70.0,10,15,1127,97.0,98.0,2.0,3.0,0.0,0.0
2026-06-03T16:16:49.340519+00:00,2026-06-03,KXTSAW-26JUN07,KXTSAW-26JUN07-A2.55,2.55,yes,69.0,5,16,1132,97.0,98.0,2.0,3.0,0.0,0.0
2026-06-03T16:16:49.340519+00:00,2026-06-03,KXTSAW-26JUN07,KXTSAW-26JUN07-A2.55,2.55,yes,67.0,6,17,1138,97.0,98.0,2.0,3.0,0.0,0.0
2026-06-03T16:16:49.340519+00:00,2026-06-03,KXTSAW-26JUN07,KXTSAW-26JUN07-A2.55,2.55,yes,65.0,7,18,1145,97.0,98.0,2.0,3.0,0.0,0.0
2026-06-03T16:16:49.340519+00:00,2026-06-03,KXTSAW-26JUN07,KXTSAW-26JUN07-A2.55,2.55,yes,63.0,6,19,1151,97.0,98.0,2.0,3.0,0.0,0.0
2026-06-03T16:16:49.340519+00:00,2026-06-03,KXTSAW-26JUN07,KXTSAW-26JUN07-A2.55,2.55,yes,61.0,8,20,1159,97.0,98.0,2.0,3.0,0.0,0.0
2026-06-03T16:16:49.340519+00:00,2026-06-03,KXTSAW-26JUN07,KXTSAW-26JUN07-A2.55,2.55,yes,60.0,10,21,1169,97.0,98.0,2.0,3.0,0.0,0.0
2026-06-03T16:16:49.340519+00:00,2026-06-03,KXTSAW-26JUN07,KXTSAW-26JUN07-A2.55,2.55,yes,58.0,8,22,1177,97.0,98.0,2.0,3.0,0.0,0.0
2026-06-03T16:16:49.340519+00:00,2026-06-03,KXTSAW-26JUN07,KXTSAW-26JUN07-A2.55,2.55,yes,55.0,278,23,1455,97.0,98.0,2.0,3.0,0.0,0.0
2026-06-03T16:16:49.340519+00:00,2026-06-03,KXTSAW-26JUN07,KXTSAW-26JUN07-A2.55,2.55,yes,54.0,1171,24,2626,97.0,98.0,2.0,3.0,0.0,0.0
2026-06-03T16:16:49.340519+00:00,2026-06-03,KXTSAW-26JUN07,KXTSAW-26JUN07-A2.55,2.55,yes,53.0,32,25,2658,97.0,98.0,2.0,3.0,0.0,0.0
2026-06-03T16:16:49.340519+00:00,2026-06-03,KXTSAW-26JUN07,KXTSAW-26JUN07-A2.55,2.55,yes,52.0,105,26,2763,97.0,98.0,2.0,3.0,0.0,0.0
2026-06-03T16:16:49.340519+00:00,2026-06-03,KXTSAW-26JUN07,KXTSAW-26JUN07-A2.55,2.55,yes,51.0,69,27,2832,97.0,98.0,2.0,3.0,0.0,0.0
2026-06-03T16:16:49.340519+00:00,2026-06-03,KXTSAW-26JUN07,KXTSAW-26JUN07-A2.55,2.55,yes,50.0,96,28,2928,97.0,98.0,2.0,3.0,0.0,0.0
2026-06-03T16:16:49.340519+00:00,2026-06-03,KXTSAW-26JUN07,KXTSAW-26JUN07-A2.55,2.55,yes,40.0,10,29,2938,97.0,98.0,2.0,3.0,0.0,0.0
2026-06-03T16:16:49.340519+00:00,2026-06-03,KXTSAW-26JUN07,KXTSAW-26JUN07-A2.55,2.55,yes,30.0,10,30,2948,97.0,98.0,2.0,3.0,0.0,0.0
2026-06-03T16:16:49.340519+00:00,2026-06-03,KXTSAW-26JUN07,KXTSAW-26JUN07-A2.55,2.55,yes,21.0,10,31,2958,97.0,98.0,2.0,3.0,0.0,0.0
2026-06-03T16:16:49.340519+00:00,2026-06-03,KXTSAW-26JUN07,KXTSAW-26JUN07-A2.55,2.55,yes,20.0,7,32,2965,97.0,98.0,2.0,3.0,0.0,0.0
2026-06-03T16:16:49.340519+00:00,2026-06-03,KXTSAW-26JUN07,KXTSAW-26JUN07-A2.55,2.55,yes,10.0,20,33,2985,97.0,98.0,2.0,3.0,0.0,0.0
2026-06-03T16:16:49.340519+00:00,2026-06-03,KXTSAW-26JUN07,KXTSAW-26JUN07-A2.55,2.55,yes,8.0,46,34,3031,97.0,98.0,2.0,3.0,0.0,0.0
2026-06-03T16:16:49.340519+00:00,2026-06-03,KXTSAW-26JUN07,KXTSAW-26JUN07-A2.55,2.55,yes,6.0,492,35,3523,97.0,98.0,2.0,3.0,0.0,0.0
2026-06-03T16:16:49.340519+00:00,2026-06-03,KXTSAW-26JUN07,KXTSAW-26JUN07-A2.55,2.55,yes,5.0,500,36,4023,97.0,98.0,2.0,3.0,0.0,0.0
2026-06-03T16:16:49.340519+00:00,2026-06-03,KXTSAW-26JUN07,KXTSAW-26JUN07-A2.55,2.55,yes,2.0,500,37,4523,97.0,98.0,2.0,3.0,0.0,0.0
2026-06-03T16:16:49.340519+00:00,2026-06-03,KXTSAW-26JUN07,KXTSAW-26JUN07-A2.55,2.55,yes,1.0,1300,38,5823,97.0,98.0,2.0,3.0,0.0,0.0
2026-06-03T16:16:49.340519+00:00,2026-06-03,KXTSAW-26JUN07,KXTSAW-26JUN07-A2.60,2.6,no,68.0,50,0,50,30.0,32.0,68.0,70.0,0.0,0.0
2026-06-03T16:16:49.340519+00:00,2026-06-03,KXTSAW-26JUN07,KXTSAW-26JUN07-A2.60,2.6,no,67.0,107,1,157,30.0,32.0,68.0,70.0,0.0,0.0
2026-06-03T16:16:49.340519+00:00,2026-06-03,KXTSAW-26JUN07,KXTSAW-26JUN07-A2.60,2.6,no,66.0,100,2,257,30.0,32.0,68.0,70.0,0.0,0.0
2026-06-03T16:16:49.340519+00:00,2026-06-03,KXTSAW-26JUN07,KXTSAW-26JUN07-A2.60,2.6,no,62.0,123,3,380,30.0,32.0,68.0,70.0,0.0,0.0
2026-06-03T16:16:49.340519+00:00,2026-06-03,KXTSAW-26JUN07,KXTSAW-26JUN07-A2.60,2.6,no,60.0,5,4,385,30.0,32.0,68.0,70.0,0.0,0.0
2026-06-03T16:16:49.340519+00:00,2026-06-03,KXTSAW-26JUN07,KXTSAW-26JUN07-A2.60,2.6,no,59.0,3,5,388,30.0,32.0,68.0,70.0,0.0,0.0
2026-06-03T16:16:49.340519+00:00,2026-06-03,KXTSAW-26JUN07,KXTSAW-26JUN07-A2.60,2.6,no,56.0,9,6,397,30.0,32.0,68.0,70.0,0.0,0.0
2026-06-03T16:16:49.340519+00:00,2026-06-03,KXTSAW-26JUN07,KXTSAW-26JUN07-A2.60,2.6,no,53.0,1,7,398,30.0,32.0,68.0,70.0,0.0,0.0
2026-06-03T16:16:49.340519+00:00,2026-06-03,KXTSAW-26JUN07,KXTSAW-26JUN07-A2.60,2.6,no,51.0,38,8,436,30.0,32.0,68.0,70.0,0.0,0.0
2026-06-03T16:16:49.340519+00:00,2026-06-03,KXTSAW-26JUN07,KXTSAW-26JUN07-A2.60,2.6,no,50.0,45,9,481,30.0,32.0,68.0,70.0,0.0,0.0
2026-06-03T16:16:49.340519+00:00,2026-06-03,KXTSAW-26JUN07,KXTSAW-26JUN07-A2.60,2.6,no,49.0,55,10,536,30.0,32.0,68.0,70.0,0.0,0.0
2026-06-03T16:16:49.340519+00:00,2026-06-03,KXTSAW-26JUN07,KXTSAW-26JUN07-A2.60,2.6,no,39.0,100,11,636,30.0,32.0,68.0,70.0,0.0,0.0
2026-06-03T16:16:49.340519+00:00,2026-06-03,KXTSAW-26JUN07,KXTSAW-26JUN07-A2.60,2.6,no,32.0,12,12,648,30.0,32.0,68.0,70.0,0.0,0.0
2026-06-03T16:16:49.340519+00:00,2026-06-03,KXTSAW-26JUN07,KXTSAW-26JUN07-A2.60,2.6,no,31.0,51,13,699,30.0,32.0,68.0,70.0,0.0,0.0
2026-06-03T16:16:49.340519+00:00,2026-06-03,KXTSAW-26JUN07,KXTSAW-26JUN07-A2.60,2.6,no,30.0,346,14,1045,30.0,32.0,68.0,70.0,0.0,0.0
2026-06-03T16:16:49.340519+00:00,2026-06-03,KXTSAW-26JUN07,KXTSAW-26JUN07-A2.60,2.6,no,29.0,866,15,1911,30.0,32.0,68.0,70.0,0.0,0.0
2026-06-03T16:16:49.340519+00:00,2026-06-03,KXTSAW-26JUN07,KXTSAW-26JUN07-A2.60,2.6,no,27.0,27,16,1938,30.0,32.0,68.0,70.0,0.0,0.0
2026-06-03T16:16:49.340519+00:00,2026-06-03,KXTSAW-26JUN07,KXTSAW-26JUN07-A2.60,2.6,no,24.0,50,17,1988,30.0,32.0,68.0,70.0,0.0,0.0
2026-06-03T16:16:49.340519+00:00,2026-06-03,KXTSAW-26JUN07,KXTSAW-26JUN07-A2.60,2.6,no,23.0,100,18,2088,30.0,32.0,68.0,70.0,0.0,0.0
2026-06-03T16:16:49.340519+00:00,2026-06-03,KXTSAW-26JUN07,KXTSAW-26JUN07-A2.60,2.6,no,21.0,10,19,2098,30.0,32.0,68.0,70.0,0.0,0.0
2026-06-03T16:16:49.340519+00:00,2026-06-03,KXTSAW-26JUN07,KXTSAW-26JUN07-A2.60,2.6,no,5.0,200,20,2298,30.0,32.0,68.0,70.0,0.0,0.0
2026-06-03T16:16:49.340519+00:00,2026-06-03,KXTSAW-26JUN07,KXTSAW-26JUN07-A2.60,2.6,no,4.0,500,21,2798,30.0,32.0,68.0,70.0,0.0,0.0
2026-06-03T16:16:49.340519+00:00,2026-06-03,KXTSAW-26JUN07,KXTSAW-26JUN07-A2.60,2.6,no,2.0,900,22,3698,30.0,32.0,68.0,70.0,0.0,0.0
2026-06-03T16:16:49.340519+00:00,2026-06-03,KXTSAW-26JUN07,KXTSAW-26JUN07-A2.60,2.6,no,1.0,1001,23,4699,30.0,32.0,68.0,70.0,0.0,0.0
2026-06-03T16:16:49.340519+00:00,2026-06-03,KXTSAW-26JUN07,KXTSAW-26JUN07-A2.60,2.6,yes,30.0,19,0,19,30.0,32.0,68.0,70.0,0.0,0.0
2026-06-03T16:16:49.340519+00:00,2026-06-03,KXTSAW-26JUN07,KXTSAW-26JUN07-A2.60,2.6,yes,29.0,1,1,20,30.0,32.0,68.0,70.0,0.0,0.0
2026-06-03T16:16:49.340519+00:00,2026-06-03,KXTSAW-26JUN07,KXTSAW-26JUN07-A2.60,2.6,yes,28.0,15,2,35,30.0,32.0,68.0,70.0,0.0,0.0
2026-06-03T16:16:49.340519+00:00,2026-06-03,KXTSAW-26JUN07,KXTSAW-26JUN07-A2.60,2.6,yes,17.0,20,3,55,30.0,32.0,68.0,70.0,0.0,0.0
2026-06-03T16:16:49.340519+00:00,2026-06-03,KXTSAW-26JUN07,KXTSAW-26JUN07-A2.60,2.6,yes,14.0,30,4,85,30.0,32.0,68.0,70.0,0.0,0.0
2026-06-03T16:16:49.340519+00:00,2026-06-03,KXTSAW-26JUN07,KXTSAW-26JUN07-A2.60,2.6,yes,13.0,34,5,119,30.0,32.0,68.0,70.0,0.0,0.0
2026-06-03T16:16:49.340519+00:00,2026-06-03,KXTSAW-26JUN07,KXTSAW-26JUN07-A2.60,2.6,yes,10.0,50,6,169,30.0,32.0,68.0,70.0,0.0,0.0
2026-06-03T16:16:49.340519+00:00,2026-06-03,KXTSAW-26JUN07,KXTSAW-26JUN07-A2.60,2.6,yes,9.0,48,7,217,30.0,32.0,68.0,70.0,0.0,0.0
2026-06-03T16:16:49.340519+00:00,2026-06-03,KXTSAW-26JUN07,KXTSAW-26JUN07-A2.60,2.6,yes,8.0,25,8,242,30.0,32.0,68.0,70.0,0.0,0.0
2026-06-03T16:16:49.340519+00:00,2026-06-03,KXTSAW-26JUN07,KXTSAW-26JUN07-A2.60,2.6,yes,7.0,62,9,304,30.0,32.0,68.0,70.0,0.0,0.0
2026-06-03T16:16:49.340519+00:00,2026-06-03,KXTSAW-26JUN07,KXTSAW-26JUN07-A2.60,2.6,yes,6.0,130,10,434,30.0,32.0,68.0,70.0,0.0,0.0
2026-06-03T16:16:49.340519+00:00,2026-06-03,KXTSAW-26JUN07,KXTSAW-26JUN07-A2.60,2.6,yes,5.0,144,11,578,30.0,32.0,68.0,70.0,0.0,0.0
2026-06-03T16:16:49.340519+00:00,2026-06-03,KXTSAW-26JUN07,KXTSAW-26JUN07-A2.60,2.6,yes,4.0,360,12,938,30.0,32.0,68.0,70.0,0.0,0.0
2026-06-03T16:16:49.340519+00:00,2026-06-03,KXTSAW-26JUN07,KXTSAW-26JUN07-A2.60,2.6,yes,2.0,279,13,1217,30.0,32.0,68.0,70.0,0.0,0.0
2026-06-03T16:16:49.340519+00:00,2026-06-03,KXTSAW-26JUN07,KXTSAW-26JUN07-A2.60,2.6,yes,1.0,523,14,1740,30.0,32.0,68.0,70.0,0.0,0.0
2026-06-03T16:16:49.340519+00:00,2026-06-03,KXTSAW-26JUN07,KXTSAW-26JUN07-A2.65,2.65,no,98.0,2485,0,2485,1.0,2.0,98.0,99.0,0.0,0.0
2026-06-03T16:16:49.340519+00:00,2026-06-03,KXTSAW-26JUN07,KXTSAW-26JUN07-A2.65,2.65,no,96.0,118,1,2603,1.0,2.0,98.0,99.0,0.0,0.0
2026-06-03T16:16:49.340519+00:00,2026-06-03,KXTSAW-26JUN07,KXTSAW-26JUN07-A2.65,2.65,no,92.0,48,2,2651,1.0,2.0,98.0,99.0,0.0,0.0
2026-06-03T16:16:49.340519+00:00,2026-06-03,KXTSAW-26JUN07,KXTSAW-26JUN07-A2.65,2.65,no,91.0,208,3,2859,1.0,2.0,98.0,99.0,0.0,0.0
2026-06-03T16:16:49.340519+00:00,2026-06-03,KXTSAW-26JUN07,KXTSAW-26JUN07-A2.65,2.65,no,90.0,4,4,2863,1.0,2.0,98.0,99.0,0.0,0.0
2026-06-03T16:16:49.340519+00:00,2026-06-03,KXTSAW-26JUN07,KXTSAW-26JUN07-A2.65,2.65,no,89.0,9,5,2872,1.0,2.0,98.0,99.0,0.0,0.0
2026-06-03T16:16:49.340519+00:00,2026-06-03,KXTSAW-26JUN07,KXTSAW-26JUN07-A2.65,2.65,no,88.0,4,6,2876,1.0,2.0,98.0,99.0,0.0,0.0
2026-06-03T16:16:49.340519+00:00,2026-06-03,KXTSAW-26JUN07,KXTSAW-26JUN07-A2.65,2.65,no,85.0,5,7,2881,1.0,2.0,98.0,99.0,0.0,0.0
2026-06-03T16:16:49.340519+00:00,2026-06-03,KXTSAW-26JUN07,KXTSAW-26JUN07-A2.65,2.65,no,84.0,316,8,3197,1.0,2.0,98.0,99.0,0.0,0.0
2026-06-03T16:16:49.340519+00:00,2026-06-03,KXTSAW-26JUN07,KXTSAW-26JUN07-A2.65,2.65,no,83.0,418,9,3615,1.0,2.0,98.0,99.0,0.0,0.0
2026-06-03T16:16:49.340519+00:00,2026-06-03,KXTSAW-26JUN07,KXTSAW-26JUN07-A2.65,2.65,no,82.0,390,10,4005,1.0,2.0,98.0,99.0,0.0,0.0
2026-06-03T16:16:49.340519+00:00,2026-06-03,KXTSAW-26JUN07,KXTSAW-26JUN07-A2.65,2.65,no,81.0,338,11,4343,1.0,2.0,98.0,99.0,0.0,0.0
2026-06-03T16:16:49.340519+00:00,2026-06-03,KXTSAW-26JUN07,KXTSAW-26JUN07-A2.65,2.65,no,45.0,500,12,4843,1.0,2.0,98.0,99.0,0.0,0.0
2026-06-03T16:16:49.340519+00:00,2026-06-03,KXTSAW-26JUN07,KXTSAW-26JUN07-A2.65,2.65,no,44.0,2261,13,7104,1.0,2.0,98.0,99.0,0.0,0.0
2026-06-03T16:16:49.340519+00:00,2026-06-03,KXTSAW-26JUN07,KXTSAW-26JUN07-A2.65,2.65,no,35.0,500,14,7604,1.0,2.0,98.0,99.0,0.0,0.0
2026-06-03T16:16:49.340519+00:00,2026-06-03,KXTSAW-26JUN07,KXTSAW-26JUN07-A2.65,2.65,no,21.0,10,15,7614,1.0,2.0,98.0,99.0,0.0,0.0
2026-06-03T16:16:49.340519+00:00,2026-06-03,KXTSAW-26JUN07,KXTSAW-26JUN07-A2.65,2.65,no,4.0,55,16,7669,1.0,2.0,98.0,99.0,0.0,0.0
2026-06-03T16:16:49.340519+00:00,2026-06-03,KXTSAW-26JUN07,KXTSAW-26JUN07-A2.65,2.65,no,3.0,640,17,8309,1.0,2.0,98.0,99.0,0.0,0.0
2026-06-03T16:16:49.340519+00:00,2026-06-03,KXTSAW-26JUN07,KXTSAW-26JUN07-A2.65,2.65,no,2.0,1400,18,9709,1.0,2.0,98.0,99.0,0.0,0.0
2026-06-03T16:16:49.340519+00:00,2026-06-03,KXTSAW-26JUN07,KXTSAW-26JUN07-A2.65,2.65,no,1.0,1701,19,11410,1.0,2.0,98.0,99.0,0.0,0.0
2026-06-03T16:16:49.340519+00:00,2026-06-03,KXTSAW-26JUN07,KXTSAW-26JUN07-A2.65,2.65,yes,1.0,309,0,309,1.0,2.0,98.0,99.0,0.0,0.0
2026-06-03T16:16:49.340519+00:00,2026-06-03,KXTSAW-26JUN07,KXTSAW-26JUN07-A2.70,2.7,no,98.0,3500,0,3500,,2.0,98.0,,0.0,0.0
2026-06-03T16:16:49.340519+00:00,2026-06-03,KXTSAW-26JUN07,KXTSAW-26JUN07-A2.70,2.7,no,93.0,8,1,3508,,2.0,98.0,,0.0,0.0
2026-06-03T16:16:49.340519+00:00,2026-06-03,KXTSAW-26JUN07,KXTSAW-26JUN07-A2.70,2.7,no,92.0,37,2,3545,,2.0,98.0,,0.0,0.0
2026-06-03T16:16:49.340519+00:00,2026-06-03,KXTSAW-26JUN07,KXTSAW-26JUN07-A2.70,2.7,no,91.0,8,3,3553,,2.0,98.0,,0.0,0.0
2026-06-03T16:16:49.340519+00:00,2026-06-03,KXTSAW-26JUN07,KXTSAW-26JUN07-A2.70,2.7,no,90.0,9,4,3562,,2.0,98.0,,0.0,0.0
2026-06-03T16:16:49.340519+00:00,2026-06-03,KXTSAW-26JUN07,KXTSAW-26JUN07-A2.70,2.7,no,89.0,50,5,3612,,2.0,98.0,,0.0,0.0
2026-06-03T16:16:49.340519+00:00,2026-06-03,KXTSAW-26JUN07,KXTSAW-26JUN07-A2.70,2.7,no,88.0,100,6,3712,,2.0,98.0,,0.0,0.0
2026-06-03T16:16:49.340519+00:00,2026-06-03,KXTSAW-26JUN07,KXTSAW-26JUN07-A2.70,2.7,no,84.0,113,7,3825,,2.0,98.0,,0.0,0.0
2026-06-03T16:16:49.340519+00:00,2026-06-03,KXTSAW-26JUN07,KXTSAW-26JUN07-A2.70,2.7,no,83.0,124,8,3949,,2.0,98.0,,0.0,0.0
2026-06-03T16:16:49.340519+00:00,2026-06-03,KXTSAW-26JUN07,KXTSAW-26JUN07-A2.70,2.7,no,82.0,337,9,4286,,2.0,98.0,,0.0,0.0
2026-06-03T16:16:49.340519+00:00,2026-06-03,KXTSAW-26JUN07,KXTSAW-26JUN07-A2.70,2.7,no,81.0,549,10,4835,,2.0,98.0,,0.0,0.0
2026-06-03T16:16:49.340519+00:00,2026-06-03,KXTSAW-26JUN07,KXTSAW-26JUN07-A2.70,2.7,no,51.0,2422,11,7257,,2.0,98.0,,0.0,0.0
2026-06-03T16:16:49.340519+00:00,2026-06-03,KXTSAW-26JUN07,KXTSAW-26JUN07-A2.70,2.7,no,50.0,500,12,7757,,2.0,98.0,,0.0,0.0
2026-06-03T16:16:49.340519+00:00,2026-06-03,KXTSAW-26JUN07,KXTSAW-26JUN07-A2.70,2.7,no,21.0,10,13,7767,,2.0,98.0,,0.0,0.0
2026-06-03T16:16:49.340519+00:00,2026-06-03,KXTSAW-26JUN07,KXTSAW-26JUN07-A2.70,2.7,no,5.0,51,14,7818,,2.0,98.0,,0.0,0.0
2026-06-03T16:16:49.340519+00:00,2026-06-03,KXTSAW-26JUN07,KXTSAW-26JUN07-A2.70,2.7,no,4.0,200,15,8018,,2.0,98.0,,0.0,0.0
2026-06-03T16:16:49.340519+00:00,2026-06-03,KXTSAW-26JUN07,KXTSAW-26JUN07-A2.70,2.7,no,2.0,2100,16,10118,,2.0,98.0,,0.0,0.0
2026-06-03T16:16:49.340519+00:00,2026-06-03,KXTSAW-26JUN07,KXTSAW-26JUN07-A2.70,2.7,no,1.0,1701,17,11819,,2.0,98.0,,0.0,0.0
2026-06-03T16:16:49.340519+00:00,2026-06-03,KXTSAW-26JUN07,KXTSAW-26JUN07-A2.75,2.75,no,98.0,3500,0,3500,,2.0,98.0,,0.0,0.0
2026-06-03T16:16:49.340519+00:00,2026-06-03,KXTSAW-26JUN07,KXTSAW-26JUN07-A2.75,2.75,no,89.0,50,1,3550,,2.0,98.0,,0.0,0.0
2026-06-03T16:16:49.340519+00:00,2026-06-03,KXTSAW-26JUN07,KXTSAW-26JUN07-A2.75,2.75,no,88.0,100,2,3650,,2.0,98.0,,0.0,0.0
2026-06-03T16:16:49.340519+00:00,2026-06-03,KXTSAW-26JUN07,KXTSAW-26JUN07-A2.75,2.75,no,51.0,2088,3,5738,,2.0,98.0,,0.0,0.0
2026-06-03T16:16:49.340519+00:00,2026-06-03,KXTSAW-26JUN07,KXTSAW-26JUN07-A2.75,2.75,no,50.0,400,4,6138,,2.0,98.0,,0.0,0.0
2026-06-03T16:16:49.340519+00:00,2026-06-03,KXTSAW-26JUN07,KXTSAW-26JUN07-A2.75,2.75,no,8.0,500,5,6638,,2.0,98.0,,0.0,0.0
2026-06-03T16:16:49.340519+00:00,2026-06-03,KXTSAW-26JUN07,KXTSAW-26JUN07-A2.75,2.75,no,1.0,48,6,6686,,2.0,98.0,,0.0,0.0
2026-06-03T16:16:49.340519+00:00,2026-06-03,KXTSAW-26JUN07,KXTSAW-26JUN07-A2.80,2.8,no,99.0,3500,0,3500,,1.0,99.0,,0.0,0.0
2026-06-03T16:16:49.340519+00:00,2026-06-03,KXTSAW-26JUN07,KXTSAW-26JUN07-A2.80,2.8,no,90.0,50,1,3550,,1.0,99.0,,0.0,0.0
2026-06-03T16:16:49.340519+00:00,2026-06-03,KXTSAW-26JUN07,KXTSAW-26JUN07-A2.80,2.8,no,88.0,100,2,3650,,1.0,99.0,,0.0,0.0
2026-06-03T16:16:49.340519+00:00,2026-06-03,KXTSAW-26JUN07,KXTSAW-26JUN07-A2.80,2.8,no,79.0,1692,3,5342,,1.0,99.0,,0.0,0.0
2026-06-03T16:16:49.340519+00:00,2026-06-03,KXTSAW-26JUN07,KXTSAW-26JUN07-A2.80,2.8,no,77.0,600,4,5942,,1.0,99.0,,0.0,0.0
2026-06-03T16:16:49.340519+00:00,2026-06-03,KXTSAW-26JUN07,KXTSAW-26JUN07-A2.80,2.8,no,19.0,43,5,5985,,1.0,99.0,,0.0,0.0
2026-06-03T16:16:49.340519+00:00,2026-06-03,KXTSAW-26JUN07,KXTSAW-26JUN07-A2.80,2.8,no,4.0,1000,6,6985,,1.0,99.0,,0.0,0.0
2026-06-03T16:16:49.340519+00:00,2026-06-03,KXTSAW-26JUN07,KXTSAW-26JUN07-A2.80,2.8,no,1.0,16,7,7001,,1.0,99.0,,0.0,0.0
2026-06-04T15:35:17.765247+00:00,2026-06-04,KXTSAW-26JUN07,KXTSAW-26JUN07-A1.80,1.8,yes,91.0,100,0,100,91.0,,,9.0,0.0,0.0
2026-06-04T15:35:17.765247+00:00,2026-06-04,KXTSAW-26JUN07,KXTSAW-26JUN07-A1.80,1.8,yes,90.0,1050,1,1150,91.0,,,9.0,0.0,0.0
2026-06-04T15:35:17.765247+00:00,2026-06-04,KXTSAW-26JUN07,KXTSAW-26JUN07-A1.80,1.8,yes,88.0,100,2,1250,91.0,,,9.0,0.0,0.0
2026-06-04T15:35:17.765247+00:00,2026-06-04,KXTSAW-26JUN07,KXTSAW-26JUN07-A1.80,1.8,yes,60.0,1,3,1251,91.0,,,9.0,0.0,0.0
2026-06-04T15:35:17.765247+00:00,2026-06-04,KXTSAW-26JUN07,KXTSAW-26JUN07-A1.80,1.8,yes,22.0,2733,4,3984,91.0,,,9.0,0.0,0.0
2026-06-04T15:35:17.765247+00:00,2026-06-04,KXTSAW-26JUN07,KXTSAW-26JUN07-A1.80,1.8,yes,21.0,61,5,4045,91.0,,,9.0,0.0,0.0
2026-06-04T15:35:17.765247+00:00,2026-06-04,KXTSAW-26JUN07,KXTSAW-26JUN07-A1.85,1.85,no,1.0,1,0,1,84.0,99.0,1.0,16.0,0.0,0.0
2026-06-04T15:35:17.765247+00:00,2026-06-04,KXTSAW-26JUN07,KXTSAW-26JUN07-A1.85,1.85,yes,84.0,10,0,10,84.0,99.0,1.0,16.0,0.0,0.0
2026-06-04T15:35:17.765247+00:00,2026-06-04,KXTSAW-26JUN07,KXTSAW-26JUN07-A1.85,1.85,yes,81.0,5,1,15,84.0,99.0,1.0,16.0,0.0,0.0
2026-06-04T15:35:17.765247+00:00,2026-06-04,KXTSAW-26JUN07,KXTSAW-26JUN07-A1.85,1.85,yes,80.0,100,2,115,84.0,99.0,1.0,16.0,0.0,0.0
2026-06-04T15:35:17.765247+00:00,2026-06-04,KXTSAW-26JUN07,KXTSAW-26JUN07-A1.85,1.85,yes,22.0,276,3,391,84.0,99.0,1.0,16.0,0.0,0.0
2026-06-04T15:35:17.765247+00:00,2026-06-04,KXTSAW-26JUN07,KXTSAW-26JUN07-A1.85,1.85,yes,21.0,10,4,401,84.0,99.0,1.0,16.0,0.0,0.0
2026-06-04T15:35:17.765247+00:00,2026-06-04,KXTSAW-26JUN07,KXTSAW-26JUN07-A1.90,1.9,no,1.0,1,0,1,90.0,99.0,1.0,10.0,0.0,0.0
2026-06-04T15:35:17.765247+00:00,2026-06-04,KXTSAW-26JUN07,KXTSAW-26JUN07-A1.90,1.9,yes,90.0,50,0,50,90.0,99.0,1.0,10.0,0.0,0.0
2026-06-04T15:35:17.765247+00:00,2026-06-04,KXTSAW-26JUN07,KXTSAW-26JUN07-A1.90,1.9,yes,88.0,100,1,150,90.0,99.0,1.0,10.0,0.0,0.0
2026-06-04T15:35:17.765247+00:00,2026-06-04,KXTSAW-26JUN07,KXTSAW-26JUN07-A1.90,1.9,yes,23.0,442,2,592,90.0,99.0,1.0,10.0,0.0,0.0
2026-06-04T15:35:17.765247+00:00,2026-06-04,KXTSAW-26JUN07,KXTSAW-26JUN07-A1.90,1.9,yes,22.0,43,3,635,90.0,99.0,1.0,10.0,0.0,0.0
2026-06-04T15:35:17.765247+00:00,2026-06-04,KXTSAW-26JUN07,KXTSAW-26JUN07-A1.90,1.9,yes,21.0,24,4,659,90.0,99.0,1.0,10.0,0.0,0.0
2026-06-04T15:35:17.765247+00:00,2026-06-04,KXTSAW-26JUN07,KXTSAW-26JUN07-A1.95,1.95,no,1.0,1,0,1,90.0,99.0,1.0,10.0,0.0,0.0
2026-06-04T15:35:17.765247+00:00,2026-06-04,KXTSAW-26JUN07,KXTSAW-26JUN07-A1.95,1.95,yes,90.0,50,0,50,90.0,99.0,1.0,10.0,0.0,0.0
2026-06-04T15:35:17.765247+00:00,2026-06-04,KXTSAW-26JUN07,KXTSAW-26JUN07-A1.95,1.95,yes,88.0,100,1,150,90.0,99.0,1.0,10.0,0.0,0.0
2026-06-04T15:35:17.765247+00:00,2026-06-04,KXTSAW-26JUN07,KXTSAW-26JUN07-A1.95,1.95,yes,23.0,443,2,593,90.0,99.0,1.0,10.0,0.0,0.0
2026-06-04T15:35:17.765247+00:00,2026-06-04,KXTSAW-26JUN07,KXTSAW-26JUN07-A1.95,1.95,yes,22.0,54,3,647,90.0,99.0,1.0,10.0,0.0,0.0
2026-06-04T15:35:17.765247+00:00,2026-06-04,KXTSAW-26JUN07,KXTSAW-26JUN07-A1.95,1.95,yes,21.0,10,4,657,90.0,99.0,1.0,10.0,0.0,0.0
2026-06-04T15:35:17.765247+00:00,2026-06-04,KXTSAW-26JUN07,KXTSAW-26JUN07-A2.00,2.0,no,1.0,1,0,1,90.0,99.0,1.0,10.0,0.0,0.0
2026-06-04T15:35:17.765247+00:00,2026-06-04,KXTSAW-26JUN07,KXTSAW-26JUN07-A2.00,2.0,yes,90.0,50,0,50,90.0,99.0,1.0,10.0,0.0,0.0
2026-06-04T15:35:17.765247+00:00,2026-06-04,KXTSAW-26JUN07,KXTSAW-26JUN07-A2.00,2.0,yes,88.0,100,1,150,90.0,99.0,1.0,10.0,0.0,0.0
2026-06-04T15:35:17.765247+00:00,2026-06-04,KXTSAW-26JUN07,KXTSAW-26JUN07-A2.00,2.0,yes,42.0,242,2,392,90.0,99.0,1.0,10.0,0.0,0.0
2026-06-04T15:35:17.765247+00:00,2026-06-04,KXTSAW-26JUN07,KXTSAW-26JUN07-A2.00,2.0,yes,41.0,55,3,447,90.0,99.0,1.0,10.0,0.0,0.0
2026-06-04T15:35:17.765247+00:00,2026-06-04,KXTSAW-26JUN07,KXTSAW-26JUN07-A2.00,2.0,yes,40.0,500,4,947,90.0,99.0,1.0,10.0,0.0,0.0
2026-06-04T15:35:17.765247+00:00,2026-06-04,KXTSAW-26JUN07,KXTSAW-26JUN07-A2.00,2.0,yes,21.0,10,5,957,90.0,99.0,1.0,10.0,0.0,0.0
2026-06-04T15:35:17.765247+00:00,2026-06-04,KXTSAW-26JUN07,KXTSAW-26JUN07-A2.05,2.05,no,1.0,1,0,1,90.0,99.0,1.0,10.0,0.0,0.0
2026-06-04T15:35:17.765247+00:00,2026-06-04,KXTSAW-26JUN07,KXTSAW-26JUN07-A2.05,2.05,yes,90.0,50,0,50,90.0,99.0,1.0,10.0,0.0,0.0
2026-06-04T15:35:17.765247+00:00,2026-06-04,KXTSAW-26JUN07,KXTSAW-26JUN07-A2.05,2.05,yes,88.0,100,1,150,90.0,99.0,1.0,10.0,0.0,0.0
2026-06-04T15:35:17.765247+00:00,2026-06-04,KXTSAW-26JUN07,KXTSAW-26JUN07-A2.05,2.05,yes,23.0,442,2,592,90.0,99.0,1.0,10.0,0.0,0.0
2026-06-04T15:35:17.765247+00:00,2026-06-04,KXTSAW-26JUN07,KXTSAW-26JUN07-A2.05,2.05,yes,22.0,53,3,645,90.0,99.0,1.0,10.0,0.0,0.0
2026-06-04T15:35:17.765247+00:00,2026-06-04,KXTSAW-26JUN07,KXTSAW-26JUN07-A2.05,2.05,yes,21.0,10,4,655,90.0,99.0,1.0,10.0,0.0,0.0
2026-06-04T15:35:17.765247+00:00,2026-06-04,KXTSAW-26JUN07,KXTSAW-26JUN07-A2.10,2.1,no,1.0,1,0,1,90.0,99.0,1.0,10.0,0.0,0.0
2026-06-04T15:35:17.765247+00:00,2026-06-04,KXTSAW-26JUN07,KXTSAW-26JUN07-A2.10,2.1,yes,90.0,50,0,50,90.0,99.0,1.0,10.0,0.0,0.0
2026-06-04T15:35:17.765247+00:00,2026-06-04,KXTSAW-26JUN07,KXTSAW-26JUN07-A2.10,2.1,yes,88.0,100,1,150,90.0,99.0,1.0,10.0,0.0,0.0
2026-06-04T15:35:17.765247+00:00,2026-06-04,KXTSAW-26JUN07,KXTSAW-26JUN07-A2.10,2.1,yes,23.0,440,2,590,90.0,99.0,1.0,10.0,0.0,0.0
2026-06-04T15:35:17.765247+00:00,2026-06-04,KXTSAW-26JUN07,KXTSAW-26JUN07-A2.10,2.1,yes,22.0,52,3,642,90.0,99.0,1.0,10.0,0.0,0.0
2026-06-04T15:35:17.765247+00:00,2026-06-04,KXTSAW-26JUN07,KXTSAW-26JUN07-A2.10,2.1,yes,21.0,10,4,652,90.0,99.0,1.0,10.0,0.0,0.0
2026-06-04T15:35:17.765247+00:00,2026-06-04,KXTSAW-26JUN07,KXTSAW-26JUN07-A2.15,2.15,no,1.0,1,0,1,90.0,99.0,1.0,10.0,0.0,0.0
2026-06-04T15:35:17.765247+00:00,2026-06-04,KXTSAW-26JUN07,KXTSAW-26JUN07-A2.15,2.15,yes,90.0,50,0,50,90.0,99.0,1.0,10.0,0.0,0.0
2026-06-04T15:35:17.765247+00:00,2026-06-04,KXTSAW-26JUN07,KXTSAW-26JUN07-A2.15,2.15,yes,88.0,100,1,150,90.0,99.0,1.0,10.0,0.0,0.0
2026-06-04T15:35:17.765247+00:00,2026-06-04,KXTSAW-26JUN07,KXTSAW-26JUN07-A2.15,2.15,yes,23.0,441,2,591,90.0,99.0,1.0,10.0,0.0,0.0
2026-06-04T15:35:17.765247+00:00,2026-06-04,KXTSAW-26JUN07,KXTSAW-26JUN07-A2.15,2.15,yes,22.0,46,3,637,90.0,99.0,1.0,10.0,0.0,0.0
2026-06-04T15:35:17.765247+00:00,2026-06-04,KXTSAW-26JUN07,KXTSAW-26JUN07-A2.15,2.15,yes,21.0,23,4,660,90.0,99.0,1.0,10.0,0.0,0.0
2026-06-04T15:35:17.765247+00:00,2026-06-04,KXTSAW-26JUN07,KXTSAW-26JUN07-A2.20,2.2,no,1.0,1,0,1,89.0,99.0,1.0,11.0,0.0,0.0
2026-06-04T15:35:17.765247+00:00,2026-06-04,KXTSAW-26JUN07,KXTSAW-26JUN07-A2.20,2.2,yes,89.0,50,0,50,89.0,99.0,1.0,11.0,0.0,0.0
2026-06-04T15:35:17.765247+00:00,2026-06-04,KXTSAW-26JUN07,KXTSAW-26JUN07-A2.20,2.2,yes,88.0,100,1,150,89.0,99.0,1.0,11.0,0.0,0.0
2026-06-04T15:35:17.765247+00:00,2026-06-04,KXTSAW-26JUN07,KXTSAW-26JUN07-A2.20,2.2,yes,23.0,378,2,528,89.0,99.0,1.0,11.0,0.0,0.0
2026-06-04T15:35:17.765247+00:00,2026-06-04,KXTSAW-26JUN07,KXTSAW-26JUN07-A2.20,2.2,yes,22.0,49,3,577,89.0,99.0,1.0,11.0,0.0,0.0
2026-06-04T15:35:17.765247+00:00,2026-06-04,KXTSAW-26JUN07,KXTSAW-26JUN07-A2.20,2.2,yes,21.0,10,4,587,89.0,99.0,1.0,11.0,0.0,0.0
2026-06-04T15:35:17.765247+00:00,2026-06-04,KXTSAW-26JUN07,KXTSAW-26JUN07-A2.25,2.25,no,1.0,1,0,1,89.0,99.0,1.0,11.0,0.0,0.0
2026-06-04T15:35:17.765247+00:00,2026-06-04,KXTSAW-26JUN07,KXTSAW-26JUN07-A2.25,2.25,yes,89.0,50,0,50,89.0,99.0,1.0,11.0,0.0,0.0
2026-06-04T15:35:17.765247+00:00,2026-06-04,KXTSAW-26JUN07,KXTSAW-26JUN07-A2.25,2.25,yes,88.0,100,1,150,89.0,99.0,1.0,11.0,0.0,0.0
2026-06-04T15:35:17.765247+00:00,2026-06-04,KXTSAW-26JUN07,KXTSAW-26JUN07-A2.25,2.25,yes,23.0,379,2,529,89.0,99.0,1.0,11.0,0.0,0.0
2026-06-04T15:35:17.765247+00:00,2026-06-04,KXTSAW-26JUN07,KXTSAW-26JUN07-A2.25,2.25,yes,22.0,45,3,574,89.0,99.0,1.0,11.0,0.0,0.0
2026-06-04T15:35:17.765247+00:00,2026-06-04,KXTSAW-26JUN07,KXTSAW-26JUN07-A2.25,2.25,yes,21.0,24,4,598,89.0,99.0,1.0,11.0,0.0,0.0
2026-06-04T15:35:17.765247+00:00,2026-06-04,KXTSAW-26JUN07,KXTSAW-26JUN07-A2.30,2.3,no,1.0,1,0,1,89.0,99.0,1.0,11.0,0.0,0.0
2026-06-04T15:35:17.765247+00:00,2026-06-04,KXTSAW-26JUN07,KXTSAW-26JUN07-A2.30,2.3,yes,89.0,50,0,50,89.0,99.0,1.0,11.0,0.0,0.0
2026-06-04T15:35:17.765247+00:00,2026-06-04,KXTSAW-26JUN07,KXTSAW-26JUN07-A2.30,2.3,yes,88.0,100,1,150,89.0,99.0,1.0,11.0,0.0,0.0
2026-06-04T15:35:17.765247+00:00,2026-06-04,KXTSAW-26JUN07,KXTSAW-26JUN07-A2.30,2.3,yes,23.0,376,2,526,89.0,99.0,1.0,11.0,0.0,0.0
2026-06-04T15:35:17.765247+00:00,2026-06-04,KXTSAW-26JUN07,KXTSAW-26JUN07-A2.30,2.3,yes,22.0,53,3,579,89.0,99.0,1.0,11.0,0.0,0.0
2026-06-04T15:35:17.765247+00:00,2026-06-04,KXTSAW-26JUN07,KXTSAW-26JUN07-A2.30,2.3,yes,21.0,10,4,589,89.0,99.0,1.0,11.0,0.0,0.0
2026-06-04T15:35:17.765247+00:00,2026-06-04,KXTSAW-26JUN07,KXTSAW-26JUN07-A2.35,2.35,no,1.0,1,0,1,89.0,99.0,1.0,11.0,0.0,0.0
2026-06-04T15:35:17.765247+00:00,2026-06-04,KXTSAW-26JUN07,KXTSAW-26JUN07-A2.35,2.35,yes,89.0,50,0,50,89.0,99.0,1.0,11.0,0.0,0.0
2026-06-04T15:35:17.765247+00:00,2026-06-04,KXTSAW-26JUN07,KXTSAW-26JUN07-A2.35,2.35,yes,88.0,100,1,150,89.0,99.0,1.0,11.0,0.0,0.0
2026-06-04T15:35:17.765247+00:00,2026-06-04,KXTSAW-26JUN07,KXTSAW-26JUN07-A2.35,2.35,yes,75.0,25,2,175,89.0,99.0,1.0,11.0,0.0,0.0
2026-06-04T15:35:17.765247+00:00,2026-06-04,KXTSAW-26JUN07,KXTSAW-26JUN07-A2.35,2.35,yes,23.0,440,3,615,89.0,99.0,1.0,11.0,0.0,0.0
2026-06-04T15:35:17.765247+00:00,2026-06-04,KXTSAW-26JUN07,KXTSAW-26JUN07-A2.35,2.35,yes,22.0,48,4,663,89.0,99.0,1.0,11.0,0.0,0.0
2026-06-04T15:35:17.765247+00:00,2026-06-04,KXTSAW-26JUN07,KXTSAW-26JUN07-A2.35,2.35,yes,21.0,10,5,673,89.0,99.0,1.0,11.0,0.0,0.0
2026-06-04T15:35:17.765247+00:00,2026-06-04,KXTSAW-26JUN07,KXTSAW-26JUN07-A2.40,2.4,no,1.0,1,0,1,90.0,99.0,1.0,10.0,0.0,0.0
2026-06-04T15:35:17.765247+00:00,2026-06-04,KXTSAW-26JUN07,KXTSAW-26JUN07-A2.40,2.4,yes,90.0,110,0,110,90.0,99.0,1.0,10.0,0.0,0.0
2026-06-04T15:35:17.765247+00:00,2026-06-04,KXTSAW-26JUN07,KXTSAW-26JUN07-A2.40,2.4,yes,89.0,50,1,160,90.0,99.0,1.0,10.0,0.0,0.0
2026-06-04T15:35:17.765247+00:00,2026-06-04,KXTSAW-26JUN07,KXTSAW-26JUN07-A2.40,2.4,yes,88.0,100,2,260,90.0,99.0,1.0,10.0,0.0,0.0
2026-06-04T15:35:17.765247+00:00,2026-06-04,KXTSAW-26JUN07,KXTSAW-26JUN07-A2.40,2.4,yes,65.0,25,3,285,90.0,99.0,1.0,10.0,0.0,0.0
2026-06-04T15:35:17.765247+00:00,2026-06-04,KXTSAW-26JUN07,KXTSAW-26JUN07-A2.40,2.4,yes,60.0,300,4,585,90.0,99.0,1.0,10.0,0.0,0.0
2026-06-04T15:35:17.765247+00:00,2026-06-04,KXTSAW-26JUN07,KXTSAW-26JUN07-A2.40,2.4,yes,22.0,1797,5,2382,90.0,99.0,1.0,10.0,0.0,0.0
2026-06-04T15:35:17.765247+00:00,2026-06-04,KXTSAW-26JUN07,KXTSAW-26JUN07-A2.40,2.4,yes,21.0,63,6,2445,90.0,99.0,1.0,10.0,0.0,0.0
2026-06-04T15:35:17.765247+00:00,2026-06-04,KXTSAW-26JUN07,KXTSAW-26JUN07-A2.45,2.45,no,1.0,1,0,1,94.0,99.0,1.0,6.0,0.0,0.0
2026-06-04T15:35:17.765247+00:00,2026-06-04,KXTSAW-26JUN07,KXTSAW-26JUN07-A2.45,2.45,yes,94.0,500,0,500,94.0,99.0,1.0,6.0,0.0,0.0
2026-06-04T15:35:17.765247+00:00,2026-06-04,KXTSAW-26JUN07,KXTSAW-26JUN07-A2.45,2.45,yes,89.0,50,1,550,94.0,99.0,1.0,6.0,0.0,0.0
2026-06-04T15:35:17.765247+00:00,2026-06-04,KXTSAW-26JUN07,KXTSAW-26JUN07-A2.45,2.45,yes,88.0,100,2,650,94.0,99.0,1.0,6.0,0.0,0.0
2026-06-04T15:35:17.765247+00:00,2026-06-04,KXTSAW-26JUN07,KXTSAW-26JUN07-A2.45,2.45,yes,55.0,25,3,675,94.0,99.0,1.0,6.0,0.0,0.0
2026-06-04T15:35:17.765247+00:00,2026-06-04,KXTSAW-26JUN07,KXTSAW-26JUN07-A2.45,2.45,yes,53.0,861,4,1536,94.0,99.0,1.0,6.0,0.0,0.0
2026-06-04T15:35:17.765247+00:00,2026-06-04,KXTSAW-26JUN07,KXTSAW-26JUN07-A2.45,2.45,yes,51.0,200,5,1736,94.0,99.0,1.0,6.0,0.0,0.0
2026-06-04T15:35:17.765247+00:00,2026-06-04,KXTSAW-26JUN07,KXTSAW-26JUN07-A2.45,2.45,yes,50.0,500,6,2236,94.0,99.0,1.0,6.0,0.0,0.0
2026-06-04T15:35:17.765247+00:00,2026-06-04,KXTSAW-26JUN07,KXTSAW-26JUN07-A2.45,2.45,yes,21.0,63,7,2299,94.0,99.0,1.0,6.0,0.0,0.0
2026-06-04T15:35:17.765247+00:00,2026-06-04,KXTSAW-26JUN07,KXTSAW-26JUN07-A2.50,2.5,no,1.0,1,0,1,98.0,99.0,1.0,2.0,0.0,0.0
2026-06-04T15:35:17.765247+00:00,2026-06-04,KXTSAW-26JUN07,KXTSAW-26JUN07-A2.50,2.5,yes,98.0,150,0,150,98.0,99.0,1.0,2.0,0.0,0.0
2026-06-04T15:35:17.765247+00:00,2026-06-04,KXTSAW-26JUN07,KXTSAW-26JUN07-A2.50,2.5,yes,95.0,200,1,350,98.0,99.0,1.0,2.0,0.0,0.0
2026-06-04T15:35:17.765247+00:00,2026-06-04,KXTSAW-26JUN07,KXTSAW-26JUN07-A2.50,2.5,yes,93.0,500,2,850,98.0,99.0,1.0,2.0,0.0,0.0
2026-06-04T15:35:17.765247+00:00,2026-06-04,KXTSAW-26JUN07,KXTSAW-26JUN07-A2.50,2.5,yes,89.0,50,3,900,98.0,99.0,1.0,2.0,0.0,0.0
2026-06-04T15:35:17.765247+00:00,2026-06-04,KXTSAW-26JUN07,KXTSAW-26JUN07-A2.50,2.5,yes,88.0,100,4,1000,98.0,99.0,1.0,2.0,0.0,0.0
2026-06-04T15:35:17.765247+00:00,2026-06-04,KXTSAW-26JUN07,KXTSAW-26JUN07-A2.50,2.5,yes,53.0,1263,5,2263,98.0,99.0,1.0,2.0,0.0,0.0
2026-06-04T15:35:17.765247+00:00,2026-06-04,KXTSAW-26JUN07,KXTSAW-26JUN07-A2.50,2.5,yes,52.0,48,6,2311,98.0,99.0,1.0,2.0,0.0,0.0
2026-06-04T15:35:17.765247+00:00,2026-06-04,KXTSAW-26JUN07,KXTSAW-26JUN07-A2.50,2.5,yes,50.0,25,7,2336,98.0,99.0,1.0,2.0,0.0,0.0
2026-06-04T15:35:17.765247+00:00,2026-06-04,KXTSAW-26JUN07,KXTSAW-26JUN07-A2.50,2.5,yes,41.0,120,8,2456,98.0,99.0,1.0,2.0,0.0,0.0
2026-06-04T15:35:17.765247+00:00,2026-06-04,KXTSAW-26JUN07,KXTSAW-26JUN07-A2.50,2.5,yes,40.0,300,9,2756,98.0,99.0,1.0,2.0,0.0,0.0
2026-06-04T15:35:17.765247+00:00,2026-06-04,KXTSAW-26JUN07,KXTSAW-26JUN07-A2.50,2.5,yes,21.0,10,10,2766,98.0,99.0,1.0,2.0,0.0,0.0
2026-06-04T15:35:17.765247+00:00,2026-06-04,KXTSAW-26JUN07,KXTSAW-26JUN07-A2.50,2.5,yes,5.0,200,11,2966,98.0,99.0,1.0,2.0,0.0,0.0
2026-06-04T15:35:17.765247+00:00,2026-06-04,KXTSAW-26JUN07,KXTSAW-26JUN07-A2.50,2.5,yes,4.0,500,12,3466,98.0,99.0,1.0,2.0,0.0,0.0
2026-06-04T15:35:17.765247+00:00,2026-06-04,KXTSAW-26JUN07,KXTSAW-26JUN07-A2.55,2.55,no,4.0,98,0,98,95.0,96.0,4.0,5.0,0.0,0.0
2026-06-04T15:35:17.765247+00:00,2026-06-04,KXTSAW-26JUN07,KXTSAW-26JUN07-A2.55,2.55,no,3.0,35,1,133,95.0,96.0,4.0,5.0,0.0,0.0
2026-06-04T15:35:17.765247+00:00,2026-06-04,KXTSAW-26JUN07,KXTSAW-26JUN07-A2.55,2.55,no,2.0,449,2,582,95.0,96.0,4.0,5.0,0.0,0.0
2026-06-04T15:35:17.765247+00:00,2026-06-04,KXTSAW-26JUN07,KXTSAW-26JUN07-A2.55,2.55,no,1.0,501,3,1083,95.0,96.0,4.0,5.0,0.0,0.0
2026-06-04T15:35:17.765247+00:00,2026-06-04,KXTSAW-26JUN07,KXTSAW-26JUN07-A2.55,2.55,yes,95.0,3,0,3,95.0,96.0,4.0,5.0,0.0,0.0
2026-06-04T15:35:17.765247+00:00,2026-06-04,KXTSAW-26JUN07,KXTSAW-26JUN07-A2.55,2.55,yes,94.0,1,1,4,95.0,96.0,4.0,5.0,0.0,0.0
2026-06-04T15:35:17.765247+00:00,2026-06-04,KXTSAW-26JUN07,KXTSAW-26JUN07-A2.55,2.55,yes,93.0,237,2,241,95.0,96.0,4.0,5.0,0.0,0.0
2026-06-04T15:35:17.765247+00:00,2026-06-04,KXTSAW-26JUN07,KXTSAW-26JUN07-A2.55,2.55,yes,92.0,701,3,942,95.0,96.0,4.0,5.0,0.0,0.0
2026-06-04T15:35:17.765247+00:00,2026-06-04,KXTSAW-26JUN07,KXTSAW-26JUN07-A2.55,2.55,yes,91.0,86,4,1028,95.0,96.0,4.0,5.0,0.0,0.0
2026-06-04T15:35:17.765247+00:00,2026-06-04,KXTSAW-26JUN07,KXTSAW-26JUN07-A2.55,2.55,yes,90.0,1,5,1029,95.0,96.0,4.0,5.0,0.0,0.0
2026-06-04T15:35:17.765247+00:00,2026-06-04,KXTSAW-26JUN07,KXTSAW-26JUN07-A2.55,2.55,yes,85.0,55,6,1084,95.0,96.0,4.0,5.0,0.0,0.0
2026-06-04T15:35:17.765247+00:00,2026-06-04,KXTSAW-26JUN07,KXTSAW-26JUN07-A2.55,2.55,yes,84.0,100,7,1184,95.0,96.0,4.0,5.0,0.0,0.0
2026-06-04T15:35:17.765247+00:00,2026-06-04,KXTSAW-26JUN07,KXTSAW-26JUN07-A2.55,2.55,yes,80.0,5,8,1189,95.0,96.0,4.0,5.0,0.0,0.0
2026-06-04T15:35:17.765247+00:00,2026-06-04,KXTSAW-26JUN07,KXTSAW-26JUN07-A2.55,2.55,yes,70.0,10,9,1199,95.0,96.0,4.0,5.0,0.0,0.0
2026-06-04T15:35:17.765247+00:00,2026-06-04,KXTSAW-26JUN07,KXTSAW-26JUN07-A2.55,2.55,yes,69.0,68,10,1267,95.0,96.0,4.0,5.0,0.0,0.0
2026-06-04T15:35:17.765247+00:00,2026-06-04,KXTSAW-26JUN07,KXTSAW-26JUN07-A2.55,2.55,yes,68.0,119,11,1386,95.0,96.0,4.0,5.0,0.0,0.0
2026-06-04T15:35:17.765247+00:00,2026-06-04,KXTSAW-26JUN07,KXTSAW-26JUN07-A2.55,2.55,yes,67.0,150,12,1536,95.0,96.0,4.0,5.0,0.0,0.0
2026-06-04T15:35:17.765247+00:00,2026-06-04,KXTSAW-26JUN07,KXTSAW-26JUN07-A2.55,2.55,yes,66.0,186,13,1722,95.0,96.0,4.0,5.0,0.0,0.0
2026-06-04T15:35:17.765247+00:00,2026-06-04,KXTSAW-26JUN07,KXTSAW-26JUN07-A2.55,2.55,yes,60.0,10,14,1732,95.0,96.0,4.0,5.0,0.0,0.0
2026-06-04T15:35:17.765247+00:00,2026-06-04,KXTSAW-26JUN07,KXTSAW-26JUN07-A2.55,2.55,yes,54.0,316,15,2048,95.0,96.0,4.0,5.0,0.0,0.0
2026-06-04T15:35:17.765247+00:00,2026-06-04,KXTSAW-26JUN07,KXTSAW-26JUN07-A2.55,2.55,yes,53.0,1364,16,3412,95.0,96.0,4.0,5.0,0.0,0.0
2026-06-04T15:35:17.765247+00:00,2026-06-04,KXTSAW-26JUN07,KXTSAW-26JUN07-A2.55,2.55,yes,52.0,50,17,3462,95.0,96.0,4.0,5.0,0.0,0.0
2026-06-04T15:35:17.765247+00:00,2026-06-04,KXTSAW-26JUN07,KXTSAW-26JUN07-A2.55,2.55,yes,24.0,67,18,3529,95.0,96.0,4.0,5.0,0.0,0.0
2026-06-04T15:35:17.765247+00:00,2026-06-04,KXTSAW-26JUN07,KXTSAW-26JUN07-A2.55,2.55,yes,21.0,10,19,3539,95.0,96.0,4.0,5.0,0.0,0.0
2026-06-04T15:35:17.765247+00:00,2026-06-04,KXTSAW-26JUN07,KXTSAW-26JUN07-A2.55,2.55,yes,20.0,7,20,3546,95.0,96.0,4.0,5.0,0.0,0.0
2026-06-04T15:35:17.765247+00:00,2026-06-04,KXTSAW-26JUN07,KXTSAW-26JUN07-A2.55,2.55,yes,7.0,45,21,3591,95.0,96.0,4.0,5.0,0.0,0.0
2026-06-04T15:35:17.765247+00:00,2026-06-04,KXTSAW-26JUN07,KXTSAW-26JUN07-A2.55,2.55,yes,6.0,213,22,3804,95.0,96.0,4.0,5.0,0.0,0.0
2026-06-04T15:35:17.765247+00:00,2026-06-04,KXTSAW-26JUN07,KXTSAW-26JUN07-A2.55,2.55,yes,5.0,500,23,4304,95.0,96.0,4.0,5.0,0.0,0.0
2026-06-04T15:35:17.765247+00:00,2026-06-04,KXTSAW-26JUN07,KXTSAW-26JUN07-A2.55,2.55,yes,2.0,500,24,4804,95.0,96.0,4.0,5.0,0.0,0.0
2026-06-04T15:35:17.765247+00:00,2026-06-04,KXTSAW-26JUN07,KXTSAW-26JUN07-A2.55,2.55,yes,1.0,1200,25,6004,95.0,96.0,4.0,5.0,0.0,0.0
2026-06-04T15:35:17.765247+00:00,2026-06-04,KXTSAW-26JUN07,KXTSAW-26JUN07-A2.60,2.6,no,61.0,14,0,14,25.0,39.0,61.0,75.0,0.0,0.0
2026-06-04T15:35:17.765247+00:00,2026-06-04,KXTSAW-26JUN07,KXTSAW-26JUN07-A2.60,2.6,no,60.0,5,1,19,25.0,39.0,61.0,75.0,0.0,0.0
2026-06-04T15:35:17.765247+00:00,2026-06-04,KXTSAW-26JUN07,KXTSAW-26JUN07-A2.60,2.6,no,46.0,2,2,21,25.0,39.0,61.0,75.0,0.0,0.0
2026-06-04T15:35:17.765247+00:00,2026-06-04,KXTSAW-26JUN07,KXTSAW-26JUN07-A2.60,2.6,no,45.0,13,3,34,25.0,39.0,61.0,75.0,0.0,0.0
2026-06-04T15:35:17.765247+00:00,2026-06-04,KXTSAW-26JUN07,KXTSAW-26JUN07-A2.60,2.6,no,44.0,24,4,58,25.0,39.0,61.0,75.0,0.0,0.0
2026-06-04T15:35:17.765247+00:00,2026-06-04,KXTSAW-26JUN07,KXTSAW-26JUN07-A2.60,2.6,no,43.0,49,5,107,25.0,39.0,61.0,75.0,0.0,0.0
2026-06-04T15:35:17.765247+00:00,2026-06-04,KXTSAW-26JUN07,KXTSAW-26JUN07-A2.60,2.6,no,42.0,64,6,171,25.0,39.0,61.0,75.0,0.0,0.0
2026-06-04T15:35:17.765247+00:00,2026-06-04,KXTSAW-26JUN07,KXTSAW-26JUN07-A2.60,2.6,no,41.0,28,7,199,25.0,39.0,61.0,75.0,0.0,0.0
2026-06-04T15:35:17.765247+00:00,2026-06-04,KXTSAW-26JUN07,KXTSAW-26JUN07-A2.60,2.6,no,29.0,16,8,215,25.0,39.0,61.0,75.0,0.0,0.0
2026-06-04T15:35:17.765247+00:00,2026-06-04,KXTSAW-26JUN07,KXTSAW-26JUN07-A2.60,2.6,no,28.0,99,9,314,25.0,39.0,61.0,75.0,0.0,0.0
2026-06-04T15:35:17.765247+00:00,2026-06-04,KXTSAW-26JUN07,KXTSAW-26JUN07-A2.60,2.6,no,26.0,90,10,404,25.0,39.0,61.0,75.0,0.0,0.0
2026-06-04T15:35:17.765247+00:00,2026-06-04,KXTSAW-26JUN07,KXTSAW-26JUN07-A2.60,2.6,no,24.0,100,11,504,25.0,39.0,61.0,75.0,0.0,0.0
2026-06-04T15:35:17.765247+00:00,2026-06-04,KXTSAW-26JUN07,KXTSAW-26JUN07-A2.60,2.6,no,21.0,10,12,514,25.0,39.0,61.0,75.0,0.0,0.0
2026-06-04T15:35:17.765247+00:00,2026-06-04,KXTSAW-26JUN07,KXTSAW-26JUN07-A2.60,2.6,no,16.0,61,13,575,25.0,39.0,61.0,75.0,0.0,0.0
2026-06-04T15:35:17.765247+00:00,2026-06-04,KXTSAW-26JUN07,KXTSAW-26JUN07-A2.60,2.6,no,5.0,43,14,618,25.0,39.0,61.0,75.0,0.0,0.0
2026-06-04T15:35:17.765247+00:00,2026-06-04,KXTSAW-26JUN07,KXTSAW-26JUN07-A2.60,2.6,no,4.0,500,15,1118,25.0,39.0,61.0,75.0,0.0,0.0
2026-06-04T15:35:17.765247+00:00,2026-06-04,KXTSAW-26JUN07,KXTSAW-26JUN07-A2.60,2.6,no,2.0,200,16,1318,25.0,39.0,61.0,75.0,0.0,0.0
2026-06-04T15:35:17.765247+00:00,2026-06-04,KXTSAW-26JUN07,KXTSAW-26JUN07-A2.60,2.6,no,1.0,701,17,2019,25.0,39.0,61.0,75.0,0.0,0.0
2026-06-04T15:35:17.765247+00:00,2026-06-04,KXTSAW-26JUN07,KXTSAW-26JUN07-A2.60,2.6,yes,25.0,5,0,5,25.0,39.0,61.0,75.0,0.0,0.0
2026-06-04T15:35:17.765247+00:00,2026-06-04,KXTSAW-26JUN07,KXTSAW-26JUN07-A2.60,2.6,yes,24.0,4,1,9,25.0,39.0,61.0,75.0,0.0,0.0
2026-06-04T15:35:17.765247+00:00,2026-06-04,KXTSAW-26JUN07,KXTSAW-26JUN07-A2.60,2.6,yes,23.0,2,2,11,25.0,39.0,61.0,75.0,0.0,0.0
2026-06-04T15:35:17.765247+00:00,2026-06-04,KXTSAW-26JUN07,KXTSAW-26JUN07-A2.60,2.6,yes,21.0,13,3,24,25.0,39.0,61.0,75.0,0.0,0.0
2026-06-04T15:35:17.765247+00:00,2026-06-04,KXTSAW-26JUN07,KXTSAW-26JUN07-A2.60,2.6,yes,20.0,28,4,52,25.0,39.0,61.0,75.0,0.0,0.0
2026-06-04T15:35:17.765247+00:00,2026-06-04,KXTSAW-26JUN07,KXTSAW-26JUN07-A2.60,2.6,yes,14.0,2,5,54,25.0,39.0,61.0,75.0,0.0,0.0
2026-06-04T15:35:17.765247+00:00,2026-06-04,KXTSAW-26JUN07,KXTSAW-26JUN07-A2.60,2.6,yes,4.0,32,6,86,25.0,39.0,61.0,75.0,0.0,0.0
2026-06-04T15:35:17.765247+00:00,2026-06-04,KXTSAW-26JUN07,KXTSAW-26JUN07-A2.60,2.6,yes,3.0,49,7,135,25.0,39.0,61.0,75.0,0.0,0.0
2026-06-04T15:35:17.765247+00:00,2026-06-04,KXTSAW-26JUN07,KXTSAW-26JUN07-A2.60,2.6,yes,2.0,525,8,660,25.0,39.0,61.0,75.0,0.0,0.0
2026-06-04T15:35:17.765247+00:00,2026-06-04,KXTSAW-26JUN07,KXTSAW-26JUN07-A2.60,2.6,yes,1.0,500,9,1160,25.0,39.0,61.0,75.0,0.0,0.0
2026-06-04T15:35:17.765247+00:00,2026-06-04,KXTSAW-26JUN07,KXTSAW-26JUN07-A2.65,2.65,no,98.0,2484,0,2484,,2.0,98.0,,0.0,0.0
2026-06-04T15:35:17.765247+00:00,2026-06-04,KXTSAW-26JUN07,KXTSAW-26JUN07-A2.65,2.65,no,97.0,100,1,2584,,2.0,98.0,,0.0,0.0
2026-06-04T15:35:17.765247+00:00,2026-06-04,KXTSAW-26JUN07,KXTSAW-26JUN07-A2.65,2.65,no,94.0,59,2,2643,,2.0,98.0,,0.0,0.0
2026-06-04T15:35:17.765247+00:00,2026-06-04,KXTSAW-26JUN07,KXTSAW-26JUN07-A2.65,2.65,no,91.0,200,3,2843,,2.0,98.0,,0.0,0.0
2026-06-04T15:35:17.765247+00:00,2026-06-04,KXTSAW-26JUN07,KXTSAW-26JUN07-A2.65,2.65,no,85.0,5,4,2848,,2.0,98.0,,0.0,0.0
2026-06-04T15:35:17.765247+00:00,2026-06-04,KXTSAW-26JUN07,KXTSAW-26JUN07-A2.65,2.65,no,84.0,290,5,3138,,2.0,98.0,,0.0,0.0
2026-06-04T15:35:17.765247+00:00,2026-06-04,KXTSAW-26JUN07,KXTSAW-26JUN07-A2.65,2.65,no,83.0,360,6,3498,,2.0,98.0,,0.0,0.0
2026-06-04T15:35:17.765247+00:00,2026-06-04,KXTSAW-26JUN07,KXTSAW-26JUN07-A2.65,2.65,no,82.0,496,7,3994,,2.0,98.0,,0.0,0.0
2026-06-04T15:35:17.765247+00:00,2026-06-04,KXTSAW-26JUN07,KXTSAW-26JUN07-A2.65,2.65,no,81.0,462,8,4456,,2.0,98.0,,0.0,0.0
2026-06-04T15:35:17.765247+00:00,2026-06-04,KXTSAW-26JUN07,KXTSAW-26JUN07-A2.65,2.65,no,36.0,3233,9,7689,,2.0,98.0,,0.0,0.0
2026-06-04T15:35:17.765247+00:00,2026-06-04,KXTSAW-26JUN07,KXTSAW-26JUN07-A2.65,2.65,no,35.0,500,10,8189,,2.0,98.0,,0.0,0.0
2026-06-04T15:35:17.765247+00:00,2026-06-04,KXTSAW-26JUN07,KXTSAW-26JUN07-A2.65,2.65,no,21.0,10,11,8199,,2.0,98.0,,0.0,0.0
2026-06-04T15:35:17.765247+00:00,2026-06-04,KXTSAW-26JUN07,KXTSAW-26JUN07-A2.65,2.65,no,3.0,51,12,8250,,2.0,98.0,,0.0,0.0
2026-06-04T15:35:17.765247+00:00,2026-06-04,KXTSAW-26JUN07,KXTSAW-26JUN07-A2.65,2.65,no,2.0,800,13,9050,,2.0,98.0,,0.0,0.0
2026-06-04T15:35:17.765247+00:00,2026-06-04,KXTSAW-26JUN07,KXTSAW-26JUN07-A2.65,2.65,no,1.0,1201,14,10251,,2.0,98.0,,0.0,0.0
2026-06-04T15:35:17.765247+00:00,2026-06-04,KXTSAW-26JUN07,KXTSAW-26JUN07-A2.70,2.7,no,99.0,3500,0,3500,,1.0,99.0,,0.0,0.0
2026-06-04T15:35:17.765247+00:00,2026-06-04,KXTSAW-26JUN07,KXTSAW-26JUN07-A2.70,2.7,no,89.0,50,1,3550,,1.0,99.0,,0.0,0.0
2026-06-04T15:35:17.765247+00:00,2026-06-04,KXTSAW-26JUN07,KXTSAW-26JUN07-A2.70,2.7,no,88.0,100,2,3650,,1.0,99.0,,0.0,0.0
2026-06-04T15:35:17.765247+00:00,2026-06-04,KXTSAW-26JUN07,KXTSAW-26JUN07-A2.70,2.7,no,85.0,225,3,3875,,1.0,99.0,,0.0,0.0
2026-06-04T15:35:17.765247+00:00,2026-06-04,KXTSAW-26JUN07,KXTSAW-26JUN07-A2.70,2.7,no,84.0,248,4,4123,,1.0,99.0,,0.0,0.0
2026-06-04T15:35:17.765247+00:00,2026-06-04,KXTSAW-26JUN07,KXTSAW-26JUN07-A2.70,2.7,no,83.0,673,5,4796,,1.0,99.0,,0.0,0.0
2026-06-04T15:35:17.765247+00:00,2026-06-04,KXTSAW-26JUN07,KXTSAW-26JUN07-A2.70,2.7,no,82.0,1098,6,5894,,1.0,99.0,,0.0,0.0
2026-06-04T15:35:17.765247+00:00,2026-06-04,KXTSAW-26JUN07,KXTSAW-26JUN07-A2.70,2.7,no,51.0,3110,7,9004,,1.0,99.0,,0.0,0.0
2026-06-04T15:35:17.765247+00:00,2026-06-04,KXTSAW-26JUN07,KXTSAW-26JUN07-A2.70,2.7,no,50.0,500,8,9504,,1.0,99.0,,0.0,0.0
2026-06-04T15:35:17.765247+00:00,2026-06-04,KXTSAW-26JUN07,KXTSAW-26JUN07-A2.70,2.7,no,21.0,10,9,9514,,1.0,99.0,,0.0,0.0
2026-06-04T15:35:17.765247+00:00,2026-06-04,KXTSAW-26JUN07,KXTSAW-26JUN07-A2.70,2.7,no,3.0,54,10,9568,,1.0,99.0,,0.0,0.0
2026-06-04T15:35:17.765247+00:00,2026-06-04,KXTSAW-26JUN07,KXTSAW-26JUN07-A2.70,2.7,no,2.0,1800,11,11368,,1.0,99.0,,0.0,0.0
2026-06-04T15:35:17.765247+00:00,2026-06-04,KXTSAW-26JUN07,KXTSAW-26JUN07-A2.70,2.7,no,1.0,1201,12,12569,,1.0,99.0,,0.0,0.0
2026-06-04T15:35:17.765247+00:00,2026-06-04,KXTSAW-26JUN07,KXTSAW-26JUN07-A2.75,2.75,no,99.0,3500,0,3500,,1.0,99.0,,0.0,0.0
2026-06-04T15:35:17.765247+00:00,2026-06-04,KXTSAW-26JUN07,KXTSAW-26JUN07-A2.75,2.75,no,89.0,50,1,3550,,1.0,99.0,,0.0,0.0
2026-06-04T15:35:17.765247+00:00,2026-06-04,KXTSAW-26JUN07,KXTSAW-26JUN07-A2.75,2.75,no,88.0,100,2,3650,,1.0,99.0,,0.0,0.0
2026-06-04T15:35:17.765247+00:00,2026-06-04,KXTSAW-26JUN07,KXTSAW-26JUN07-A2.75,2.75,no,51.0,2618,3,6268,,1.0,99.0,,0.0,0.0
2026-06-04T15:35:17.765247+00:00,2026-06-04,KXTSAW-26JUN07,KXTSAW-26JUN07-A2.75,2.75,no,50.0,400,4,6668,,1.0,99.0,,0.0,0.0
2026-06-04T15:35:17.765247+00:00,2026-06-04,KXTSAW-26JUN07,KXTSAW-26JUN07-A2.75,2.75,no,8.0,500,5,7168,,1.0,99.0,,0.0,0.0
2026-06-04T15:35:17.765247+00:00,2026-06-04,KXTSAW-26JUN07,KXTSAW-26JUN07-A2.75,2.75,no,1.0,51,6,7219,,1.0,99.0,,0.0,0.0
2026-06-04T15:35:17.765247+00:00,2026-06-04,KXTSAW-26JUN07,KXTSAW-26JUN07-A2.80,2.8,no,99.0,3500,0,3500,,1.0,99.0,,0.0,0.0
2026-06-04T15:35:17.765247+00:00,2026-06-04,KXTSAW-26JUN07,KXTSAW-26JUN07-A2.80,2.8,no,90.0,50,1,3550,,1.0,99.0,,0.0,0.0
2026-06-04T15:35:17.765247+00:00,2026-06-04,KXTSAW-26JUN07,KXTSAW-26JUN07-A2.80,2.8,no,88.0,100,2,3650,,1.0,99.0,,0.0,0.0
2026-06-04T15:35:17.765247+00:00,2026-06-04,KXTSAW-26JUN07,KXTSAW-26JUN07-A2.80,2.8,no,78.0,1732,3,5382,,1.0,99.0,,0.0,0.0
2026-06-04T15:35:17.765247+00:00,2026-06-04,KXTSAW-26JUN07,KXTSAW-26JUN07-A2.80,2.8,no,77.0,600,4,5982,,1.0,99.0,,0.0,0.0
2026-06-04T15:35:17.765247+00:00,2026-06-04,KXTSAW-26JUN07,KXTSAW-26JUN07-A2.80,2.8,no,5.0,56,5,6038,,1.0,99.0,,0.0,0.0
2026-06-04T15:35:17.765247+00:00,2026-06-04,KXTSAW-26JUN07,KXTSAW-26JUN07-A2.80,2.8,no,4.0,1000,6,7038,,1.0,99.0,,0.0,0.0
2026-06-04T15:35:17.765247+00:00,2026-06-04,KXTSAW-26JUN07,KXTSAW-26JUN07-A2.80,2.8,no,1.0,1,7,7039,,1.0,99.0,,0.0,0.0
