Date,pred
2026-03-26,2783074.5
2026-03-27,2766222.2
2026-03-28,2385776.5
2026-03-29,2794905.5
2026-03-30,2634489.5
2026-03-31,2146200.2
2026-04-01,2338817.2
2026-04-02,2776661.5
2026-04-03,2696148.8
2026-04-04,2233881.2
2026-04-05,2662248.0
2026-04-06,2664808.0
2026-04-07,2213450.5
2026-04-08,2310107.2
2026-04-09,2719695.5
2026-04-10,2777039.0
2026-04-11,2289489.2
2026-04-12,2811411.5
2026-04-13,2583929.5
2026-04-14,2116186.0
2026-04-15,2297214.2
2026-04-16,2723242.2
2026-04-17,2716121.0
2026-04-18,2198924.8
2026-04-19,2771735.5
2026-04-20,2552814.0
2026-04-21,2042310.1
2026-04-22,2259706.8
2026-04-23,2723015.0
2026-04-24,2722478.8
2026-04-25,2161971.5
2026-04-26,2765201.8
2026-04-27,2592329.8
2026-04-28,2048748.1
2026-04-29,2285780.0
2026-04-30,2718107.5
2026-05-01,2684020.0
2026-05-02,2122250.5
2026-05-03,2757006.8
2026-05-04,2562682.8
2026-05-05,2050077.0
2026-05-06,2280083.2
2026-05-07,2739180.0
2026-05-08,2736995.2
2026-05-09,2123653.2
2026-05-10,2661121.5
2026-05-11,2651314.2
2026-05-12,2108620.2
2026-05-13,2299093.5
2026-05-14,2870188.8
2026-05-15,2833822.8
2026-05-16,2284619.5
2026-05-17,2905203.8
2026-05-18,2799766.2
2026-05-19,2288464.0
2026-05-20,2487365.0
2026-05-21,2947056.8
2026-05-22,2975909.2
2026-05-23,2377470.2
2026-05-24,2524619.5
