model,fold,mae,rmse,smape
seasonal_naive,1,187178.1208791209,259908.67919626972,7.34824921980007
lag365,1,274719.25274725276,341604.6818615258,10.847023690860308
autogluon,1,55748.921875,73713.62012545578,2.1043698391291517
seasonal_naive,2,169574.63736263735,245026.81880440476,6.983107694241802
lag365,2,379207.967032967,452502.98494593165,15.85790934198719
autogluon,2,61043.265625,80656.00158698669,2.479933588753509
seasonal_naive,3,252798.26373626373,331735.4909191066,11.060302189224908
lag365,3,288184.2197802198,343121.5778617394,13.012589653249071
autogluon,3,91491.59375,151595.18303692897,4.1255274394397325
seasonal_naive,4,180240.75824175825,218297.71980201313,7.222670529820244
lag365,4,312810.76923076925,368311.1164695914,12.504984321559895
autogluon,4,38757.64453125,49086.05211259101,1.516106845148328
