,importance,stddev,p_value,n,p99_high,p99_low
lag365_residual_anchor,51049.12734375,4603.884425837569,7.852907960895085e-06,5,60528.5890089946,41569.6656785054
vol_diff_1,40269.38359375,7462.5358278254225,0.0001352689997059959,5,55634.848006448796,24903.919181051195
anchor_accel_adjusted,23601.98046875,2423.4688536836575,1.3153961102544314e-05,5,28591.93633438385,18612.02460311615
Volume_lag3,16220.83671875,2584.915623840471,7.483587719243816e-05,5,21543.21371556823,10898.459721931775
dow_weekly_share,13448.405078125,3231.130921391897,0.0003708582322449162,5,20101.3483042462,6795.461852003802
nearest_holiday_expected_vol,13227.80078125,1964.3880887310681,5.6686053810443113e-05,5,17272.503006675986,9183.098555824014
days_to_holiday_x_dow,10804.74140625,2780.003933389406,0.0004825159394946456,5,16528.807928836468,5080.674883663529
dow_sin,9878.630078125,759.3796552709733,4.157345976722318e-06,5,11442.203284070161,8315.056872179837
holiday_asymmetry,7722.11875,886.8136401331038,2.051002946881268e-05,5,9548.080292101136,5896.157207898863
week_vol_cumsum,7326.9515625,1116.2366861763862,6.26890357607543e-05,5,9625.298327367733,5028.604797632268
regime_gap_3d_7d,7115.997265625,941.7694266215093,3.597009523008635e-05,5,9055.113531675453,5176.880999574547
dayofweek,5750.433203125,1202.7403213298676,0.00021684530371705076,5,8226.892148381046,3273.974257868953
days_to_holiday,5702.777734375,809.9092529978324,4.753251622376672e-05,5,7370.392080433025,4035.1633883169766
Volume_lag7,4659.04453125,797.0252763317832,9.888335166772177e-05,5,6300.130591277146,3017.958471222853
vol_same_dow_trimmed_8w,4336.147265625,1599.8002794203983,0.0018708893793430068,5,7630.158152541279,1042.1363787087203
dow_x_month,4007.6984375,1649.06314400324,0.002782017175347723,5,7403.142243477498,612.2546315225027
holiday_decay_shape,3769.3421875,276.7132777371178,3.4603873006062346e-06,5,4339.098650944666,3199.585724055334
lag7_x_dow_share,3081.10546875,1097.2141210913564,0.001642240185304755,5,5340.284509187866,821.9264283121342
holiday_expected_x_dow,3052.876171875,770.8699939165023,0.0004489748049876636,5,4640.108143904663,1465.6441998453372
week_progress_vs_4w_avg,3041.809375,928.0362802872381,0.0009222475376401816,5,4952.6489029359345,1130.969847064065
pre_holiday_regime,2991.700390625,1450.330587889591,0.004968486102730081,5,5977.951116788667,5.449664461333668
doy_cos,2933.178125,692.7982058503507,0.00034723346368228117,5,4359.6592063346725,1506.6970436653273
log_Volume_lag7,2816.195703125,978.3778252282661,0.0014986834974438066,5,4830.689167888605,801.7022383613946
same_dow_acceleration,1452.358203125,520.0587464208011,0.001675985927513871,5,2523.1663499811775,381.5500562688226
week_accel_ratio,1263.330078125,310.5862110288824,0.00040516308202675415,5,1902.8313793911004,623.8287768588996
vol_same_dow_median_8w,1178.645703125,640.060059960766,0.007320339359236431,5,2496.5382131543784,-139.24680690437867
prior_7d_total,947.921484375,302.2528123224646,0.0010886271486932396,5,1570.2642025247756,325.5787662252243
holiday_expected_vs_normal,810.43515625,160.57608307032643,0.00017564438591873498,5,1141.0635306891274,479.80678181087256
nearest_holiday_aligned_lag,779.994921875,948.1422147739319,0.06983850521466049,5,2732.2328468125843,-1172.243003062584
holiday_regime_strength,646.11640625,287.5449766143135,0.0036810667698808377,5,1238.1754873927998,54.05732510719997
lag365_error_7d,623.78671875,534.7215445018267,0.02975637368912859,5,1724.7857695164157,-477.21233201641564
first_half_week_strength,571.21796875,638.6656799569934,0.058063363790542506,5,1886.2394310792308,-743.8034935792309
last_week_avg,390.286328125,504.7017615803602,0.07941988607842444,5,1429.4742309386224,-648.9015746886225
month,-31.98671875,195.54873553876521,0.6334678372883136,5,370.6508304950685,-434.6242679950685
