,0
lag365_residual_anchor,3338826416128.0
anchor_accel_adjusted,2395246166016.0
log_Volume_lag7,2267631321088.0
Volume_lag7,1580694503424.0
nearest_holiday_expected_vol,746896162816.0
lag7_x_dow_share,644214554624.0
Volume_lag3,402699681792.0
nearest_holiday_aligned_lag,386431680512.0
first_half_week_strength,373107523584.0
vol_same_dow_median_8w,324054974464.0
vol_same_dow_trimmed_8w,205861175296.0
prior_7d_total,190225055744.0
dow_weekly_share,139577344000.0
holiday_expected_vs_normal,126171471872.0
vol_diff_1,112323010560.0
dow_x_month,95808430080.0
week_progress_vs_4w_avg,94779555840.0
days_to_holiday_x_dow,94036713472.0
doy_cos,92997492736.0
month,91787337728.0
week_vol_cumsum,91396104192.0
last_week_avg,88824094720.0
days_to_holiday,81208156160.0
dow_sin,78231355392.0
dayofweek,77679190016.0
holiday_decay_shape,75768201216.0
holiday_regime_strength,62664974336.0
regime_gap_3d_7d,61326581760.0
week_accel_ratio,59844505600.0
pre_holiday_regime,50761945088.0
holiday_asymmetry,45664387072.0
lag365_error_7d,44112900096.0
same_dow_acceleration,43578781696.0
holiday_expected_x_dow,38534807552.0
