type,pct,ticker,price,best_ask,target_shares,exposure_before,shares,dry_run,response,side,model_prob,market_prob,limit_price,available_shares
passive_limit,0.05,KXTSAW-26MAY31-A2.45,0.9313724635047729,,4,0,4,False,"{'order': {'action': 'buy', 'book_side': 'bid', 'client_order_id': 'c6d2c067-4912-4151-b441-2c57004fe77b', 'created_time': '2026-05-27T19:16:41.887667Z', 'expiration_time': '2026-05-27T23:59:00Z', 'fill_count_fp': '0.00', 'initial_count_fp': '4.00', 'last_update_time': '2026-05-27T19:16:41.887667Z', 'maker_fees_dollars': '0.000000', 'maker_fill_cost_dollars': '0.000000', 'no_price_dollars': '0.0700', 'order_id': '9b4c43e2-f017-4369-86a6-ae9f5c69fe3e', 'outcome_side': 'yes', 'remaining_count_fp': '4.00', 'side': 'yes', 'status': 'resting', 'subaccount_number': 0, 'taker_fees_dollars': '0.000000', 'taker_fill_cost_dollars': '0.000000', 'ticker': 'KXTSAW-26MAY31-A2.45', 'type': 'limit', 'user_id': '6db6972a-11ba-4203-a80d-b435f9c20a3f', 'yes_price_dollars': '0.9300'}}",yes,0.9999999127748684,0.95,,
passive_limit,0.1,KXTSAW-26MAY31-A2.45,0.9278349616235757,,8,4,4,False,"{'order': {'action': 'buy', 'book_side': 'bid', 'client_order_id': 'b6619f76-d75b-46ff-8f33-7f7860b7dd5e', 'created_time': '2026-05-27T19:16:42.068715Z', 'expiration_time': '2026-05-27T23:59:00Z', 'fill_count_fp': '0.00', 'initial_count_fp': '4.00', 'last_update_time': '2026-05-27T19:16:42.068715Z', 'maker_fees_dollars': '0.000000', 'maker_fill_cost_dollars': '0.000000', 'no_price_dollars': '0.0700', 'order_id': 'd282357d-feab-4d64-bd55-d60d892928db', 'outcome_side': 'yes', 'remaining_count_fp': '4.00', 'side': 'yes', 'status': 'resting', 'subaccount_number': 0, 'taker_fees_dollars': '0.000000', 'taker_fill_cost_dollars': '0.000000', 'ticker': 'KXTSAW-26MAY31-A2.45', 'type': 'limit', 'user_id': '6db6972a-11ba-4203-a80d-b435f9c20a3f', 'yes_price_dollars': '0.9300'}}",yes,0.9999999127748684,0.95,,
passive_limit,0.15,KXTSAW-26MAY31-A2.45,0.9239129486683352,,12,8,4,False,"{'order': {'action': 'buy', 'book_side': 'bid', 'client_order_id': '5f0e6021-d763-4cc8-a713-a66c92fa2b68', 'created_time': '2026-05-27T19:16:42.260659Z', 'expiration_time': '2026-05-27T23:59:00Z', 'fill_count_fp': '0.00', 'initial_count_fp': '4.00', 'last_update_time': '2026-05-27T19:16:42.260659Z', 'maker_fees_dollars': '0.000000', 'maker_fill_cost_dollars': '0.000000', 'no_price_dollars': '0.0800', 'order_id': 'd8745b78-db69-40ee-8649-899998d8ddc3', 'outcome_side': 'yes', 'remaining_count_fp': '4.00', 'side': 'yes', 'status': 'resting', 'subaccount_number': 0, 'taker_fees_dollars': '0.000000', 'taker_fill_cost_dollars': '0.000000', 'ticker': 'KXTSAW-26MAY31-A2.45', 'type': 'limit', 'user_id': '6db6972a-11ba-4203-a80d-b435f9c20a3f', 'yes_price_dollars': '0.9200'}}",yes,0.9999999127748684,0.95,,
passive_limit,0.2,KXTSAW-26MAY31-A2.45,0.9195401296262855,,16,12,4,False,"{'order': {'action': 'buy', 'book_side': 'bid', 'client_order_id': '490e0f49-1d92-4d1e-bbbb-4ddaf7a4326d', 'created_time': '2026-05-27T19:16:42.442763Z', 'expiration_time': '2026-05-27T23:59:00Z', 'fill_count_fp': '0.00', 'initial_count_fp': '4.00', 'last_update_time': '2026-05-27T19:16:42.442763Z', 'maker_fees_dollars': '0.000000', 'maker_fill_cost_dollars': '0.000000', 'no_price_dollars': '0.0800', 'order_id': 'f303720f-cef4-4b23-8c62-d792f37434e2', 'outcome_side': 'yes', 'remaining_count_fp': '4.00', 'side': 'yes', 'status': 'resting', 'subaccount_number': 0, 'taker_fees_dollars': '0.000000', 'taker_fill_cost_dollars': '0.000000', 'ticker': 'KXTSAW-26MAY31-A2.45', 'type': 'limit', 'user_id': '6db6972a-11ba-4203-a80d-b435f9c20a3f', 'yes_price_dollars': '0.9200'}}",yes,0.9999999127748684,0.95,,
passive_limit,0.25,KXTSAW-26MAY31-A2.45,0.9146340399693517,,20,16,4,False,"{'order': {'action': 'buy', 'book_side': 'bid', 'client_order_id': '3274aabd-0716-4e6e-84be-371957d2ac51', 'created_time': '2026-05-27T19:16:42.622806Z', 'expiration_time': '2026-05-27T23:59:00Z', 'fill_count_fp': '0.00', 'initial_count_fp': '4.00', 'last_update_time': '2026-05-27T19:16:42.622806Z', 'maker_fees_dollars': '0.000000', 'maker_fill_cost_dollars': '0.000000', 'no_price_dollars': '0.0900', 'order_id': '27c710b7-5f0a-41be-b43d-767922f21642', 'outcome_side': 'yes', 'remaining_count_fp': '4.00', 'side': 'yes', 'status': 'resting', 'subaccount_number': 0, 'taker_fees_dollars': '0.000000', 'taker_fill_cost_dollars': '0.000000', 'ticker': 'KXTSAW-26MAY31-A2.45', 'type': 'limit', 'user_id': '6db6972a-11ba-4203-a80d-b435f9c20a3f', 'yes_price_dollars': '0.9100'}}",yes,0.9999999127748684,0.95,,
passive_limit,0.3,KXTSAW-26MAY31-A2.45,0.9090907958115174,,24,20,4,False,"{'order': {'action': 'buy', 'book_side': 'bid', 'client_order_id': 'cb267a7b-b06c-4a74-8fc7-c9031f4dcc0b', 'created_time': '2026-05-27T19:16:42.802689Z', 'expiration_time': '2026-05-27T23:59:00Z', 'fill_count_fp': '0.00', 'initial_count_fp': '4.00', 'last_update_time': '2026-05-27T19:16:42.802689Z', 'maker_fees_dollars': '0.000000', 'maker_fill_cost_dollars': '0.000000', 'no_price_dollars': '0.0900', 'order_id': '3614ed70-3747-4e93-9a93-980144215814', 'outcome_side': 'yes', 'remaining_count_fp': '4.00', 'side': 'yes', 'status': 'resting', 'subaccount_number': 0, 'taker_fees_dollars': '0.000000', 'taker_fill_cost_dollars': '0.000000', 'ticker': 'KXTSAW-26MAY31-A2.45', 'type': 'limit', 'user_id': '6db6972a-11ba-4203-a80d-b435f9c20a3f', 'yes_price_dollars': '0.9100'}}",yes,0.9999999127748684,0.95,,
passive_limit,0.35,KXTSAW-26MAY31-A2.45,0.9027776566317617,,28,24,4,False,"{'order': {'action': 'buy', 'book_side': 'bid', 'client_order_id': '2013727e-1e9f-4c54-836f-652ca391261a', 'created_time': '2026-05-27T19:16:43.00749Z', 'expiration_time': '2026-05-27T23:59:00Z', 'fill_count_fp': '0.00', 'initial_count_fp': '4.00', 'last_update_time': '2026-05-27T19:16:43.00749Z', 'maker_fees_dollars': '0.000000', 'maker_fill_cost_dollars': '0.000000', 'no_price_dollars': '0.1000', 'order_id': 'a2dc7f63-6ff5-47b8-9b0d-5be8b0bb59d1', 'outcome_side': 'yes', 'remaining_count_fp': '4.00', 'side': 'yes', 'status': 'resting', 'subaccount_number': 0, 'taker_fees_dollars': '0.000000', 'taker_fill_cost_dollars': '0.000000', 'ticker': 'KXTSAW-26MAY31-A2.45', 'type': 'limit', 'user_id': '6db6972a-11ba-4203-a80d-b435f9c20a3f', 'yes_price_dollars': '0.9000'}}",yes,0.9999999127748684,0.95,,
passive_limit,0.4,KXTSAW-26MAY31-A2.45,0.8955222578729379,,33,28,5,False,"{'order': {'action': 'buy', 'book_side': 'bid', 'client_order_id': 'ed875344-440d-42bb-9205-4154598ef656', 'created_time': '2026-05-27T19:16:43.242676Z', 'expiration_time': '2026-05-27T23:59:00Z', 'fill_count_fp': '0.00', 'initial_count_fp': '5.00', 'last_update_time': '2026-05-27T19:16:43.242676Z', 'maker_fees_dollars': '0.000000', 'maker_fill_cost_dollars': '0.000000', 'no_price_dollars': '0.1000', 'order_id': '4a65e0fd-102b-4364-8c2d-1ef4823a2034', 'outcome_side': 'yes', 'remaining_count_fp': '5.00', 'side': 'yes', 'status': 'resting', 'subaccount_number': 0, 'taker_fees_dollars': '0.000000', 'taker_fill_cost_dollars': '0.000000', 'ticker': 'KXTSAW-26MAY31-A2.45', 'type': 'limit', 'user_id': '6db6972a-11ba-4203-a80d-b435f9c20a3f', 'yes_price_dollars': '0.9000'}}",yes,0.9999999127748684,0.95,,
passive_limit,0.05,KXTSAW-26MAY31-A2.50,0.9312955742324325,,4,0,4,False,"{'order': {'action': 'buy', 'book_side': 'bid', 'client_order_id': '8f60b97b-f21f-411e-9aa3-98527d065377', 'created_time': '2026-05-27T19:16:44.704598Z', 'expiration_time': '2026-05-27T23:59:00Z', 'fill_count_fp': '0.00', 'initial_count_fp': '4.00', 'last_update_time': '2026-05-27T19:16:44.704598Z', 'maker_fees_dollars': '0.000000', 'maker_fill_cost_dollars': '0.000000', 'no_price_dollars': '0.0700', 'order_id': '487bfb33-8949-4bc0-8fd2-4d0b3ceab1ce', 'outcome_side': 'yes', 'remaining_count_fp': '4.00', 'side': 'yes', 'status': 'resting', 'subaccount_number': 0, 'taker_fees_dollars': '0.000000', 'taker_fill_cost_dollars': '0.000000', 'ticker': 'KXTSAW-26MAY31-A2.50', 'type': 'limit', 'user_id': '6db6972a-11ba-4203-a80d-b435f9c20a3f', 'yes_price_dollars': '0.9300'}}",yes,0.9999214857170812,0.97,,
passive_limit,0.1,KXTSAW-26MAY31-A2.50,0.9277541089866815,,8,4,4,False,"{'order': {'action': 'buy', 'book_side': 'bid', 'client_order_id': '418c2539-28fc-49cc-987b-aefc5cf10260', 'created_time': '2026-05-27T19:16:44.88262Z', 'expiration_time': '2026-05-27T23:59:00Z', 'fill_count_fp': '0.00', 'initial_count_fp': '4.00', 'last_update_time': '2026-05-27T19:16:44.88262Z', 'maker_fees_dollars': '0.000000', 'maker_fill_cost_dollars': '0.000000', 'no_price_dollars': '0.0700', 'order_id': 'e1776f42-f416-48f2-84fe-ae7d71ffb525', 'outcome_side': 'yes', 'remaining_count_fp': '4.00', 'side': 'yes', 'status': 'resting', 'subaccount_number': 0, 'taker_fees_dollars': '0.000000', 'taker_fill_cost_dollars': '0.000000', 'ticker': 'KXTSAW-26MAY31-A2.50', 'type': 'limit', 'user_id': '6db6972a-11ba-4203-a80d-b435f9c20a3f', 'yes_price_dollars': '0.9300'}}",yes,0.9999214857170812,0.97,,
passive_limit,0.15,KXTSAW-26MAY31-A2.50,0.9238277018663925,,12,8,4,False,"{'order': {'action': 'buy', 'book_side': 'bid', 'client_order_id': 'd175cb5b-1292-47fb-b5bd-62f6c10cf99b', 'created_time': '2026-05-27T19:16:45.102557Z', 'expiration_time': '2026-05-27T23:59:00Z', 'fill_count_fp': '0.00', 'initial_count_fp': '4.00', 'last_update_time': '2026-05-27T19:16:45.102557Z', 'maker_fees_dollars': '0.000000', 'maker_fill_cost_dollars': '0.000000', 'no_price_dollars': '0.0800', 'order_id': '4346d820-a28f-4723-81a8-a7ad8d5ace0b', 'outcome_side': 'yes', 'remaining_count_fp': '4.00', 'side': 'yes', 'status': 'resting', 'subaccount_number': 0, 'taker_fees_dollars': '0.000000', 'taker_fill_cost_dollars': '0.000000', 'ticker': 'KXTSAW-26MAY31-A2.50', 'type': 'limit', 'user_id': '6db6972a-11ba-4203-a80d-b435f9c20a3f', 'yes_price_dollars': '0.9200'}}",yes,0.9999214857170812,0.97,,
passive_limit,0.2,KXTSAW-26MAY31-A2.50,0.9194499835828517,,16,12,4,False,"{'order': {'action': 'buy', 'book_side': 'bid', 'client_order_id': '7ad3e98f-0537-42b3-af09-7d28a7f98594', 'created_time': '2026-05-27T19:16:45.323687Z', 'expiration_time': '2026-05-27T23:59:00Z', 'fill_count_fp': '0.00', 'initial_count_fp': '4.00', 'last_update_time': '2026-05-27T19:16:45.323687Z', 'maker_fees_dollars': '0.000000', 'maker_fill_cost_dollars': '0.000000', 'no_price_dollars': '0.0800', 'order_id': '6a635cd8-82b3-43a6-9642-f250cc3b84e5', 'outcome_side': 'yes', 'remaining_count_fp': '4.00', 'side': 'yes', 'status': 'resting', 'subaccount_number': 0, 'taker_fees_dollars': '0.000000', 'taker_fill_cost_dollars': '0.000000', 'ticker': 'KXTSAW-26MAY31-A2.50', 'type': 'limit', 'user_id': '6db6972a-11ba-4203-a80d-b435f9c20a3f', 'yes_price_dollars': '0.9200'}}",yes,0.9999214857170812,0.97,,
passive_limit,0.25,KXTSAW-26MAY31-A2.50,0.9145383972159525,,20,16,4,False,"{'order': {'action': 'buy', 'book_side': 'bid', 'client_order_id': '3effc6c2-3910-4440-b0e5-a7d88dbf6f02', 'created_time': '2026-05-27T19:16:45.513447Z', 'expiration_time': '2026-05-27T23:59:00Z', 'fill_count_fp': '0.00', 'initial_count_fp': '4.00', 'last_update_time': '2026-05-27T19:16:45.513447Z', 'maker_fees_dollars': '0.000000', 'maker_fill_cost_dollars': '0.000000', 'no_price_dollars': '0.0900', 'order_id': 'a9c71730-4fc1-4e8b-80e1-6dbfc911add6', 'outcome_side': 'yes', 'remaining_count_fp': '4.00', 'side': 'yes', 'status': 'resting', 'subaccount_number': 0, 'taker_fees_dollars': '0.000000', 'taker_fill_cost_dollars': '0.000000', 'ticker': 'KXTSAW-26MAY31-A2.50', 'type': 'limit', 'user_id': '6db6972a-11ba-4203-a80d-b435f9c20a3f', 'yes_price_dollars': '0.9100'}}",yes,0.9999214857170812,0.97,,
passive_limit,0.3,KXTSAW-26MAY31-A2.50,0.9089889424897158,,24,20,4,False,"{'order': {'action': 'buy', 'book_side': 'bid', 'client_order_id': '2e202aa7-c5cc-4ede-8a9f-4036b783805f', 'created_time': '2026-05-27T19:16:45.72297Z', 'expiration_time': '2026-05-27T23:59:00Z', 'fill_count_fp': '0.00', 'initial_count_fp': '4.00', 'last_update_time': '2026-05-27T19:16:45.72297Z', 'maker_fees_dollars': '0.000000', 'maker_fill_cost_dollars': '0.000000', 'no_price_dollars': '0.0900', 'order_id': '3f91284d-d374-4221-9917-8da109f38f83', 'outcome_side': 'yes', 'remaining_count_fp': '4.00', 'side': 'yes', 'status': 'resting', 'subaccount_number': 0, 'taker_fees_dollars': '0.000000', 'taker_fill_cost_dollars': '0.000000', 'ticker': 'KXTSAW-26MAY31-A2.50', 'type': 'limit', 'user_id': '6db6972a-11ba-4203-a80d-b435f9c20a3f', 'yes_price_dollars': '0.9100'}}",yes,0.9999214857170812,0.97,,
passive_limit,0.35,KXTSAW-26MAY31-A2.50,0.9026687301626126,,28,24,4,False,"{'order': {'action': 'buy', 'book_side': 'bid', 'client_order_id': 'c070c904-92b5-4496-bf0c-f61465799a1b', 'created_time': '2026-05-27T19:16:45.942965Z', 'expiration_time': '2026-05-27T23:59:00Z', 'fill_count_fp': '0.00', 'initial_count_fp': '4.00', 'last_update_time': '2026-05-27T19:16:45.942965Z', 'maker_fees_dollars': '0.000000', 'maker_fill_cost_dollars': '0.000000', 'no_price_dollars': '0.1000', 'order_id': '26f89bd8-fec2-48a6-8b88-831d9f0dd16c', 'outcome_side': 'yes', 'remaining_count_fp': '4.00', 'side': 'yes', 'status': 'resting', 'subaccount_number': 0, 'taker_fees_dollars': '0.000000', 'taker_fill_cost_dollars': '0.000000', 'ticker': 'KXTSAW-26MAY31-A2.50', 'type': 'limit', 'user_id': '6db6972a-11ba-4203-a80d-b435f9c20a3f', 'yes_price_dollars': '0.9000'}}",yes,0.9999214857170812,0.97,,
passive_limit,0.4,KXTSAW-26MAY31-A2.50,0.8954052025628076,,33,28,5,False,"{'order': {'action': 'buy', 'book_side': 'bid', 'client_order_id': '1e85e33b-c1a2-4f1f-b89d-79a05a687c45', 'created_time': '2026-05-27T19:16:46.14233Z', 'expiration_time': '2026-05-27T23:59:00Z', 'fill_count_fp': '0.00', 'initial_count_fp': '5.00', 'last_update_time': '2026-05-27T19:16:46.14233Z', 'maker_fees_dollars': '0.000000', 'maker_fill_cost_dollars': '0.000000', 'no_price_dollars': '0.1000', 'order_id': 'aef6540a-be74-46eb-ae8c-c064cde3f58f', 'outcome_side': 'yes', 'remaining_count_fp': '5.00', 'side': 'yes', 'status': 'resting', 'subaccount_number': 0, 'taker_fees_dollars': '0.000000', 'taker_fill_cost_dollars': '0.000000', 'ticker': 'KXTSAW-26MAY31-A2.50', 'type': 'limit', 'user_id': '6db6972a-11ba-4203-a80d-b435f9c20a3f', 'yes_price_dollars': '0.9000'}}",yes,0.9999214857170812,0.97,,
passive_limit,0.1,KXTSAW-26MAY31-A2.55,0.9177524495583487,0.96,8,4,4,False,"{'order': {'action': 'buy', 'book_side': 'bid', 'client_order_id': '63e27b38-4b5d-487f-9023-2bc80986fd3c', 'created_time': '2026-05-27T19:16:47.621742Z', 'expiration_time': '2026-05-27T23:59:00Z', 'fill_count_fp': '0.00', 'initial_count_fp': '4.00', 'last_update_time': '2026-05-27T19:16:47.621742Z', 'maker_fees_dollars': '0.000000', 'maker_fill_cost_dollars': '0.000000', 'no_price_dollars': '0.0800', 'order_id': 'a80d8842-2042-4640-a919-317d1c28a469', 'outcome_side': 'yes', 'remaining_count_fp': '4.00', 'side': 'yes', 'status': 'resting', 'subaccount_number': 0, 'taker_fees_dollars': '0.000000', 'taker_fill_cost_dollars': '0.000000', 'ticker': 'KXTSAW-26MAY31-A2.55', 'type': 'limit', 'user_id': '6db6972a-11ba-4203-a80d-b435f9c20a3f', 'yes_price_dollars': '0.9200'}}",yes,0.9902198760715982,0.955,,
passive_limit,0.15,KXTSAW-26MAY31-A2.55,0.9132824739908676,0.96,12,8,4,False,"{'order': {'action': 'buy', 'book_side': 'bid', 'client_order_id': '50056cd4-2f8d-4b98-a116-913e3a2e2215', 'created_time': '2026-05-27T19:16:47.821674Z', 'expiration_time': '2026-05-27T23:59:00Z', 'fill_count_fp': '0.00', 'initial_count_fp': '4.00', 'last_update_time': '2026-05-27T19:16:47.821674Z', 'maker_fees_dollars': '0.000000', 'maker_fill_cost_dollars': '0.000000', 'no_price_dollars': '0.0900', 'order_id': '8444439a-9054-4c5c-8930-e5e82076c7f4', 'outcome_side': 'yes', 'remaining_count_fp': '4.00', 'side': 'yes', 'status': 'resting', 'subaccount_number': 0, 'taker_fees_dollars': '0.000000', 'taker_fill_cost_dollars': '0.000000', 'ticker': 'KXTSAW-26MAY31-A2.55', 'type': 'limit', 'user_id': '6db6972a-11ba-4203-a80d-b435f9c20a3f', 'yes_price_dollars': '0.9100'}}",yes,0.9902198760715982,0.955,,
passive_limit,0.2,KXTSAW-26MAY31-A2.55,0.9082987081282736,0.96,16,12,4,False,"{'order': {'action': 'buy', 'book_side': 'bid', 'client_order_id': 'cf70bf22-5355-4dae-9b44-a33c5de970de', 'created_time': '2026-05-27T19:16:48.003894Z', 'expiration_time': '2026-05-27T23:59:00Z', 'fill_count_fp': '0.00', 'initial_count_fp': '4.00', 'last_update_time': '2026-05-27T19:16:48.003894Z', 'maker_fees_dollars': '0.000000', 'maker_fill_cost_dollars': '0.000000', 'no_price_dollars': '0.0900', 'order_id': 'dc2dbb78-c764-4657-bbfb-1f5a0a69e228', 'outcome_side': 'yes', 'remaining_count_fp': '4.00', 'side': 'yes', 'status': 'resting', 'subaccount_number': 0, 'taker_fees_dollars': '0.000000', 'taker_fill_cost_dollars': '0.000000', 'ticker': 'KXTSAW-26MAY31-A2.55', 'type': 'limit', 'user_id': '6db6972a-11ba-4203-a80d-b435f9c20a3f', 'yes_price_dollars': '0.9100'}}",yes,0.9902198760715982,0.955,,
passive_limit,0.25,KXTSAW-26MAY31-A2.55,0.9027071659409733,0.96,20,16,4,False,"{'order': {'action': 'buy', 'book_side': 'bid', 'client_order_id': '481a2b22-03e5-4368-8760-5256e5fbcd8e', 'created_time': '2026-05-27T19:16:48.207288Z', 'expiration_time': '2026-05-27T23:59:00Z', 'fill_count_fp': '0.00', 'initial_count_fp': '4.00', 'last_update_time': '2026-05-27T19:16:48.207288Z', 'maker_fees_dollars': '0.000000', 'maker_fill_cost_dollars': '0.000000', 'no_price_dollars': '0.1000', 'order_id': 'b70dceeb-0984-43c4-93f0-ad740e309b71', 'outcome_side': 'yes', 'remaining_count_fp': '4.00', 'side': 'yes', 'status': 'resting', 'subaccount_number': 0, 'taker_fees_dollars': '0.000000', 'taker_fill_cost_dollars': '0.000000', 'ticker': 'KXTSAW-26MAY31-A2.55', 'type': 'limit', 'user_id': '6db6972a-11ba-4203-a80d-b435f9c20a3f', 'yes_price_dollars': '0.9000'}}",yes,0.9902198760715982,0.955,,
passive_limit,0.3,KXTSAW-26MAY31-A2.55,0.8963894494436341,0.96,24,20,4,False,"{'order': {'action': 'buy', 'book_side': 'bid', 'client_order_id': '61e9e519-9796-4a98-8ab6-f7bfeeb7d7b2', 'created_time': '2026-05-27T19:16:48.39511Z', 'expiration_time': '2026-05-27T23:59:00Z', 'fill_count_fp': '0.00', 'initial_count_fp': '4.00', 'last_update_time': '2026-05-27T19:16:48.39511Z', 'maker_fees_dollars': '0.000000', 'maker_fill_cost_dollars': '0.000000', 'no_price_dollars': '0.1000', 'order_id': 'c5642260-a7c5-4aa1-8490-07e544a344e2', 'outcome_side': 'yes', 'remaining_count_fp': '4.00', 'side': 'yes', 'status': 'resting', 'subaccount_number': 0, 'taker_fees_dollars': '0.000000', 'taker_fill_cost_dollars': '0.000000', 'ticker': 'KXTSAW-26MAY31-A2.55', 'type': 'limit', 'user_id': '6db6972a-11ba-4203-a80d-b435f9c20a3f', 'yes_price_dollars': '0.9000'}}",yes,0.9902198760715982,0.955,,
passive_limit,0.35,KXTSAW-26MAY31-A2.55,0.8891942723216641,0.96,29,24,5,False,"{'order': {'action': 'buy', 'book_side': 'bid', 'client_order_id': '9dde6f0f-384e-4737-a177-12bb8136f83f', 'created_time': '2026-05-27T19:16:48.602485Z', 'expiration_time': '2026-05-27T23:59:00Z', 'fill_count_fp': '0.00', 'initial_count_fp': '5.00', 'last_update_time': '2026-05-27T19:16:48.602485Z', 'maker_fees_dollars': '0.000000', 'maker_fill_cost_dollars': '0.000000', 'no_price_dollars': '0.1100', 'order_id': 'ab22ab47-9f94-4bfb-b162-92dc8f38b2a9', 'outcome_side': 'yes', 'remaining_count_fp': '5.00', 'side': 'yes', 'status': 'resting', 'subaccount_number': 0, 'taker_fees_dollars': '0.000000', 'taker_fill_cost_dollars': '0.000000', 'ticker': 'KXTSAW-26MAY31-A2.55', 'type': 'limit', 'user_id': '6db6972a-11ba-4203-a80d-b435f9c20a3f', 'yes_price_dollars': '0.8900'}}",yes,0.9902198760715982,0.955,,
passive_limit,0.4,KXTSAW-26MAY31-A2.55,0.8809251881665644,0.96,33,29,4,False,"{'order': {'action': 'buy', 'book_side': 'bid', 'client_order_id': 'c29c50c3-408e-4c4e-bd56-f16e80ee1b3e', 'created_time': '2026-05-27T19:16:48.804299Z', 'expiration_time': '2026-05-27T23:59:00Z', 'fill_count_fp': '0.00', 'initial_count_fp': '4.00', 'last_update_time': '2026-05-27T19:16:48.804299Z', 'maker_fees_dollars': '0.000000', 'maker_fill_cost_dollars': '0.000000', 'no_price_dollars': '0.1200', 'order_id': '47782edc-de56-4943-a654-696d0ead96bd', 'outcome_side': 'yes', 'remaining_count_fp': '4.00', 'side': 'yes', 'status': 'resting', 'subaccount_number': 0, 'taker_fees_dollars': '0.000000', 'taker_fill_cost_dollars': '0.000000', 'ticker': 'KXTSAW-26MAY31-A2.55', 'type': 'limit', 'user_id': '6db6972a-11ba-4203-a80d-b435f9c20a3f', 'yes_price_dollars': '0.8800'}}",yes,0.9902198760715982,0.955,,
passive_limit,0.05,KXTSAW-26MAY31-A2.60,0.13413780848094312,0.59,26,0,26,False,"{'order': {'action': 'buy', 'book_side': 'ask', 'client_order_id': '93430546-72d6-4343-9e2e-28b63c2d966d', 'created_time': '2026-05-27T19:16:50.350597Z', 'expiration_time': '2026-05-27T23:59:00Z', 'fill_count_fp': '0.00', 'initial_count_fp': '26.00', 'last_update_time': '2026-05-27T19:16:50.350597Z', 'maker_fees_dollars': '0.000000', 'maker_fill_cost_dollars': '0.000000', 'no_price_dollars': '0.1300', 'order_id': '0e621808-f389-4edb-8dad-812f32af2578', 'outcome_side': 'no', 'remaining_count_fp': '26.00', 'side': 'no', 'status': 'resting', 'subaccount_number': 0, 'taker_fees_dollars': '0.000000', 'taker_fill_cost_dollars': '0.000000', 'ticker': 'KXTSAW-26MAY31-A2.60', 'type': 'limit', 'user_id': '6db6972a-11ba-4203-a80d-b435f9c20a3f', 'yes_price_dollars': '0.8700'}}",no,0.18682056465056196,0.5700000000000001,,
passive_limit,0.1,KXTSAW-26MAY31-A2.60,0.08950573675315665,0.59,78,26,52,False,"{'order': {'action': 'buy', 'book_side': 'ask', 'client_order_id': '770565d6-20da-47c5-8cc3-370e2b284419', 'created_time': '2026-05-27T19:16:50.583866Z', 'expiration_time': '2026-05-27T23:59:00Z', 'fill_count_fp': '0.00', 'initial_count_fp': '52.00', 'last_update_time': '2026-05-27T19:16:50.583866Z', 'maker_fees_dollars': '0.000000', 'maker_fill_cost_dollars': '0.000000', 'no_price_dollars': '0.0900', 'order_id': '9d48c9e5-cfdc-4c9d-978a-16a6286bc4cf', 'outcome_side': 'no', 'remaining_count_fp': '52.00', 'side': 'no', 'status': 'resting', 'subaccount_number': 0, 'taker_fees_dollars': '0.000000', 'taker_fill_cost_dollars': '0.000000', 'ticker': 'KXTSAW-26MAY31-A2.60', 'type': 'limit', 'user_id': '6db6972a-11ba-4203-a80d-b435f9c20a3f', 'yes_price_dollars': '0.9100'}}",no,0.18682056465056196,0.5700000000000001,,
aggressive_buy,0.15,KXTSAW-26MAY31-A2.65,0.06,,175,132,43,False,"{'order': {'action': 'buy', 'book_side': 'bid', 'client_order_id': 'ed392a3d-91ae-4817-82ac-e691fe2b4a3a', 'created_time': '2026-05-27T19:16:51.744155Z', 'expiration_time': '2026-05-27T23:59:00Z', 'fill_count_fp': '43.00', 'initial_count_fp': '43.00', 'last_update_time': '2026-05-27T19:16:51.744155Z', 'maker_fees_dollars': '0.000000', 'maker_fill_cost_dollars': '0.000000', 'no_price_dollars': '0.9400', 'order_id': 'bbd12370-8e6d-42b4-9f98-88b2b47d3c4b', 'outcome_side': 'yes', 'remaining_count_fp': '0.00', 'side': 'yes', 'status': 'executed', 'subaccount_number': 0, 'taker_fees_dollars': '0.090000', 'taker_fill_cost_dollars': '1.290000', 'ticker': 'KXTSAW-26MAY31-A2.65', 'type': 'limit', 'user_id': '6db6972a-11ba-4203-a80d-b435f9c20a3f', 'yes_price_dollars': '0.0600'}}",yes,0.2893342606197335,0.025,0.15145028328231902,331.0
aggressive_buy,0.2,KXTSAW-26MAY31-A2.65,0.06,,234,175,59,False,"{'order': {'action': 'buy', 'book_side': 'bid', 'client_order_id': '971b3bc8-4ac9-44b8-a7c4-4126429049c5', 'created_time': '2026-05-27T19:16:51.932142Z', 'expiration_time': '2026-05-27T23:59:00Z', 'fill_count_fp': '59.00', 'initial_count_fp': '59.00', 'last_update_time': '2026-05-27T19:16:51.932142Z', 'maker_fees_dollars': '0.000000', 'maker_fill_cost_dollars': '0.000000', 'no_price_dollars': '0.9400', 'order_id': '5d670f49-f1f0-42ff-a957-fa63ecb0f114', 'outcome_side': 'yes', 'remaining_count_fp': '0.00', 'side': 'yes', 'status': 'executed', 'subaccount_number': 0, 'taker_fees_dollars': '0.130000', 'taker_fill_cost_dollars': '1.770000', 'ticker': 'KXTSAW-26MAY31-A2.65', 'type': 'limit', 'user_id': '6db6972a-11ba-4203-a80d-b435f9c20a3f', 'yes_price_dollars': '0.0600'}}",yes,0.2893342606197335,0.025,0.1026830581836017,288.0
passive_limit,0.05,KXTSAW-26MAY31-A2.65,0.6477115091963396,0.98,5,0,5,False,"{'order': {'action': 'buy', 'book_side': 'ask', 'client_order_id': '01191288-2018-4698-8f46-b149a4aa59b2', 'created_time': '2026-05-27T19:16:52.347719Z', 'expiration_time': '2026-05-27T23:59:00Z', 'fill_count_fp': '0.00', 'initial_count_fp': '5.00', 'last_update_time': '2026-05-27T19:16:52.347719Z', 'maker_fees_dollars': '0.000000', 'maker_fill_cost_dollars': '0.000000', 'no_price_dollars': '0.6500', 'order_id': '93b815e5-e6f5-4eaf-8e55-1beb21892fe4', 'outcome_side': 'no', 'remaining_count_fp': '5.00', 'side': 'no', 'status': 'resting', 'subaccount_number': 0, 'taker_fees_dollars': '0.000000', 'taker_fill_cost_dollars': '0.000000', 'ticker': 'KXTSAW-26MAY31-A2.65', 'type': 'limit', 'user_id': '6db6972a-11ba-4203-a80d-b435f9c20a3f', 'yes_price_dollars': '0.3500'}}",no,0.7106657393802664,0.975,,
passive_limit,0.1,KXTSAW-26MAY31-A2.65,0.6295523086394499,0.98,11,5,6,False,"{'order': {'action': 'buy', 'book_side': 'ask', 'client_order_id': 'a7b02aa8-ed8c-4543-b917-85fb46096c8d', 'created_time': '2026-05-27T19:16:52.540753Z', 'expiration_time': '2026-05-27T23:59:00Z', 'fill_count_fp': '0.00', 'initial_count_fp': '6.00', 'last_update_time': '2026-05-27T19:16:52.540753Z', 'maker_fees_dollars': '0.000000', 'maker_fill_cost_dollars': '0.000000', 'no_price_dollars': '0.6300', 'order_id': '4ac8ae0d-8d5f-49f0-84a2-fb1fcaf08a13', 'outcome_side': 'no', 'remaining_count_fp': '6.00', 'side': 'no', 'status': 'resting', 'subaccount_number': 0, 'taker_fees_dollars': '0.000000', 'taker_fill_cost_dollars': '0.000000', 'ticker': 'KXTSAW-26MAY31-A2.65', 'type': 'limit', 'user_id': '6db6972a-11ba-4203-a80d-b435f9c20a3f', 'yes_price_dollars': '0.3700'}}",no,0.7106657393802664,0.975,,
passive_limit,0.15,KXTSAW-26MAY31-A2.65,0.6094192819350722,0.98,17,11,6,False,"{'order': {'action': 'buy', 'book_side': 'ask', 'client_order_id': 'a841d33e-1745-48ba-8497-56c776ee70e9', 'created_time': '2026-05-27T19:16:52.723646Z', 'expiration_time': '2026-05-27T23:59:00Z', 'fill_count_fp': '0.00', 'initial_count_fp': '6.00', 'last_update_time': '2026-05-27T19:16:52.723646Z', 'maker_fees_dollars': '0.000000', 'maker_fill_cost_dollars': '0.000000', 'no_price_dollars': '0.6100', 'order_id': 'fd8d47fa-d6d2-469c-bb28-5800224d9cbb', 'outcome_side': 'no', 'remaining_count_fp': '6.00', 'side': 'no', 'status': 'resting', 'subaccount_number': 0, 'taker_fees_dollars': '0.000000', 'taker_fill_cost_dollars': '0.000000', 'ticker': 'KXTSAW-26MAY31-A2.65', 'type': 'limit', 'user_id': '6db6972a-11ba-4203-a80d-b435f9c20a3f', 'yes_price_dollars': '0.3900'}}",no,0.7106657393802664,0.975,,
passive_limit,0.2,KXTSAW-26MAY31-A2.65,0.5869721142301912,0.98,24,17,7,False,"{'order': {'action': 'buy', 'book_side': 'ask', 'client_order_id': 'ea74181a-da3a-4287-bf8e-c73830c32da7', 'created_time': '2026-05-27T19:16:52.901836Z', 'expiration_time': '2026-05-27T23:59:00Z', 'fill_count_fp': '0.00', 'initial_count_fp': '7.00', 'last_update_time': '2026-05-27T19:16:52.901836Z', 'maker_fees_dollars': '0.000000', 'maker_fill_cost_dollars': '0.000000', 'no_price_dollars': '0.5900', 'order_id': '9d18b4c5-334c-464b-9eba-ca64ec2b847f', 'outcome_side': 'no', 'remaining_count_fp': '7.00', 'side': 'no', 'status': 'resting', 'subaccount_number': 0, 'taker_fees_dollars': '0.000000', 'taker_fill_cost_dollars': '0.000000', 'ticker': 'KXTSAW-26MAY31-A2.65', 'type': 'limit', 'user_id': '6db6972a-11ba-4203-a80d-b435f9c20a3f', 'yes_price_dollars': '0.4100'}}",no,0.7106657393802664,0.975,,
passive_limit,0.25,KXTSAW-26MAY31-A2.65,0.5617874870491054,0.98,32,24,8,False,"{'order': {'action': 'buy', 'book_side': 'ask', 'client_order_id': '88435896-a31d-4843-bfca-ffa18bc5b0c1', 'created_time': '2026-05-27T19:16:53.081035Z', 'expiration_time': '2026-05-27T23:59:00Z', 'fill_count_fp': '0.00', 'initial_count_fp': '8.00', 'last_update_time': '2026-05-27T19:16:53.081035Z', 'maker_fees_dollars': '0.000000', 'maker_fill_cost_dollars': '0.000000', 'no_price_dollars': '0.5600', 'order_id': 'afc1fea6-a29e-40e6-b86d-cb2009112885', 'outcome_side': 'no', 'remaining_count_fp': '8.00', 'side': 'no', 'status': 'resting', 'subaccount_number': 0, 'taker_fees_dollars': '0.000000', 'taker_fill_cost_dollars': '0.000000', 'ticker': 'KXTSAW-26MAY31-A2.65', 'type': 'limit', 'user_id': '6db6972a-11ba-4203-a80d-b435f9c20a3f', 'yes_price_dollars': '0.4400'}}",no,0.7106657393802664,0.975,,
passive_limit,0.3,KXTSAW-26MAY31-A2.65,0.5333321290652812,0.98,40,32,8,False,"{'order': {'action': 'buy', 'book_side': 'ask', 'client_order_id': 'ec7e11a2-2e57-45fe-b244-115896f43abc', 'created_time': '2026-05-27T19:16:53.264973Z', 'expiration_time': '2026-05-27T23:59:00Z', 'fill_count_fp': '0.00', 'initial_count_fp': '8.00', 'last_update_time': '2026-05-27T19:16:53.264973Z', 'maker_fees_dollars': '0.000000', 'maker_fill_cost_dollars': '0.000000', 'no_price_dollars': '0.5300', 'order_id': '5841e416-0de1-465e-b288-b2e2061143dc', 'outcome_side': 'no', 'remaining_count_fp': '8.00', 'side': 'no', 'status': 'resting', 'subaccount_number': 0, 'taker_fees_dollars': '0.000000', 'taker_fill_cost_dollars': '0.000000', 'ticker': 'KXTSAW-26MAY31-A2.65', 'type': 'limit', 'user_id': '6db6972a-11ba-4203-a80d-b435f9c20a3f', 'yes_price_dollars': '0.4700'}}",no,0.7106657393802664,0.975,,
passive_limit,0.35,KXTSAW-26MAY31-A2.65,0.5009246380281478,0.98,50,40,10,False,"{'order': {'action': 'buy', 'book_side': 'ask', 'client_order_id': 'b14d05e7-efd6-4c0d-9e21-c43ef4333c47', 'created_time': '2026-05-27T19:16:53.464844Z', 'expiration_time': '2026-05-27T23:59:00Z', 'fill_count_fp': '0.00', 'initial_count_fp': '10.00', 'last_update_time': '2026-05-27T19:16:53.464844Z', 'maker_fees_dollars': '0.000000', 'maker_fill_cost_dollars': '0.000000', 'no_price_dollars': '0.5000', 'order_id': '11dad91b-ec19-4944-8cdf-b7ea2a894ba5', 'outcome_side': 'no', 'remaining_count_fp': '10.00', 'side': 'no', 'status': 'resting', 'subaccount_number': 0, 'taker_fees_dollars': '0.000000', 'taker_fill_cost_dollars': '0.000000', 'ticker': 'KXTSAW-26MAY31-A2.65', 'type': 'limit', 'user_id': '6db6972a-11ba-4203-a80d-b435f9c20a3f', 'yes_price_dollars': '0.5000'}}",no,0.7106657393802664,0.975,,
passive_limit,0.4,KXTSAW-26MAY31-A2.65,0.46368020803024834,0.98,62,50,12,False,"{'order': {'action': 'buy', 'book_side': 'ask', 'client_order_id': '1d56dcc6-95d4-4f09-a786-7e5c217951d5', 'created_time': '2026-05-27T19:16:53.642124Z', 'expiration_time': '2026-05-27T23:59:00Z', 'fill_count_fp': '0.00', 'initial_count_fp': '12.00', 'last_update_time': '2026-05-27T19:16:53.642124Z', 'maker_fees_dollars': '0.000000', 'maker_fill_cost_dollars': '0.000000', 'no_price_dollars': '0.4600', 'order_id': '89de39ac-5e0e-46d5-af80-d1fb8ffb8b18', 'outcome_side': 'no', 'remaining_count_fp': '12.00', 'side': 'no', 'status': 'resting', 'subaccount_number': 0, 'taker_fees_dollars': '0.000000', 'taker_fill_cost_dollars': '0.000000', 'ticker': 'KXTSAW-26MAY31-A2.65', 'type': 'limit', 'user_id': '6db6972a-11ba-4203-a80d-b435f9c20a3f', 'yes_price_dollars': '0.5400'}}",no,0.7106657393802664,0.975,,
passive_limit,0.05,KXTSAW-26MAY31-A2.70,0.9090862230580977,,4,0,4,False,"{'order': {'action': 'buy', 'book_side': 'ask', 'client_order_id': 'd2a02d17-adc0-4ad6-84d1-5def66a7d6e9', 'created_time': '2026-05-27T19:16:55.083955Z', 'expiration_time': '2026-05-27T23:59:00Z', 'fill_count_fp': '0.00', 'initial_count_fp': '4.00', 'last_update_time': '2026-05-27T19:16:55.083955Z', 'maker_fees_dollars': '0.000000', 'maker_fill_cost_dollars': '0.000000', 'no_price_dollars': '0.9100', 'order_id': 'ea75cfab-6e15-4529-afdd-1e3415759b2b', 'outcome_side': 'no', 'remaining_count_fp': '4.00', 'side': 'no', 'status': 'resting', 'subaccount_number': 0, 'taker_fees_dollars': '0.000000', 'taker_fill_cost_dollars': '0.000000', 'ticker': 'KXTSAW-26MAY31-A2.70', 'type': 'limit', 'user_id': '6db6972a-11ba-4203-a80d-b435f9c20a3f', 'yes_price_dollars': '0.0900'}}",no,0.9772679475192597,0.98,,
passive_limit,0.1,KXTSAW-26MAY31-A2.70,0.904399945896144,,8,4,4,False,"{'order': {'action': 'buy', 'book_side': 'ask', 'client_order_id': '30918b48-a46a-4697-b87c-b46e48d6d1fe', 'created_time': '2026-05-27T19:16:55.269596Z', 'expiration_time': '2026-05-27T23:59:00Z', 'fill_count_fp': '0.00', 'initial_count_fp': '4.00', 'last_update_time': '2026-05-27T19:16:55.269596Z', 'maker_fees_dollars': '0.000000', 'maker_fill_cost_dollars': '0.000000', 'no_price_dollars': '0.9000', 'order_id': '51d49800-1e30-4663-aca8-51f92f23dc0b', 'outcome_side': 'no', 'remaining_count_fp': '4.00', 'side': 'no', 'status': 'resting', 'subaccount_number': 0, 'taker_fees_dollars': '0.000000', 'taker_fill_cost_dollars': '0.000000', 'ticker': 'KXTSAW-26MAY31-A2.70', 'type': 'limit', 'user_id': '6db6972a-11ba-4203-a80d-b435f9c20a3f', 'yes_price_dollars': '0.1000'}}",no,0.9772679475192597,0.98,,
passive_limit,0.15,KXTSAW-26MAY31-A2.70,0.899204290781804,,12,8,4,False,"{'order': {'action': 'buy', 'book_side': 'ask', 'client_order_id': '657e9a14-3910-4766-a615-d438197eb05f', 'created_time': '2026-05-27T19:16:55.462029Z', 'expiration_time': '2026-05-27T23:59:00Z', 'fill_count_fp': '0.00', 'initial_count_fp': '4.00', 'last_update_time': '2026-05-27T19:16:55.462029Z', 'maker_fees_dollars': '0.000000', 'maker_fill_cost_dollars': '0.000000', 'no_price_dollars': '0.9000', 'order_id': '5d2ee8f6-31ab-40fd-aceb-cb8c8cc45174', 'outcome_side': 'no', 'remaining_count_fp': '4.00', 'side': 'no', 'status': 'resting', 'subaccount_number': 0, 'taker_fees_dollars': '0.000000', 'taker_fill_cost_dollars': '0.000000', 'ticker': 'KXTSAW-26MAY31-A2.70', 'type': 'limit', 'user_id': '6db6972a-11ba-4203-a80d-b435f9c20a3f', 'yes_price_dollars': '0.1000'}}",no,0.9772679475192597,0.98,,
passive_limit,0.2,KXTSAW-26MAY31-A2.70,0.8934114339301834,,16,12,4,False,"{'order': {'action': 'buy', 'book_side': 'ask', 'client_order_id': '7eb088de-9afc-4e9e-93c2-c45d0fd87c8d', 'created_time': '2026-05-27T19:16:55.687562Z', 'expiration_time': '2026-05-27T23:59:00Z', 'fill_count_fp': '0.00', 'initial_count_fp': '4.00', 'last_update_time': '2026-05-27T19:16:55.687562Z', 'maker_fees_dollars': '0.000000', 'maker_fill_cost_dollars': '0.000000', 'no_price_dollars': '0.8900', 'order_id': 'b348dde1-a698-4ed4-90e9-8125a38e0fac', 'outcome_side': 'no', 'remaining_count_fp': '4.00', 'side': 'no', 'status': 'resting', 'subaccount_number': 0, 'taker_fees_dollars': '0.000000', 'taker_fill_cost_dollars': '0.000000', 'ticker': 'KXTSAW-26MAY31-A2.70', 'type': 'limit', 'user_id': '6db6972a-11ba-4203-a80d-b435f9c20a3f', 'yes_price_dollars': '0.1100'}}",no,0.9772679475192597,0.98,,
passive_limit,0.25,KXTSAW-26MAY31-A2.70,0.8869121311210484,,20,16,4,False,"{'order': {'action': 'buy', 'book_side': 'ask', 'client_order_id': '247d19e9-e31d-417d-9b53-8bc3804e7134', 'created_time': '2026-05-27T19:16:55.888694Z', 'expiration_time': '2026-05-27T23:59:00Z', 'fill_count_fp': '0.00', 'initial_count_fp': '4.00', 'last_update_time': '2026-05-27T19:16:55.888694Z', 'maker_fees_dollars': '0.000000', 'maker_fill_cost_dollars': '0.000000', 'no_price_dollars': '0.8900', 'order_id': '4e7566eb-5d45-4bf5-92b8-a107cf8c55de', 'outcome_side': 'no', 'remaining_count_fp': '4.00', 'side': 'no', 'status': 'resting', 'subaccount_number': 0, 'taker_fees_dollars': '0.000000', 'taker_fill_cost_dollars': '0.000000', 'ticker': 'KXTSAW-26MAY31-A2.70', 'type': 'limit', 'user_id': '6db6972a-11ba-4203-a80d-b435f9c20a3f', 'yes_price_dollars': '0.1100'}}",no,0.9772679475192597,0.98,,
passive_limit,0.3,KXTSAW-26MAY31-A2.70,0.8795687630120257,,25,20,5,False,"{'order': {'action': 'buy', 'book_side': 'ask', 'client_order_id': '64ec34fe-d30b-41d9-8376-fbbe2c26bcf1', 'created_time': '2026-05-27T19:16:56.132882Z', 'expiration_time': '2026-05-27T23:59:00Z', 'fill_count_fp': '0.00', 'initial_count_fp': '5.00', 'last_update_time': '2026-05-27T19:16:56.132882Z', 'maker_fees_dollars': '0.000000', 'maker_fill_cost_dollars': '0.000000', 'no_price_dollars': '0.8800', 'order_id': '1c969f4f-cb9a-465c-b6de-e61491869d2f', 'outcome_side': 'no', 'remaining_count_fp': '5.00', 'side': 'no', 'status': 'resting', 'subaccount_number': 0, 'taker_fees_dollars': '0.000000', 'taker_fill_cost_dollars': '0.000000', 'ticker': 'KXTSAW-26MAY31-A2.70', 'type': 'limit', 'user_id': '6db6972a-11ba-4203-a80d-b435f9c20a3f', 'yes_price_dollars': '0.1200'}}",no,0.9772679475192597,0.98,,
passive_limit,0.35,KXTSAW-26MAY31-A2.70,0.8712054826656385,,29,25,4,False,"{'order': {'action': 'buy', 'book_side': 'ask', 'client_order_id': '810bc4b7-8307-42c3-942a-0f03651f0081', 'created_time': '2026-05-27T19:16:56.321774Z', 'expiration_time': '2026-05-27T23:59:00Z', 'fill_count_fp': '0.00', 'initial_count_fp': '4.00', 'last_update_time': '2026-05-27T19:16:56.321774Z', 'maker_fees_dollars': '0.000000', 'maker_fill_cost_dollars': '0.000000', 'no_price_dollars': '0.8700', 'order_id': '11815cc1-160b-400d-a82d-6d1e16ee8aa3', 'outcome_side': 'no', 'remaining_count_fp': '4.00', 'side': 'no', 'status': 'resting', 'subaccount_number': 0, 'taker_fees_dollars': '0.000000', 'taker_fill_cost_dollars': '0.000000', 'ticker': 'KXTSAW-26MAY31-A2.70', 'type': 'limit', 'user_id': '6db6972a-11ba-4203-a80d-b435f9c20a3f', 'yes_price_dollars': '0.1300'}}",no,0.9772679475192597,0.98,,
passive_limit,0.4,KXTSAW-26MAY31-A2.70,0.861593951521283,,34,29,5,False,"{'order': {'action': 'buy', 'book_side': 'ask', 'client_order_id': 'f116f7f5-dc37-46b4-b1d4-2cecbf6ce090', 'created_time': '2026-05-27T19:16:56.492803Z', 'expiration_time': '2026-05-27T23:59:00Z', 'fill_count_fp': '0.00', 'initial_count_fp': '5.00', 'last_update_time': '2026-05-27T19:16:56.492803Z', 'maker_fees_dollars': '0.000000', 'maker_fill_cost_dollars': '0.000000', 'no_price_dollars': '0.8600', 'order_id': '2a311953-7860-40d1-8808-18e513071cc7', 'outcome_side': 'no', 'remaining_count_fp': '5.00', 'side': 'no', 'status': 'resting', 'subaccount_number': 0, 'taker_fees_dollars': '0.000000', 'taker_fill_cost_dollars': '0.000000', 'ticker': 'KXTSAW-26MAY31-A2.70', 'type': 'limit', 'user_id': '6db6972a-11ba-4203-a80d-b435f9c20a3f', 'yes_price_dollars': '0.1400'}}",no,0.9772679475192597,0.98,,
