snapshot_ts,ticker,event_ticker,strike_millions,yes_bid_cents,yes_ask_cents,no_bid_cents,no_ask_cents,yes_mid_cents,market_prob,model_prob,edge,volume,open_interest,spread
20260619_140827,KXTSAW-26JUN21-A1.80,KXTSAW-26JUN21,1.8,90.0,,,,90.0,0.9,,,0.0,0.0,0.0
20260619_140827,KXTSAW-26JUN21-A1.85,KXTSAW-26JUN21,1.85,91.0,99.0,,,95.0,0.95,,,0.0,0.0,8.0
20260619_140827,KXTSAW-26JUN21-A1.90,KXTSAW-26JUN21,1.9,91.0,99.0,,,95.0,0.95,,,0.0,0.0,8.0
20260619_140827,KXTSAW-26JUN21-A1.95,KXTSAW-26JUN21,1.95,91.0,99.0,,,95.0,0.95,,,0.0,0.0,8.0
20260619_140827,KXTSAW-26JUN21-A2.00,KXTSAW-26JUN21,2.0,91.0,99.0,,,95.0,0.95,,,0.0,0.0,8.0
20260619_140827,KXTSAW-26JUN21-A2.05,KXTSAW-26JUN21,2.05,91.0,99.0,,,95.0,0.95,,,0.0,0.0,8.0
20260619_140827,KXTSAW-26JUN21-A2.10,KXTSAW-26JUN21,2.1,91.0,99.0,,,95.0,0.95,,,0.0,0.0,8.0
20260619_140827,KXTSAW-26JUN21-A2.15,KXTSAW-26JUN21,2.15,91.0,99.0,,,95.0,0.95,,,0.0,0.0,8.0
20260619_140827,KXTSAW-26JUN21-A2.20,KXTSAW-26JUN21,2.2,91.0,99.0,,,95.0,0.95,,,0.0,0.0,8.0
20260619_140827,KXTSAW-26JUN21-A2.25,KXTSAW-26JUN21,2.25,91.0,99.0,,,95.0,0.95,,,0.0,0.0,8.0
20260619_140827,KXTSAW-26JUN21-A2.30,KXTSAW-26JUN21,2.3,91.0,99.0,,,95.0,0.95,,,0.0,0.0,8.0
20260619_140827,KXTSAW-26JUN21-A2.35,KXTSAW-26JUN21,2.35,91.0,99.0,,,95.0,0.95,,,0.0,0.0,8.0
20260619_140827,KXTSAW-26JUN21-A2.40,KXTSAW-26JUN21,2.4,91.0,99.0,,,95.0,0.95,,,0.0,0.0,8.0
20260619_140827,KXTSAW-26JUN21-A2.45,KXTSAW-26JUN21,2.45,91.0,99.0,,,95.0,0.95,,,0.0,0.0,8.0
20260619_140827,KXTSAW-26JUN21-A2.50,KXTSAW-26JUN21,2.5,91.0,99.0,,,95.0,0.95,,,0.0,0.0,8.0
20260619_140827,KXTSAW-26JUN21-A2.55,KXTSAW-26JUN21,2.55,95.0,99.0,,,97.0,0.97,1.0,0.030000000000000027,0.0,0.0,4.0
20260619_140827,KXTSAW-26JUN21-A2.60,KXTSAW-26JUN21,2.6,98.0,99.0,,,98.5,0.985,1.0,0.015000000000000013,0.0,0.0,1.0
20260619_140827,KXTSAW-26JUN21-A2.65,KXTSAW-26JUN21,2.65,98.0,99.0,,,98.5,0.985,1.0,0.015000000000000013,0.0,0.0,1.0
20260619_140827,KXTSAW-26JUN21-A2.70,KXTSAW-26JUN21,2.7,98.0,,,,98.0,0.98,0.999999994838683,0.019999994838682977,0.0,0.0,0.0
20260619_140827,KXTSAW-26JUN21-A2.75,KXTSAW-26JUN21,2.75,91.0,96.0,,,93.5,0.935,0.9759112229501108,0.04091122295011074,0.0,0.0,5.0
20260619_140827,KXTSAW-26JUN21-A2.80,KXTSAW-26JUN21,2.8,15.0,19.0,,,17.0,0.17,0.0380528456005638,-0.13194715439943622,0.0,0.0,4.0
