ticker,strike_millions,yes_bid_cents,yes_ask_cents,yes_mid_cents,market_prob,model_prob,edge,volume,open_interest
KXTRUFTSA-26JUL31-T2160000,2.16,97.0,,97.0,0.97,1.0,0.030000000000000027,0.0,0.0
KXTRUFTSA-26JUL31-T2260000,2.26,97.0,99.0,98.0,0.98,0.9999999999606952,0.019999999960695236,0.0,0.0
KXTRUFTSA-26JUL31-T2360000,2.36,96.0,99.0,97.5,0.975,0.9999786247309168,0.024978624730916832,0.0,0.0
KXTRUFTSA-26JUL31-T2460000,2.46,96.0,99.0,97.5,0.975,0.9536126540991012,-0.021387345900898747,0.0,0.0
KXTRUFTSA-26JUL31-T2560000,2.56,96.0,99.0,97.5,0.975,0.2326309815703195,-0.7423690184296805,0.0,0.0
KXTRUFTSA-26JUL31-T2660000,2.66,95.0,99.0,97.0,0.97,0.0008408289805681,-0.9691591710194318,0.0,0.0
KXTRUFTSA-26JUL31-T2760000,2.76,91.0,98.0,94.5,0.945,1.4079983956527542e-08,-0.944999985920016,0.0,0.0
KXTRUFTSA-26JUL31-T2860000,2.86,71.0,78.0,74.5,0.745,8.881784197001252e-16,-0.7449999999999991,0.0,0.0
KXTRUFTSA-26JUL31-T2960000,2.96,31.0,38.0,34.5,0.345,0.0,-0.345,0.0,0.0
KXTRUFTSA-26JUL31-T3060000,3.06,11.0,18.0,14.5,0.145,0.0,-0.145,0.0,0.0
KXTRUFTSA-26JUL31-T3160000,3.16,,5.0,5.0,0.05,0.0,-0.05,0.0,0.0
KXTRUFTSA-26JUL31-T3260000,3.26,,5.0,5.0,0.05,0.0,-0.05,0.0,0.0
KXTRUFTSA-26JUL31-T3360000,3.36,,5.0,5.0,0.05,0.0,-0.05,0.0,0.0
KXTRUFTSA-26JUL31-T3460000,3.46,,4.0,4.0,0.04,0.0,-0.04,0.0,0.0
KXTRUFTSA-26JUL31-T3560000,3.56,,4.0,4.0,0.04,0.0,-0.04,0.0,0.0
